Domain Code,Domain,Area Code (M49),Area,Element Code,Element,Item Code (SDG),Item,Year Code,Year,Unit,Value,Flag,Flag Description,Note
"SDGB","SDG Indicators","204","Benin","6121","Value","SP_LGL_LNDAGSEC-_T","5.a.1 Proportion of people with ownership or secure rights over agricultural land, by sex (both sexes or no breakdown by sex)","2018","2018","%","","O","Missing value","Not Available | NA | NaN = A figure was not provided"
"SDGB","SDG Indicators","204","Benin","6121","Value","SP_LGL_LNDAGSEC-_T","5.a.1 Proportion of people with ownership or secure rights over agricultural land, by sex (both sexes or no breakdown by sex)","2019","2019","%","26.9","E","Estimated value","Estimated | Enqu+¬te Harmonis+¬e sur les conditions de vie des m+¬nages (WAEMU) | Self-reported ownership is used for the estimates"
"SDGB","SDG Indicators","204","Benin","6121","Value","SP_LGL_LNDAGSEC-_T","5.a.1 Proportion of people with ownership or secure rights over agricultural land, by sex (both sexes or no breakdown by sex)","2020","2020","%","","O","Missing value","Not Available | NA | NaN = A figure was not provided"
"SDGB","SDG Indicators","204","Benin","6121","Value","SP_LGL_LNDAGSEC-_T","5.a.1 Proportion of people with ownership or secure rights over agricultural land, by sex (both sexes or no breakdown by sex)","2021","2021","%","","O","Missing value","Not Available | NA | NaN = A figure was not provided"
"SDGB","SDG Indicators","204","Benin","6121","Value","SP_LGL_LNDAGSEC-_T","5.a.1 Proportion of people with ownership or secure rights over agricultural land, by sex (both sexes or no breakdown by sex)","2022","2022","%","20.8","E","Estimated value","Estimated | Enqu+¬te Harmonis+¬e sur les conditions de vie des m+¬nages (WAEMU) | Self-reported ownership is used for the estimates"
"SDGB","SDG Indicators","204","Benin","6121","Value","SP_LGL_LNDAGSEC-_T","5.a.1 Proportion of people with ownership or secure rights over agricultural land, by sex (both sexes or no breakdown by sex)","2023","2023","%","","O","Missing value","Not Available | NA | NaN = A figure was not provided"
"SDGB","SDG Indicators","204","Benin","6121","Value","SP_LGL_LNDAGSEC-_T","5.a.1 Proportion of people with ownership or secure rights over agricultural land, by sex (both sexes or no breakdown by sex)","2024","2024","%","","O","Missing value","Not Available | NA | NaN = A figure was not provided"
"SDGB","SDG Indicators","204","Benin","6121","Value","SP_LGL_LNDAGSEC-F","5.a.1 Proportion of people with ownership or secure rights over agricultural land, by sex (female)","2018","2018","%","","O","Missing value","Not Available | NA | NaN = A figure was not provided"
"SDGB","SDG Indicators","204","Benin","6121","Value","SP_LGL_LNDAGSEC-F","5.a.1 Proportion of people with ownership or secure rights over agricultural land, by sex (female)","2019","2019","%","7.5","E","Estimated value","Estimated | Enqu+¬te Harmonis+¬e sur les conditions de vie des m+¬nages (WAEMU) | Self-reported ownership is used for the estimates"
"SDGB","SDG Indicators","204","Benin","6121","Value","SP_LGL_LNDAGSEC-F","5.a.1 Proportion of people with ownership or secure rights over agricultural land, by sex (female)","2020","2020","%","","O","Missing value","Not Available | NA | NaN = A figure was not provided"
"SDGB","SDG Indicators","204","Benin","6121","Value","SP_LGL_LNDAGSEC-F","5.a.1 Proportion of people with ownership or secure rights over agricultural land, by sex (female)","2021","2021","%","","O","Missing value","Not Available | NA | NaN = A figure was not provided"
"SDGB","SDG Indicators","204","Benin","6121","Value","SP_LGL_LNDAGSEC-F","5.a.1 Proportion of people with ownership or secure rights over agricultural land, by sex (female)","2022","2022","%","7.8","E","Estimated value","Estimated | Enqu+¬te Harmonis+¬e sur les conditions de vie des m+¬nages (WAEMU) | Self-reported ownership is used for the estimates"
"SDGB","SDG Indicators","204","Benin","6121","Value","SP_LGL_LNDAGSEC-F","5.a.1 Proportion of people with ownership or secure rights over agricultural land, by sex (female)","2023","2023","%","","O","Missing value","Not Available | NA | NaN = A figure was not provided"
"SDGB","SDG Indicators","204","Benin","6121","Value","SP_LGL_LNDAGSEC-F","5.a.1 Proportion of people with ownership or secure rights over agricultural land, by sex (female)","2024","2024","%","","O","Missing value","Not Available | NA | NaN = A figure was not provided"
"SDGB","SDG Indicators","204","Benin","6121","Value","SP_LGL_LNDAGSEC-M","5.a.1 Proportion of people with ownership or secure rights over agricultural land, by sex (male)","2018","2018","%","","O","Missing value","Not Available | NA | NaN = A figure was not provided"
"SDGB","SDG Indicators","204","Benin","6121","Value","SP_LGL_LNDAGSEC-M","5.a.1 Proportion of people with ownership or secure rights over agricultural land, by sex (male)","2019","2019","%","49.5","E","Estimated value","Estimated | Enqu+¬te Harmonis+¬e sur les conditions de vie des m+¬nages (WAEMU) | Self-reported ownership is used for the estimates"
"SDGB","SDG Indicators","204","Benin","6121","Value","SP_LGL_LNDAGSEC-M","5.a.1 Proportion of people with ownership or secure rights over agricultural land, by sex (male)","2020","2020","%","","O","Missing value","Not Available | NA | NaN = A figure was not provided"
"SDGB","SDG Indicators","204","Benin","6121","Value","SP_LGL_LNDAGSEC-M","5.a.1 Proportion of people with ownership or secure rights over agricultural land, by sex (male)","2021","2021","%","","O","Missing value","Not Available | NA | NaN = A figure was not provided"
"SDGB","SDG Indicators","204","Benin","6121","Value","SP_LGL_LNDAGSEC-M","5.a.1 Proportion of people with ownership or secure rights over agricultural land, by sex (male)","2022","2022","%","48.3","E","Estimated value","Estimated | Enqu+¬te Harmonis+¬e sur les conditions de vie des m+¬nages (WAEMU) | Self-reported ownership is used for the estimates"
"SDGB","SDG Indicators","204","Benin","6121","Value","SP_LGL_LNDAGSEC-M","5.a.1 Proportion of people with ownership or secure rights over agricultural land, by sex (male)","2023","2023","%","","O","Missing value","Not Available | NA | NaN = A figure was not provided"
"SDGB","SDG Indicators","204","Benin","6121","Value","SP_LGL_LNDAGSEC-M","5.a.1 Proportion of people with ownership or secure rights over agricultural land, by sex (male)","2024","2024","%","","O","Missing value","Not Available | NA | NaN = A figure was not provided"
"SDGB","SDG Indicators","854","Burkina Faso","6121","Value","SP_LGL_LNDAGSEC-_T","5.a.1 Proportion of people with ownership or secure rights over agricultural land, by sex (both sexes or no breakdown by sex)","2018","2018","%","","O","Missing value","Not Available | NA | NaN = A figure was not provided"
"SDGB","SDG Indicators","854","Burkina Faso","6121","Value","SP_LGL_LNDAGSEC-_T","5.a.1 Proportion of people with ownership or secure rights over agricultural land, by sex (both sexes or no breakdown by sex)","2019","2019","%","27.2","E","Estimated value","Estimated | Enqu+¬te Harmonis+¬e sur les conditions de vie des m+¬nages (WAEMU) | Self-reported ownership is used for the estimates"
"SDGB","SDG Indicators","854","Burkina Faso","6121","Value","SP_LGL_LNDAGSEC-_T","5.a.1 Proportion of people with ownership or secure rights over agricultural land, by sex (both sexes or no breakdown by sex)","2020","2020","%","","O","Missing value","Not Available | NA | NaN = A figure was not provided"
"SDGB","SDG Indicators","854","Burkina Faso","6121","Value","SP_LGL_LNDAGSEC-_T","5.a.1 Proportion of people with ownership or secure rights over agricultural land, by sex (both sexes or no breakdown by sex)","2021","2021","%","","O","Missing value","Not Available | NA | NaN = A figure was not provided"
"SDGB","SDG Indicators","854","Burkina Faso","6121","Value","SP_LGL_LNDAGSEC-_T","5.a.1 Proportion of people with ownership or secure rights over agricultural land, by sex (both sexes or no breakdown by sex)","2022","2022","%","","O","Missing value","Not Available | NA | NaN = A figure was not provided"
"SDGB","SDG Indicators","854","Burkina Faso","6121","Value","SP_LGL_LNDAGSEC-_T","5.a.1 Proportion of people with ownership or secure rights over agricultural land, by sex (both sexes or no breakdown by sex)","2023","2023","%","","O","Missing value","Not Available | NA | NaN = A figure was not provided"
"SDGB","SDG Indicators","854","Burkina Faso","6121","Value","SP_LGL_LNDAGSEC-_T","5.a.1 Proportion of people with ownership or secure rights over agricultural land, by sex (both sexes or no breakdown by sex)","2024","2024","%","","O","Missing value","Not Available | NA | NaN = A figure was not provided"
"SDGB","SDG Indicators","854","Burkina Faso","6121","Value","SP_LGL_LNDAGSEC-F","5.a.1 Proportion of people with ownership or secure rights over agricultural land, by sex (female)","2018","2018","%","","O","Missing value","Not Available | NA | NaN = A figure was not provided"
"SDGB","SDG Indicators","854","Burkina Faso","6121","Value","SP_LGL_LNDAGSEC-F","5.a.1 Proportion of people with ownership or secure rights over agricultural land, by sex (female)","2019","2019","%","8.5","E","Estimated value","Estimated | Enqu+¬te Harmonis+¬e sur les conditions de vie des m+¬nages (WAEMU) | Self-reported ownership is used for the estimates"
"SDGB","SDG Indicators","854","Burkina Faso","6121","Value","SP_LGL_LNDAGSEC-F","5.a.1 Proportion of people with ownership or secure rights over agricultural land, by sex (female)","2020","2020","%","","O","Missing value","Not Available | NA | NaN = A figure was not provided"
"SDGB","SDG Indicators","854","Burkina Faso","6121","Value","SP_LGL_LNDAGSEC-F","5.a.1 Proportion of people with ownership or secure rights over agricultural land, by sex (female)","2021","2021","%","","O","Missing value","Not Available | NA | NaN = A figure was not provided"
"SDGB","SDG Indicators","854","Burkina Faso","6121","Value","SP_LGL_LNDAGSEC-F","5.a.1 Proportion of people with ownership or secure rights over agricultural land, by sex (female)","2022","2022","%","","O","Missing value","Not Available | NA | NaN = A figure was not provided"
"SDGB","SDG Indicators","854","Burkina Faso","6121","Value","SP_LGL_LNDAGSEC-F","5.a.1 Proportion of people with ownership or secure rights over agricultural land, by sex (female)","2023","2023","%","","O","Missing value","Not Available | NA | NaN = A figure was not provided"
"SDGB","SDG Indicators","854","Burkina Faso","6121","Value","SP_LGL_LNDAGSEC-F","5.a.1 Proportion of people with ownership or secure rights over agricultural land, by sex (female)","2024","2024","%","","O","Missing value","Not Available | NA | NaN = A figure was not provided"
"SDGB","SDG Indicators","854","Burkina Faso","6121","Value","SP_LGL_LNDAGSEC-M","5.a.1 Proportion of people with ownership or secure rights over agricultural land, by sex (male)","2018","2018","%","","O","Missing value","Not Available | NA | NaN = A figure was not provided"
"SDGB","SDG Indicators","854","Burkina Faso","6121","Value","SP_LGL_LNDAGSEC-M","5.a.1 Proportion of people with ownership or secure rights over agricultural land, by sex (male)","2019","2019","%","50.8","E","Estimated value","Estimated | Enqu+¬te Harmonis+¬e sur les conditions de vie des m+¬nages (WAEMU) | Self-reported ownership is used for the estimates"
"SDGB","SDG Indicators","854","Burkina Faso","6121","Value","SP_LGL_LNDAGSEC-M","5.a.1 Proportion of people with ownership or secure rights over agricultural land, by sex (male)","2020","2020","%","","O","Missing value","Not Available | NA | NaN = A figure was not provided"
"SDGB","SDG Indicators","854","Burkina Faso","6121","Value","SP_LGL_LNDAGSEC-M","5.a.1 Proportion of people with ownership or secure rights over agricultural land, by sex (male)","2021","2021","%","","O","Missing value","Not Available | NA | NaN = A figure was not provided"
"SDGB","SDG Indicators","854","Burkina Faso","6121","Value","SP_LGL_LNDAGSEC-M","5.a.1 Proportion of people with ownership or secure rights over agricultural land, by sex (male)","2022","2022","%","","O","Missing value","Not Available | NA | NaN = A figure was not provided"
"SDGB","SDG Indicators","854","Burkina Faso","6121","Value","SP_LGL_LNDAGSEC-M","5.a.1 Proportion of people with ownership or secure rights over agricultural land, by sex (male)","2023","2023","%","","O","Missing value","Not Available | NA | NaN = A figure was not provided"
"SDGB","SDG Indicators","854","Burkina Faso","6121","Value","SP_LGL_LNDAGSEC-M","5.a.1 Proportion of people with ownership or secure rights over agricultural land, by sex (male)","2024","2024","%","","O","Missing value","Not Available | NA | NaN = A figure was not provided"
"SDGB","SDG Indicators","120","Cameroon","6121","Value","SP_LGL_LNDAGSEC-_T","5.a.1 Proportion of people with ownership or secure rights over agricultural land, by sex (both sexes or no breakdown by sex)","2018","2018","%","39.4","E","Estimated value","Estimated | Demographic and Health Survey | Agricultural households have at least one working-age adult self-employed in agriculture. An individual owns agricultural land if they're part of such a household and own land themselves or jointly with others. and if the household owns land used for agriculture"
"SDGB","SDG Indicators","120","Cameroon","6121","Value","SP_LGL_LNDAGSEC-_T","5.a.1 Proportion of people with ownership or secure rights over agricultural land, by sex (both sexes or no breakdown by sex)","2019","2019","%","","O","Missing value","Not Available | NA | NaN = A figure was not provided"
"SDGB","SDG Indicators","120","Cameroon","6121","Value","SP_LGL_LNDAGSEC-_T","5.a.1 Proportion of people with ownership or secure rights over agricultural land, by sex (both sexes or no breakdown by sex)","2020","2020","%","","O","Missing value","Not Available | NA | NaN = A figure was not provided"
"SDGB","SDG Indicators","120","Cameroon","6121","Value","SP_LGL_LNDAGSEC-_T","5.a.1 Proportion of people with ownership or secure rights over agricultural land, by sex (both sexes or no breakdown by sex)","2021","2021","%","","O","Missing value","Not Available | NA | NaN = A figure was not provided"
"SDGB","SDG Indicators","120","Cameroon","6121","Value","SP_LGL_LNDAGSEC-_T","5.a.1 Proportion of people with ownership or secure rights over agricultural land, by sex (both sexes or no breakdown by sex)","2022","2022","%","","O","Missing value","Not Available | NA | NaN = A figure was not provided"
"SDGB","SDG Indicators","120","Cameroon","6121","Value","SP_LGL_LNDAGSEC-_T","5.a.1 Proportion of people with ownership or secure rights over agricultural land, by sex (both sexes or no breakdown by sex)","2023","2023","%","","O","Missing value","Not Available | NA | NaN = A figure was not provided"
"SDGB","SDG Indicators","120","Cameroon","6121","Value","SP_LGL_LNDAGSEC-_T","5.a.1 Proportion of people with ownership or secure rights over agricultural land, by sex (both sexes or no breakdown by sex)","2024","2024","%","","O","Missing value","Not Available | NA | NaN = A figure was not provided"
"SDGB","SDG Indicators","120","Cameroon","6121","Value","SP_LGL_LNDAGSEC-F","5.a.1 Proportion of people with ownership or secure rights over agricultural land, by sex (female)","2018","2018","%","20.98","E","Estimated value","Estimated | Demographic and Health Survey | Agricultural households have at least one working-age adult self-employed in agriculture. An individual owns agricultural land if they're part of such a household and own land themselves or jointly with others. and if the household owns land used for agriculture"
"SDGB","SDG Indicators","120","Cameroon","6121","Value","SP_LGL_LNDAGSEC-F","5.a.1 Proportion of people with ownership or secure rights over agricultural land, by sex (female)","2019","2019","%","","O","Missing value","Not Available | NA | NaN = A figure was not provided"
"SDGB","SDG Indicators","120","Cameroon","6121","Value","SP_LGL_LNDAGSEC-F","5.a.1 Proportion of people with ownership or secure rights over agricultural land, by sex (female)","2020","2020","%","","O","Missing value","Not Available | NA | NaN = A figure was not provided"
"SDGB","SDG Indicators","120","Cameroon","6121","Value","SP_LGL_LNDAGSEC-F","5.a.1 Proportion of people with ownership or secure rights over agricultural land, by sex (female)","2021","2021","%","","O","Missing value","Not Available | NA | NaN = A figure was not provided"
"SDGB","SDG Indicators","120","Cameroon","6121","Value","SP_LGL_LNDAGSEC-F","5.a.1 Proportion of people with ownership or secure rights over agricultural land, by sex (female)","2022","2022","%","","O","Missing value","Not Available | NA | NaN = A figure was not provided"
"SDGB","SDG Indicators","120","Cameroon","6121","Value","SP_LGL_LNDAGSEC-F","5.a.1 Proportion of people with ownership or secure rights over agricultural land, by sex (female)","2023","2023","%","","O","Missing value","Not Available | NA | NaN = A figure was not provided"
"SDGB","SDG Indicators","120","Cameroon","6121","Value","SP_LGL_LNDAGSEC-F","5.a.1 Proportion of people with ownership or secure rights over agricultural land, by sex (female)","2024","2024","%","","O","Missing value","Not Available | NA | NaN = A figure was not provided"
"SDGB","SDG Indicators","120","Cameroon","6121","Value","SP_LGL_LNDAGSEC-M","5.a.1 Proportion of people with ownership or secure rights over agricultural land, by sex (male)","2018","2018","%","56.69","E","Estimated value","Estimated | Demographic and Health Survey | Agricultural households have at least one working-age adult self-employed in agriculture. An individual owns agricultural land if they're part of such a household and own land themselves or jointly with others. and if the household owns land used for agriculture"
"SDGB","SDG Indicators","120","Cameroon","6121","Value","SP_LGL_LNDAGSEC-M","5.a.1 Proportion of people with ownership or secure rights over agricultural land, by sex (male)","2019","2019","%","","O","Missing value","Not Available | NA | NaN = A figure was not provided"
"SDGB","SDG Indicators","120","Cameroon","6121","Value","SP_LGL_LNDAGSEC-M","5.a.1 Proportion of people with ownership or secure rights over agricultural land, by sex (male)","2020","2020","%","","O","Missing value","Not Available | NA | NaN = A figure was not provided"
"SDGB","SDG Indicators","120","Cameroon","6121","Value","SP_LGL_LNDAGSEC-M","5.a.1 Proportion of people with ownership or secure rights over agricultural land, by sex (male)","2021","2021","%","","O","Missing value","Not Available | NA | NaN = A figure was not provided"
"SDGB","SDG Indicators","120","Cameroon","6121","Value","SP_LGL_LNDAGSEC-M","5.a.1 Proportion of people with ownership or secure rights over agricultural land, by sex (male)","2022","2022","%","","O","Missing value","Not Available | NA | NaN = A figure was not provided"
"SDGB","SDG Indicators","120","Cameroon","6121","Value","SP_LGL_LNDAGSEC-M","5.a.1 Proportion of people with ownership or secure rights over agricultural land, by sex (male)","2023","2023","%","","O","Missing value","Not Available | NA | NaN = A figure was not provided"
"SDGB","SDG Indicators","120","Cameroon","6121","Value","SP_LGL_LNDAGSEC-M","5.a.1 Proportion of people with ownership or secure rights over agricultural land, by sex (male)","2024","2024","%","","O","Missing value","Not Available | NA | NaN = A figure was not provided"
"SDGB","SDG Indicators","384","Côte d'Ivoire","6121","Value","SP_LGL_LNDAGSEC-_T","5.a.1 Proportion of people with ownership or secure rights over agricultural land, by sex (both sexes or no breakdown by sex)","2018","2018","%","","O","Missing value","Not Available | NA | NaN = A figure was not provided"
"SDGB","SDG Indicators","384","Côte d'Ivoire","6121","Value","SP_LGL_LNDAGSEC-_T","5.a.1 Proportion of people with ownership or secure rights over agricultural land, by sex (both sexes or no breakdown by sex)","2019","2019","%","36.2","E","Estimated value","Estimated | Enqu+¬te Harmonis+¬e sur les conditions de vie des m+¬nages (WAEMU) | Self-reported ownership is used for the estimates"
"SDGB","SDG Indicators","384","Côte d'Ivoire","6121","Value","SP_LGL_LNDAGSEC-_T","5.a.1 Proportion of people with ownership or secure rights over agricultural land, by sex (both sexes or no breakdown by sex)","2020","2020","%","","O","Missing value","Not Available | NA | NaN = A figure was not provided"
"SDGB","SDG Indicators","384","Côte d'Ivoire","6121","Value","SP_LGL_LNDAGSEC-_T","5.a.1 Proportion of people with ownership or secure rights over agricultural land, by sex (both sexes or no breakdown by sex)","2021","2021","%","","O","Missing value","Not Available | NA | NaN = A figure was not provided"
"SDGB","SDG Indicators","384","Côte d'Ivoire","6121","Value","SP_LGL_LNDAGSEC-_T","5.a.1 Proportion of people with ownership or secure rights over agricultural land, by sex (both sexes or no breakdown by sex)","2022","2022","%","","O","Missing value","Not Available | NA | NaN = A figure was not provided"
"SDGB","SDG Indicators","384","Côte d'Ivoire","6121","Value","SP_LGL_LNDAGSEC-_T","5.a.1 Proportion of people with ownership or secure rights over agricultural land, by sex (both sexes or no breakdown by sex)","2023","2023","%","","O","Missing value","Not Available | NA | NaN = A figure was not provided"
"SDGB","SDG Indicators","384","Côte d'Ivoire","6121","Value","SP_LGL_LNDAGSEC-_T","5.a.1 Proportion of people with ownership or secure rights over agricultural land, by sex (both sexes or no breakdown by sex)","2024","2024","%","","O","Missing value","Not Available | NA | NaN = A figure was not provided"
"SDGB","SDG Indicators","384","Côte d'Ivoire","6121","Value","SP_LGL_LNDAGSEC-F","5.a.1 Proportion of people with ownership or secure rights over agricultural land, by sex (female)","2018","2018","%","","O","Missing value","Not Available | NA | NaN = A figure was not provided"
"SDGB","SDG Indicators","384","Côte d'Ivoire","6121","Value","SP_LGL_LNDAGSEC-F","5.a.1 Proportion of people with ownership or secure rights over agricultural land, by sex (female)","2019","2019","%","11.2","E","Estimated value","Estimated | Enqu+¬te Harmonis+¬e sur les conditions de vie des m+¬nages (WAEMU) | Self-reported ownership is used for the estimates"
"SDGB","SDG Indicators","384","Côte d'Ivoire","6121","Value","SP_LGL_LNDAGSEC-F","5.a.1 Proportion of people with ownership or secure rights over agricultural land, by sex (female)","2020","2020","%","","O","Missing value","Not Available | NA | NaN = A figure was not provided"
"SDGB","SDG Indicators","384","Côte d'Ivoire","6121","Value","SP_LGL_LNDAGSEC-F","5.a.1 Proportion of people with ownership or secure rights over agricultural land, by sex (female)","2021","2021","%","","O","Missing value","Not Available | NA | NaN = A figure was not provided"
"SDGB","SDG Indicators","384","Côte d'Ivoire","6121","Value","SP_LGL_LNDAGSEC-F","5.a.1 Proportion of people with ownership or secure rights over agricultural land, by sex (female)","2022","2022","%","","O","Missing value","Not Available | NA | NaN = A figure was not provided"
"SDGB","SDG Indicators","384","Côte d'Ivoire","6121","Value","SP_LGL_LNDAGSEC-F","5.a.1 Proportion of people with ownership or secure rights over agricultural land, by sex (female)","2023","2023","%","","O","Missing value","Not Available | NA | NaN = A figure was not provided"
"SDGB","SDG Indicators","384","Côte d'Ivoire","6121","Value","SP_LGL_LNDAGSEC-F","5.a.1 Proportion of people with ownership or secure rights over agricultural land, by sex (female)","2024","2024","%","","O","Missing value","Not Available | NA | NaN = A figure was not provided"
"SDGB","SDG Indicators","384","Côte d'Ivoire","6121","Value","SP_LGL_LNDAGSEC-M","5.a.1 Proportion of people with ownership or secure rights over agricultural land, by sex (male)","2018","2018","%","","O","Missing value","Not Available | NA | NaN = A figure was not provided"
"SDGB","SDG Indicators","384","Côte d'Ivoire","6121","Value","SP_LGL_LNDAGSEC-M","5.a.1 Proportion of people with ownership or secure rights over agricultural land, by sex (male)","2019","2019","%","63.8","E","Estimated value","Estimated | Enqu+¬te Harmonis+¬e sur les conditions de vie des m+¬nages (WAEMU) | Self-reported ownership is used for the estimates"
"SDGB","SDG Indicators","384","Côte d'Ivoire","6121","Value","SP_LGL_LNDAGSEC-M","5.a.1 Proportion of people with ownership or secure rights over agricultural land, by sex (male)","2020","2020","%","","O","Missing value","Not Available | NA | NaN = A figure was not provided"
"SDGB","SDG Indicators","384","Côte d'Ivoire","6121","Value","SP_LGL_LNDAGSEC-M","5.a.1 Proportion of people with ownership or secure rights over agricultural land, by sex (male)","2021","2021","%","","O","Missing value","Not Available | NA | NaN = A figure was not provided"
"SDGB","SDG Indicators","384","Côte d'Ivoire","6121","Value","SP_LGL_LNDAGSEC-M","5.a.1 Proportion of people with ownership or secure rights over agricultural land, by sex (male)","2022","2022","%","","O","Missing value","Not Available | NA | NaN = A figure was not provided"
"SDGB","SDG Indicators","384","Côte d'Ivoire","6121","Value","SP_LGL_LNDAGSEC-M","5.a.1 Proportion of people with ownership or secure rights over agricultural land, by sex (male)","2023","2023","%","","O","Missing value","Not Available | NA | NaN = A figure was not provided"
"SDGB","SDG Indicators","384","Côte d'Ivoire","6121","Value","SP_LGL_LNDAGSEC-M","5.a.1 Proportion of people with ownership or secure rights over agricultural land, by sex (male)","2024","2024","%","","O","Missing value","Not Available | NA | NaN = A figure was not provided"
"SDGB","SDG Indicators","270","Gambia","6121","Value","SP_LGL_LNDAGSEC-_T","5.a.1 Proportion of people with ownership or secure rights over agricultural land, by sex (both sexes or no breakdown by sex)","2018","2018","%","","O","Missing value","Not Available | NA | NaN = A figure was not provided"
"SDGB","SDG Indicators","270","Gambia","6121","Value","SP_LGL_LNDAGSEC-_T","5.a.1 Proportion of people with ownership or secure rights over agricultural land, by sex (both sexes or no breakdown by sex)","2019","2019","%","","O","Missing value","Not Available | NA | NaN = A figure was not provided"
"SDGB","SDG Indicators","270","Gambia","6121","Value","SP_LGL_LNDAGSEC-_T","5.a.1 Proportion of people with ownership or secure rights over agricultural land, by sex (both sexes or no breakdown by sex)","2020","2020","%","","O","Missing value","Not Available | NA | NaN = A figure was not provided"
"SDGB","SDG Indicators","270","Gambia","6121","Value","SP_LGL_LNDAGSEC-_T","5.a.1 Proportion of people with ownership or secure rights over agricultural land, by sex (both sexes or no breakdown by sex)","2021","2021","%","","O","Missing value","Not Available | NA | NaN = A figure was not provided"
"SDGB","SDG Indicators","270","Gambia","6121","Value","SP_LGL_LNDAGSEC-_T","5.a.1 Proportion of people with ownership or secure rights over agricultural land, by sex (both sexes or no breakdown by sex)","2022","2022","%","","O","Missing value","Not Available | NA | NaN = A figure was not provided"
"SDGB","SDG Indicators","270","Gambia","6121","Value","SP_LGL_LNDAGSEC-_T","5.a.1 Proportion of people with ownership or secure rights over agricultural land, by sex (both sexes or no breakdown by sex)","2023","2023","%","14.9","A","Official value","Country Data | National Agricultural Sample Survey (2022-2023) | The individual has the possession of legal documents over the parcel or the right to sell or the right to bequeath the parcel"
"SDGB","SDG Indicators","270","Gambia","6121","Value","SP_LGL_LNDAGSEC-_T","5.a.1 Proportion of people with ownership or secure rights over agricultural land, by sex (both sexes or no breakdown by sex)","2024","2024","%","","O","Missing value","Not Available | NA | NaN = A figure was not provided"
"SDGB","SDG Indicators","270","Gambia","6121","Value","SP_LGL_LNDAGSEC-F","5.a.1 Proportion of people with ownership or secure rights over agricultural land, by sex (female)","2018","2018","%","","O","Missing value","Not Available | NA | NaN = A figure was not provided"
"SDGB","SDG Indicators","270","Gambia","6121","Value","SP_LGL_LNDAGSEC-F","5.a.1 Proportion of people with ownership or secure rights over agricultural land, by sex (female)","2019","2019","%","","O","Missing value","Not Available | NA | NaN = A figure was not provided"
"SDGB","SDG Indicators","270","Gambia","6121","Value","SP_LGL_LNDAGSEC-F","5.a.1 Proportion of people with ownership or secure rights over agricultural land, by sex (female)","2020","2020","%","","O","Missing value","Not Available | NA | NaN = A figure was not provided"
"SDGB","SDG Indicators","270","Gambia","6121","Value","SP_LGL_LNDAGSEC-F","5.a.1 Proportion of people with ownership or secure rights over agricultural land, by sex (female)","2021","2021","%","","O","Missing value","Not Available | NA | NaN = A figure was not provided"
"SDGB","SDG Indicators","270","Gambia","6121","Value","SP_LGL_LNDAGSEC-F","5.a.1 Proportion of people with ownership or secure rights over agricultural land, by sex (female)","2022","2022","%","","O","Missing value","Not Available | NA | NaN = A figure was not provided"
"SDGB","SDG Indicators","270","Gambia","6121","Value","SP_LGL_LNDAGSEC-F","5.a.1 Proportion of people with ownership or secure rights over agricultural land, by sex (female)","2023","2023","%","1.1","A","Official value","Country Data | National Agricultural Sample Survey (2022-2023) | The individual has the possession of legal documents over the parcel or the right to sell or the right to bequeath the parcel"
"SDGB","SDG Indicators","270","Gambia","6121","Value","SP_LGL_LNDAGSEC-F","5.a.1 Proportion of people with ownership or secure rights over agricultural land, by sex (female)","2024","2024","%","","O","Missing value","Not Available | NA | NaN = A figure was not provided"
"SDGB","SDG Indicators","270","Gambia","6121","Value","SP_LGL_LNDAGSEC-M","5.a.1 Proportion of people with ownership or secure rights over agricultural land, by sex (male)","2018","2018","%","","O","Missing value","Not Available | NA | NaN = A figure was not provided"
"SDGB","SDG Indicators","270","Gambia","6121","Value","SP_LGL_LNDAGSEC-M","5.a.1 Proportion of people with ownership or secure rights over agricultural land, by sex (male)","2019","2019","%","","O","Missing value","Not Available | NA | NaN = A figure was not provided"
"SDGB","SDG Indicators","270","Gambia","6121","Value","SP_LGL_LNDAGSEC-M","5.a.1 Proportion of people with ownership or secure rights over agricultural land, by sex (male)","2020","2020","%","","O","Missing value","Not Available | NA | NaN = A figure was not provided"
"SDGB","SDG Indicators","270","Gambia","6121","Value","SP_LGL_LNDAGSEC-M","5.a.1 Proportion of people with ownership or secure rights over agricultural land, by sex (male)","2021","2021","%","","O","Missing value","Not Available | NA | NaN = A figure was not provided"
"SDGB","SDG Indicators","270","Gambia","6121","Value","SP_LGL_LNDAGSEC-M","5.a.1 Proportion of people with ownership or secure rights over agricultural land, by sex (male)","2022","2022","%","","O","Missing value","Not Available | NA | NaN = A figure was not provided"
"SDGB","SDG Indicators","270","Gambia","6121","Value","SP_LGL_LNDAGSEC-M","5.a.1 Proportion of people with ownership or secure rights over agricultural land, by sex (male)","2023","2023","%","22.8","A","Official value","Country Data | National Agricultural Sample Survey (2022-2023) | The individual has the possession of legal documents over the parcel or the right to sell or the right to bequeath the parcel"
"SDGB","SDG Indicators","270","Gambia","6121","Value","SP_LGL_LNDAGSEC-M","5.a.1 Proportion of people with ownership or secure rights over agricultural land, by sex (male)","2024","2024","%","","O","Missing value","Not Available | NA | NaN = A figure was not provided"
"SDGB","SDG Indicators","288","Ghana","6121","Value","SP_LGL_LNDAGSEC-_T","5.a.1 Proportion of people with ownership or secure rights over agricultural land, by sex (both sexes or no breakdown by sex)","2018","2018","%","","O","Missing value","Not Available | NA | NaN = A figure was not provided"
"SDGB","SDG Indicators","288","Ghana","6121","Value","SP_LGL_LNDAGSEC-_T","5.a.1 Proportion of people with ownership or secure rights over agricultural land, by sex (both sexes or no breakdown by sex)","2019","2019","%","","O","Missing value","Not Available | NA | NaN = A figure was not provided"
"SDGB","SDG Indicators","288","Ghana","6121","Value","SP_LGL_LNDAGSEC-_T","5.a.1 Proportion of people with ownership or secure rights over agricultural land, by sex (both sexes or no breakdown by sex)","2020","2020","%","","O","Missing value","Not Available | NA | NaN = A figure was not provided"
"SDGB","SDG Indicators","288","Ghana","6121","Value","SP_LGL_LNDAGSEC-_T","5.a.1 Proportion of people with ownership or secure rights over agricultural land, by sex (both sexes or no breakdown by sex)","2021","2021","%","","O","Missing value","Not Available | NA | NaN = A figure was not provided"
"SDGB","SDG Indicators","288","Ghana","6121","Value","SP_LGL_LNDAGSEC-_T","5.a.1 Proportion of people with ownership or secure rights over agricultural land, by sex (both sexes or no breakdown by sex)","2022","2022","%","","O","Missing value","Not Available | NA | NaN = A figure was not provided"
"SDGB","SDG Indicators","288","Ghana","6121","Value","SP_LGL_LNDAGSEC-_T","5.a.1 Proportion of people with ownership or secure rights over agricultural land, by sex (both sexes or no breakdown by sex)","2023","2023","%","","O","Missing value","Not Available | NA | NaN = A figure was not provided"
"SDGB","SDG Indicators","288","Ghana","6121","Value","SP_LGL_LNDAGSEC-_T","5.a.1 Proportion of people with ownership or secure rights over agricultural land, by sex (both sexes or no breakdown by sex)","2024","2024","%","","O","Missing value","Not Available | NA | NaN = A figure was not provided"
"SDGB","SDG Indicators","288","Ghana","6121","Value","SP_LGL_LNDAGSEC-F","5.a.1 Proportion of people with ownership or secure rights over agricultural land, by sex (female)","2018","2018","%","","O","Missing value","Not Available | NA | NaN = A figure was not provided"
"SDGB","SDG Indicators","288","Ghana","6121","Value","SP_LGL_LNDAGSEC-F","5.a.1 Proportion of people with ownership or secure rights over agricultural land, by sex (female)","2019","2019","%","","O","Missing value","Not Available | NA | NaN = A figure was not provided"
"SDGB","SDG Indicators","288","Ghana","6121","Value","SP_LGL_LNDAGSEC-F","5.a.1 Proportion of people with ownership or secure rights over agricultural land, by sex (female)","2020","2020","%","","O","Missing value","Not Available | NA | NaN = A figure was not provided"
"SDGB","SDG Indicators","288","Ghana","6121","Value","SP_LGL_LNDAGSEC-F","5.a.1 Proportion of people with ownership or secure rights over agricultural land, by sex (female)","2021","2021","%","","O","Missing value","Not Available | NA | NaN = A figure was not provided"
"SDGB","SDG Indicators","288","Ghana","6121","Value","SP_LGL_LNDAGSEC-F","5.a.1 Proportion of people with ownership or secure rights over agricultural land, by sex (female)","2022","2022","%","","O","Missing value","Not Available | NA | NaN = A figure was not provided"
"SDGB","SDG Indicators","288","Ghana","6121","Value","SP_LGL_LNDAGSEC-F","5.a.1 Proportion of people with ownership or secure rights over agricultural land, by sex (female)","2023","2023","%","","O","Missing value","Not Available | NA | NaN = A figure was not provided"
"SDGB","SDG Indicators","288","Ghana","6121","Value","SP_LGL_LNDAGSEC-F","5.a.1 Proportion of people with ownership or secure rights over agricultural land, by sex (female)","2024","2024","%","","O","Missing value","Not Available | NA | NaN = A figure was not provided"
"SDGB","SDG Indicators","288","Ghana","6121","Value","SP_LGL_LNDAGSEC-M","5.a.1 Proportion of people with ownership or secure rights over agricultural land, by sex (male)","2018","2018","%","","O","Missing value","Not Available | NA | NaN = A figure was not provided"
"SDGB","SDG Indicators","288","Ghana","6121","Value","SP_LGL_LNDAGSEC-M","5.a.1 Proportion of people with ownership or secure rights over agricultural land, by sex (male)","2019","2019","%","","O","Missing value","Not Available | NA | NaN = A figure was not provided"
"SDGB","SDG Indicators","288","Ghana","6121","Value","SP_LGL_LNDAGSEC-M","5.a.1 Proportion of people with ownership or secure rights over agricultural land, by sex (male)","2020","2020","%","","O","Missing value","Not Available | NA | NaN = A figure was not provided"
"SDGB","SDG Indicators","288","Ghana","6121","Value","SP_LGL_LNDAGSEC-M","5.a.1 Proportion of people with ownership or secure rights over agricultural land, by sex (male)","2021","2021","%","","O","Missing value","Not Available | NA | NaN = A figure was not provided"
"SDGB","SDG Indicators","288","Ghana","6121","Value","SP_LGL_LNDAGSEC-M","5.a.1 Proportion of people with ownership or secure rights over agricultural land, by sex (male)","2022","2022","%","","O","Missing value","Not Available | NA | NaN = A figure was not provided"
"SDGB","SDG Indicators","288","Ghana","6121","Value","SP_LGL_LNDAGSEC-M","5.a.1 Proportion of people with ownership or secure rights over agricultural land, by sex (male)","2023","2023","%","","O","Missing value","Not Available | NA | NaN = A figure was not provided"
"SDGB","SDG Indicators","288","Ghana","6121","Value","SP_LGL_LNDAGSEC-M","5.a.1 Proportion of people with ownership or secure rights over agricultural land, by sex (male)","2024","2024","%","","O","Missing value","Not Available | NA | NaN = A figure was not provided"
"SDGB","SDG Indicators","404","Kenya","6121","Value","SP_LGL_LNDAGSEC-_T","5.a.1 Proportion of people with ownership or secure rights over agricultural land, by sex (both sexes or no breakdown by sex)","2018","2018","%","","O","Missing value","Not Available | NA | NaN = A figure was not provided"
"SDGB","SDG Indicators","404","Kenya","6121","Value","SP_LGL_LNDAGSEC-_T","5.a.1 Proportion of people with ownership or secure rights over agricultural land, by sex (both sexes or no breakdown by sex)","2019","2019","%","","O","Missing value","Not Available | NA | NaN = A figure was not provided"
"SDGB","SDG Indicators","404","Kenya","6121","Value","SP_LGL_LNDAGSEC-_T","5.a.1 Proportion of people with ownership or secure rights over agricultural land, by sex (both sexes or no breakdown by sex)","2020","2020","%","","O","Missing value","Not Available | NA | NaN = A figure was not provided"
"SDGB","SDG Indicators","404","Kenya","6121","Value","SP_LGL_LNDAGSEC-_T","5.a.1 Proportion of people with ownership or secure rights over agricultural land, by sex (both sexes or no breakdown by sex)","2021","2021","%","","O","Missing value","Not Available | NA | NaN = A figure was not provided"
"SDGB","SDG Indicators","404","Kenya","6121","Value","SP_LGL_LNDAGSEC-_T","5.a.1 Proportion of people with ownership or secure rights over agricultural land, by sex (both sexes or no breakdown by sex)","2022","2022","%","46.84","E","Estimated value","Estimated | Demographic and Health Survey | Agricultural households have at least one working-age adult self-employed in agriculture. An individual owns agricultural land if they're part of such a household and own land themselves or jointly with others. and if the household owns land used for agriculture"
"SDGB","SDG Indicators","404","Kenya","6121","Value","SP_LGL_LNDAGSEC-_T","5.a.1 Proportion of people with ownership or secure rights over agricultural land, by sex (both sexes or no breakdown by sex)","2023","2023","%","","O","Missing value","Not Available | NA | NaN = A figure was not provided"
"SDGB","SDG Indicators","404","Kenya","6121","Value","SP_LGL_LNDAGSEC-_T","5.a.1 Proportion of people with ownership or secure rights over agricultural land, by sex (both sexes or no breakdown by sex)","2024","2024","%","","O","Missing value","Not Available | NA | NaN = A figure was not provided"
"SDGB","SDG Indicators","404","Kenya","6121","Value","SP_LGL_LNDAGSEC-F","5.a.1 Proportion of people with ownership or secure rights over agricultural land, by sex (female)","2018","2018","%","","O","Missing value","Not Available | NA | NaN = A figure was not provided"
"SDGB","SDG Indicators","404","Kenya","6121","Value","SP_LGL_LNDAGSEC-F","5.a.1 Proportion of people with ownership or secure rights over agricultural land, by sex (female)","2019","2019","%","","O","Missing value","Not Available | NA | NaN = A figure was not provided"
"SDGB","SDG Indicators","404","Kenya","6121","Value","SP_LGL_LNDAGSEC-F","5.a.1 Proportion of people with ownership or secure rights over agricultural land, by sex (female)","2020","2020","%","","O","Missing value","Not Available | NA | NaN = A figure was not provided"
"SDGB","SDG Indicators","404","Kenya","6121","Value","SP_LGL_LNDAGSEC-F","5.a.1 Proportion of people with ownership or secure rights over agricultural land, by sex (female)","2021","2021","%","","O","Missing value","Not Available | NA | NaN = A figure was not provided"
"SDGB","SDG Indicators","404","Kenya","6121","Value","SP_LGL_LNDAGSEC-F","5.a.1 Proportion of people with ownership or secure rights over agricultural land, by sex (female)","2022","2022","%","45.32","E","Estimated value","Estimated | Demographic and Health Survey | Agricultural households have at least one working-age adult self-employed in agriculture. An individual owns agricultural land if they're part of such a household and own land themselves or jointly with others. and if the household owns land used for agriculture"
"SDGB","SDG Indicators","404","Kenya","6121","Value","SP_LGL_LNDAGSEC-F","5.a.1 Proportion of people with ownership or secure rights over agricultural land, by sex (female)","2023","2023","%","","O","Missing value","Not Available | NA | NaN = A figure was not provided"
"SDGB","SDG Indicators","404","Kenya","6121","Value","SP_LGL_LNDAGSEC-F","5.a.1 Proportion of people with ownership or secure rights over agricultural land, by sex (female)","2024","2024","%","","O","Missing value","Not Available | NA | NaN = A figure was not provided"
"SDGB","SDG Indicators","404","Kenya","6121","Value","SP_LGL_LNDAGSEC-M","5.a.1 Proportion of people with ownership or secure rights over agricultural land, by sex (male)","2018","2018","%","","O","Missing value","Not Available | NA | NaN = A figure was not provided"
"SDGB","SDG Indicators","404","Kenya","6121","Value","SP_LGL_LNDAGSEC-M","5.a.1 Proportion of people with ownership or secure rights over agricultural land, by sex (male)","2019","2019","%","","O","Missing value","Not Available | NA | NaN = A figure was not provided"
"SDGB","SDG Indicators","404","Kenya","6121","Value","SP_LGL_LNDAGSEC-M","5.a.1 Proportion of people with ownership or secure rights over agricultural land, by sex (male)","2020","2020","%","","O","Missing value","Not Available | NA | NaN = A figure was not provided"
"SDGB","SDG Indicators","404","Kenya","6121","Value","SP_LGL_LNDAGSEC-M","5.a.1 Proportion of people with ownership or secure rights over agricultural land, by sex (male)","2021","2021","%","","O","Missing value","Not Available | NA | NaN = A figure was not provided"
"SDGB","SDG Indicators","404","Kenya","6121","Value","SP_LGL_LNDAGSEC-M","5.a.1 Proportion of people with ownership or secure rights over agricultural land, by sex (male)","2022","2022","%","48.79","E","Estimated value","Estimated | Demographic and Health Survey | Agricultural households have at least one working-age adult self-employed in agriculture. An individual owns agricultural land if they're part of such a household and own land themselves or jointly with others. and if the household owns land used for agriculture"
"SDGB","SDG Indicators","404","Kenya","6121","Value","SP_LGL_LNDAGSEC-M","5.a.1 Proportion of people with ownership or secure rights over agricultural land, by sex (male)","2023","2023","%","","O","Missing value","Not Available | NA | NaN = A figure was not provided"
"SDGB","SDG Indicators","404","Kenya","6121","Value","SP_LGL_LNDAGSEC-M","5.a.1 Proportion of people with ownership or secure rights over agricultural land, by sex (male)","2024","2024","%","","O","Missing value","Not Available | NA | NaN = A figure was not provided"
"SDGB","SDG Indicators","426","Lesotho","6121","Value","SP_LGL_LNDAGSEC-_T","5.a.1 Proportion of people with ownership or secure rights over agricultural land, by sex (both sexes or no breakdown by sex)","2018","2018","%","","O","Missing value","Not Available | NA | NaN = A figure was not provided"
"SDGB","SDG Indicators","426","Lesotho","6121","Value","SP_LGL_LNDAGSEC-_T","5.a.1 Proportion of people with ownership or secure rights over agricultural land, by sex (both sexes or no breakdown by sex)","2019","2019","%","","O","Missing value","Not Available | NA | NaN = A figure was not provided"
"SDGB","SDG Indicators","426","Lesotho","6121","Value","SP_LGL_LNDAGSEC-_T","5.a.1 Proportion of people with ownership or secure rights over agricultural land, by sex (both sexes or no breakdown by sex)","2020","2020","%","","O","Missing value","Not Available | NA | NaN = A figure was not provided"
"SDGB","SDG Indicators","426","Lesotho","6121","Value","SP_LGL_LNDAGSEC-_T","5.a.1 Proportion of people with ownership or secure rights over agricultural land, by sex (both sexes or no breakdown by sex)","2021","2021","%","","O","Missing value","Not Available | NA | NaN = A figure was not provided"
"SDGB","SDG Indicators","426","Lesotho","6121","Value","SP_LGL_LNDAGSEC-_T","5.a.1 Proportion of people with ownership or secure rights over agricultural land, by sex (both sexes or no breakdown by sex)","2022","2022","%","","O","Missing value","Not Available | NA | NaN = A figure was not provided"
"SDGB","SDG Indicators","426","Lesotho","6121","Value","SP_LGL_LNDAGSEC-_T","5.a.1 Proportion of people with ownership or secure rights over agricultural land, by sex (both sexes or no breakdown by sex)","2023","2023","%","","O","Missing value","Not Available | NA | NaN = A figure was not provided"
"SDGB","SDG Indicators","426","Lesotho","6121","Value","SP_LGL_LNDAGSEC-_T","5.a.1 Proportion of people with ownership or secure rights over agricultural land, by sex (both sexes or no breakdown by sex)","2024","2024","%","","O","Missing value","Not Available | NA | NaN = A figure was not provided"
"SDGB","SDG Indicators","426","Lesotho","6121","Value","SP_LGL_LNDAGSEC-F","5.a.1 Proportion of people with ownership or secure rights over agricultural land, by sex (female)","2018","2018","%","","O","Missing value","Not Available | NA | NaN = A figure was not provided"
"SDGB","SDG Indicators","426","Lesotho","6121","Value","SP_LGL_LNDAGSEC-F","5.a.1 Proportion of people with ownership or secure rights over agricultural land, by sex (female)","2019","2019","%","","O","Missing value","Not Available | NA | NaN = A figure was not provided"
"SDGB","SDG Indicators","426","Lesotho","6121","Value","SP_LGL_LNDAGSEC-F","5.a.1 Proportion of people with ownership or secure rights over agricultural land, by sex (female)","2020","2020","%","","O","Missing value","Not Available | NA | NaN = A figure was not provided"
"SDGB","SDG Indicators","426","Lesotho","6121","Value","SP_LGL_LNDAGSEC-F","5.a.1 Proportion of people with ownership or secure rights over agricultural land, by sex (female)","2021","2021","%","","O","Missing value","Not Available | NA | NaN = A figure was not provided"
"SDGB","SDG Indicators","426","Lesotho","6121","Value","SP_LGL_LNDAGSEC-F","5.a.1 Proportion of people with ownership or secure rights over agricultural land, by sex (female)","2022","2022","%","","O","Missing value","Not Available | NA | NaN = A figure was not provided"
"SDGB","SDG Indicators","426","Lesotho","6121","Value","SP_LGL_LNDAGSEC-F","5.a.1 Proportion of people with ownership or secure rights over agricultural land, by sex (female)","2023","2023","%","","O","Missing value","Not Available | NA | NaN = A figure was not provided"
"SDGB","SDG Indicators","426","Lesotho","6121","Value","SP_LGL_LNDAGSEC-F","5.a.1 Proportion of people with ownership or secure rights over agricultural land, by sex (female)","2024","2024","%","","O","Missing value","Not Available | NA | NaN = A figure was not provided"
"SDGB","SDG Indicators","426","Lesotho","6121","Value","SP_LGL_LNDAGSEC-M","5.a.1 Proportion of people with ownership or secure rights over agricultural land, by sex (male)","2018","2018","%","","O","Missing value","Not Available | NA | NaN = A figure was not provided"
"SDGB","SDG Indicators","426","Lesotho","6121","Value","SP_LGL_LNDAGSEC-M","5.a.1 Proportion of people with ownership or secure rights over agricultural land, by sex (male)","2019","2019","%","","O","Missing value","Not Available | NA | NaN = A figure was not provided"
"SDGB","SDG Indicators","426","Lesotho","6121","Value","SP_LGL_LNDAGSEC-M","5.a.1 Proportion of people with ownership or secure rights over agricultural land, by sex (male)","2020","2020","%","","O","Missing value","Not Available | NA | NaN = A figure was not provided"
"SDGB","SDG Indicators","426","Lesotho","6121","Value","SP_LGL_LNDAGSEC-M","5.a.1 Proportion of people with ownership or secure rights over agricultural land, by sex (male)","2021","2021","%","","O","Missing value","Not Available | NA | NaN = A figure was not provided"
"SDGB","SDG Indicators","426","Lesotho","6121","Value","SP_LGL_LNDAGSEC-M","5.a.1 Proportion of people with ownership or secure rights over agricultural land, by sex (male)","2022","2022","%","","O","Missing value","Not Available | NA | NaN = A figure was not provided"
"SDGB","SDG Indicators","426","Lesotho","6121","Value","SP_LGL_LNDAGSEC-M","5.a.1 Proportion of people with ownership or secure rights over agricultural land, by sex (male)","2023","2023","%","","O","Missing value","Not Available | NA | NaN = A figure was not provided"
"SDGB","SDG Indicators","426","Lesotho","6121","Value","SP_LGL_LNDAGSEC-M","5.a.1 Proportion of people with ownership or secure rights over agricultural land, by sex (male)","2024","2024","%","","O","Missing value","Not Available | NA | NaN = A figure was not provided"
"SDGB","SDG Indicators","430","Liberia","6121","Value","SP_LGL_LNDAGSEC-_T","5.a.1 Proportion of people with ownership or secure rights over agricultural land, by sex (both sexes or no breakdown by sex)","2018","2018","%","","O","Missing value","Not Available | NA | NaN = A figure was not provided"
"SDGB","SDG Indicators","430","Liberia","6121","Value","SP_LGL_LNDAGSEC-_T","5.a.1 Proportion of people with ownership or secure rights over agricultural land, by sex (both sexes or no breakdown by sex)","2019","2019","%","","O","Missing value","Not Available | NA | NaN = A figure was not provided"
"SDGB","SDG Indicators","430","Liberia","6121","Value","SP_LGL_LNDAGSEC-_T","5.a.1 Proportion of people with ownership or secure rights over agricultural land, by sex (both sexes or no breakdown by sex)","2020","2020","%","34.35","E","Estimated value","Estimated | Demographic and Health Survey | Agricultural households have at least one working-age adult self-employed in agriculture. An individual owns agricultural land if they're part of such a household and own land themselves or jointly with others. and if the household owns land used for agriculture"
"SDGB","SDG Indicators","430","Liberia","6121","Value","SP_LGL_LNDAGSEC-_T","5.a.1 Proportion of people with ownership or secure rights over agricultural land, by sex (both sexes or no breakdown by sex)","2021","2021","%","","O","Missing value","Not Available | NA | NaN = A figure was not provided"
"SDGB","SDG Indicators","430","Liberia","6121","Value","SP_LGL_LNDAGSEC-_T","5.a.1 Proportion of people with ownership or secure rights over agricultural land, by sex (both sexes or no breakdown by sex)","2022","2022","%","","O","Missing value","Not Available | NA | NaN = A figure was not provided"
"SDGB","SDG Indicators","430","Liberia","6121","Value","SP_LGL_LNDAGSEC-_T","5.a.1 Proportion of people with ownership or secure rights over agricultural land, by sex (both sexes or no breakdown by sex)","2023","2023","%","","O","Missing value","Not Available | NA | NaN = A figure was not provided"
"SDGB","SDG Indicators","430","Liberia","6121","Value","SP_LGL_LNDAGSEC-_T","5.a.1 Proportion of people with ownership or secure rights over agricultural land, by sex (both sexes or no breakdown by sex)","2024","2024","%","","O","Missing value","Not Available | NA | NaN = A figure was not provided"
"SDGB","SDG Indicators","430","Liberia","6121","Value","SP_LGL_LNDAGSEC-F","5.a.1 Proportion of people with ownership or secure rights over agricultural land, by sex (female)","2018","2018","%","","O","Missing value","Not Available | NA | NaN = A figure was not provided"
"SDGB","SDG Indicators","430","Liberia","6121","Value","SP_LGL_LNDAGSEC-F","5.a.1 Proportion of people with ownership or secure rights over agricultural land, by sex (female)","2019","2019","%","","O","Missing value","Not Available | NA | NaN = A figure was not provided"
"SDGB","SDG Indicators","430","Liberia","6121","Value","SP_LGL_LNDAGSEC-F","5.a.1 Proportion of people with ownership or secure rights over agricultural land, by sex (female)","2020","2020","%","25.15","E","Estimated value","Estimated | Demographic and Health Survey | Agricultural households have at least one working-age adult self-employed in agriculture. An individual owns agricultural land if they're part of such a household and own land themselves or jointly with others. and if the household owns land used for agriculture"
"SDGB","SDG Indicators","430","Liberia","6121","Value","SP_LGL_LNDAGSEC-F","5.a.1 Proportion of people with ownership or secure rights over agricultural land, by sex (female)","2021","2021","%","","O","Missing value","Not Available | NA | NaN = A figure was not provided"
"SDGB","SDG Indicators","430","Liberia","6121","Value","SP_LGL_LNDAGSEC-F","5.a.1 Proportion of people with ownership or secure rights over agricultural land, by sex (female)","2022","2022","%","","O","Missing value","Not Available | NA | NaN = A figure was not provided"
"SDGB","SDG Indicators","430","Liberia","6121","Value","SP_LGL_LNDAGSEC-F","5.a.1 Proportion of people with ownership or secure rights over agricultural land, by sex (female)","2023","2023","%","","O","Missing value","Not Available | NA | NaN = A figure was not provided"
"SDGB","SDG Indicators","430","Liberia","6121","Value","SP_LGL_LNDAGSEC-F","5.a.1 Proportion of people with ownership or secure rights over agricultural land, by sex (female)","2024","2024","%","","O","Missing value","Not Available | NA | NaN = A figure was not provided"
"SDGB","SDG Indicators","430","Liberia","6121","Value","SP_LGL_LNDAGSEC-M","5.a.1 Proportion of people with ownership or secure rights over agricultural land, by sex (male)","2018","2018","%","","O","Missing value","Not Available | NA | NaN = A figure was not provided"
"SDGB","SDG Indicators","430","Liberia","6121","Value","SP_LGL_LNDAGSEC-M","5.a.1 Proportion of people with ownership or secure rights over agricultural land, by sex (male)","2019","2019","%","","O","Missing value","Not Available | NA | NaN = A figure was not provided"
"SDGB","SDG Indicators","430","Liberia","6121","Value","SP_LGL_LNDAGSEC-M","5.a.1 Proportion of people with ownership or secure rights over agricultural land, by sex (male)","2020","2020","%","45.94","E","Estimated value","Estimated | Demographic and Health Survey | Agricultural households have at least one working-age adult self-employed in agriculture. An individual owns agricultural land if they're part of such a household and own land themselves or jointly with others. and if the household owns land used for agriculture"
"SDGB","SDG Indicators","430","Liberia","6121","Value","SP_LGL_LNDAGSEC-M","5.a.1 Proportion of people with ownership or secure rights over agricultural land, by sex (male)","2021","2021","%","","O","Missing value","Not Available | NA | NaN = A figure was not provided"
"SDGB","SDG Indicators","430","Liberia","6121","Value","SP_LGL_LNDAGSEC-M","5.a.1 Proportion of people with ownership or secure rights over agricultural land, by sex (male)","2022","2022","%","","O","Missing value","Not Available | NA | NaN = A figure was not provided"
"SDGB","SDG Indicators","430","Liberia","6121","Value","SP_LGL_LNDAGSEC-M","5.a.1 Proportion of people with ownership or secure rights over agricultural land, by sex (male)","2023","2023","%","","O","Missing value","Not Available | NA | NaN = A figure was not provided"
"SDGB","SDG Indicators","430","Liberia","6121","Value","SP_LGL_LNDAGSEC-M","5.a.1 Proportion of people with ownership or secure rights over agricultural land, by sex (male)","2024","2024","%","","O","Missing value","Not Available | NA | NaN = A figure was not provided"
"SDGB","SDG Indicators","450","Madagascar","6121","Value","SP_LGL_LNDAGSEC-_T","5.a.1 Proportion of people with ownership or secure rights over agricultural land, by sex (both sexes or no breakdown by sex)","2018","2018","%","","O","Missing value","Not Available | NA | NaN = A figure was not provided"
"SDGB","SDG Indicators","450","Madagascar","6121","Value","SP_LGL_LNDAGSEC-_T","5.a.1 Proportion of people with ownership or secure rights over agricultural land, by sex (both sexes or no breakdown by sex)","2019","2019","%","","O","Missing value","Not Available | NA | NaN = A figure was not provided"
"SDGB","SDG Indicators","450","Madagascar","6121","Value","SP_LGL_LNDAGSEC-_T","5.a.1 Proportion of people with ownership or secure rights over agricultural land, by sex (both sexes or no breakdown by sex)","2020","2020","%","","O","Missing value","Not Available | NA | NaN = A figure was not provided"
"SDGB","SDG Indicators","450","Madagascar","6121","Value","SP_LGL_LNDAGSEC-_T","5.a.1 Proportion of people with ownership or secure rights over agricultural land, by sex (both sexes or no breakdown by sex)","2021","2021","%","62.47","E","Estimated value","Estimated | Demographic and Health Survey | Agricultural households have at least one working-age adult self-employed in agriculture. An individual owns agricultural land if they're part of such a household and own land themselves or jointly with others. and if the household owns land used for agriculture"
"SDGB","SDG Indicators","450","Madagascar","6121","Value","SP_LGL_LNDAGSEC-_T","5.a.1 Proportion of people with ownership or secure rights over agricultural land, by sex (both sexes or no breakdown by sex)","2022","2022","%","","O","Missing value","Not Available | NA | NaN = A figure was not provided"
"SDGB","SDG Indicators","450","Madagascar","6121","Value","SP_LGL_LNDAGSEC-_T","5.a.1 Proportion of people with ownership or secure rights over agricultural land, by sex (both sexes or no breakdown by sex)","2023","2023","%","","O","Missing value","Not Available | NA | NaN = A figure was not provided"
"SDGB","SDG Indicators","450","Madagascar","6121","Value","SP_LGL_LNDAGSEC-_T","5.a.1 Proportion of people with ownership or secure rights over agricultural land, by sex (both sexes or no breakdown by sex)","2024","2024","%","","O","Missing value","Not Available | NA | NaN = A figure was not provided"
"SDGB","SDG Indicators","450","Madagascar","6121","Value","SP_LGL_LNDAGSEC-F","5.a.1 Proportion of people with ownership or secure rights over agricultural land, by sex (female)","2018","2018","%","","O","Missing value","Not Available | NA | NaN = A figure was not provided"
"SDGB","SDG Indicators","450","Madagascar","6121","Value","SP_LGL_LNDAGSEC-F","5.a.1 Proportion of people with ownership or secure rights over agricultural land, by sex (female)","2019","2019","%","","O","Missing value","Not Available | NA | NaN = A figure was not provided"
"SDGB","SDG Indicators","450","Madagascar","6121","Value","SP_LGL_LNDAGSEC-F","5.a.1 Proportion of people with ownership or secure rights over agricultural land, by sex (female)","2020","2020","%","","O","Missing value","Not Available | NA | NaN = A figure was not provided"
"SDGB","SDG Indicators","450","Madagascar","6121","Value","SP_LGL_LNDAGSEC-F","5.a.1 Proportion of people with ownership or secure rights over agricultural land, by sex (female)","2021","2021","%","58.27","E","Estimated value","Estimated | Demographic and Health Survey | Agricultural households have at least one working-age adult self-employed in agriculture. An individual owns agricultural land if they're part of such a household and own land themselves or jointly with others. and if the household owns land used for agriculture"
"SDGB","SDG Indicators","450","Madagascar","6121","Value","SP_LGL_LNDAGSEC-F","5.a.1 Proportion of people with ownership or secure rights over agricultural land, by sex (female)","2022","2022","%","","O","Missing value","Not Available | NA | NaN = A figure was not provided"
"SDGB","SDG Indicators","450","Madagascar","6121","Value","SP_LGL_LNDAGSEC-F","5.a.1 Proportion of people with ownership or secure rights over agricultural land, by sex (female)","2023","2023","%","","O","Missing value","Not Available | NA | NaN = A figure was not provided"
"SDGB","SDG Indicators","450","Madagascar","6121","Value","SP_LGL_LNDAGSEC-F","5.a.1 Proportion of people with ownership or secure rights over agricultural land, by sex (female)","2024","2024","%","","O","Missing value","Not Available | NA | NaN = A figure was not provided"
"SDGB","SDG Indicators","450","Madagascar","6121","Value","SP_LGL_LNDAGSEC-M","5.a.1 Proportion of people with ownership or secure rights over agricultural land, by sex (male)","2018","2018","%","","O","Missing value","Not Available | NA | NaN = A figure was not provided"
"SDGB","SDG Indicators","450","Madagascar","6121","Value","SP_LGL_LNDAGSEC-M","5.a.1 Proportion of people with ownership or secure rights over agricultural land, by sex (male)","2019","2019","%","","O","Missing value","Not Available | NA | NaN = A figure was not provided"
"SDGB","SDG Indicators","450","Madagascar","6121","Value","SP_LGL_LNDAGSEC-M","5.a.1 Proportion of people with ownership or secure rights over agricultural land, by sex (male)","2020","2020","%","","O","Missing value","Not Available | NA | NaN = A figure was not provided"
"SDGB","SDG Indicators","450","Madagascar","6121","Value","SP_LGL_LNDAGSEC-M","5.a.1 Proportion of people with ownership or secure rights over agricultural land, by sex (male)","2021","2021","%","66.05","E","Estimated value","Estimated | Demographic and Health Survey | Agricultural households have at least one working-age adult self-employed in agriculture. An individual owns agricultural land if they're part of such a household and own land themselves or jointly with others. and if the household owns land used for agriculture"
"SDGB","SDG Indicators","450","Madagascar","6121","Value","SP_LGL_LNDAGSEC-M","5.a.1 Proportion of people with ownership or secure rights over agricultural land, by sex (male)","2022","2022","%","","O","Missing value","Not Available | NA | NaN = A figure was not provided"
"SDGB","SDG Indicators","450","Madagascar","6121","Value","SP_LGL_LNDAGSEC-M","5.a.1 Proportion of people with ownership or secure rights over agricultural land, by sex (male)","2023","2023","%","","O","Missing value","Not Available | NA | NaN = A figure was not provided"
"SDGB","SDG Indicators","450","Madagascar","6121","Value","SP_LGL_LNDAGSEC-M","5.a.1 Proportion of people with ownership or secure rights over agricultural land, by sex (male)","2024","2024","%","","O","Missing value","Not Available | NA | NaN = A figure was not provided"
"SDGB","SDG Indicators","454","Malawi","6121","Value","SP_LGL_LNDAGSEC-_T","5.a.1 Proportion of people with ownership or secure rights over agricultural land, by sex (both sexes or no breakdown by sex)","2018","2018","%","","O","Missing value","Not Available | NA | NaN = A figure was not provided"
"SDGB","SDG Indicators","454","Malawi","6121","Value","SP_LGL_LNDAGSEC-_T","5.a.1 Proportion of people with ownership or secure rights over agricultural land, by sex (both sexes or no breakdown by sex)","2019","2019","%","","O","Missing value","Not Available | NA | NaN = A figure was not provided"
"SDGB","SDG Indicators","454","Malawi","6121","Value","SP_LGL_LNDAGSEC-_T","5.a.1 Proportion of people with ownership or secure rights over agricultural land, by sex (both sexes or no breakdown by sex)","2020","2020","%","48.2","E","Estimated value","Estimated | Fifth Integrated Household Survey | The individual is listed as owner/ holder of use rights over the parcel if her/his name is listed in the title or ownership document of the parcel or has the right to sell or has the right to bequeath the parcel."
"SDGB","SDG Indicators","454","Malawi","6121","Value","SP_LGL_LNDAGSEC-_T","5.a.1 Proportion of people with ownership or secure rights over agricultural land, by sex (both sexes or no breakdown by sex)","2021","2021","%","","O","Missing value","Not Available | NA | NaN = A figure was not provided"
"SDGB","SDG Indicators","454","Malawi","6121","Value","SP_LGL_LNDAGSEC-_T","5.a.1 Proportion of people with ownership or secure rights over agricultural land, by sex (both sexes or no breakdown by sex)","2022","2022","%","","O","Missing value","Not Available | NA | NaN = A figure was not provided"
"SDGB","SDG Indicators","454","Malawi","6121","Value","SP_LGL_LNDAGSEC-_T","5.a.1 Proportion of people with ownership or secure rights over agricultural land, by sex (both sexes or no breakdown by sex)","2023","2023","%","","O","Missing value","Not Available | NA | NaN = A figure was not provided"
"SDGB","SDG Indicators","454","Malawi","6121","Value","SP_LGL_LNDAGSEC-_T","5.a.1 Proportion of people with ownership or secure rights over agricultural land, by sex (both sexes or no breakdown by sex)","2024","2024","%","","O","Missing value","Not Available | NA | NaN = A figure was not provided"
"SDGB","SDG Indicators","454","Malawi","6121","Value","SP_LGL_LNDAGSEC-F","5.a.1 Proportion of people with ownership or secure rights over agricultural land, by sex (female)","2018","2018","%","","O","Missing value","Not Available | NA | NaN = A figure was not provided"
"SDGB","SDG Indicators","454","Malawi","6121","Value","SP_LGL_LNDAGSEC-F","5.a.1 Proportion of people with ownership or secure rights over agricultural land, by sex (female)","2019","2019","%","","O","Missing value","Not Available | NA | NaN = A figure was not provided"
"SDGB","SDG Indicators","454","Malawi","6121","Value","SP_LGL_LNDAGSEC-F","5.a.1 Proportion of people with ownership or secure rights over agricultural land, by sex (female)","2020","2020","%","51.3","E","Estimated value","Estimated | Fifth Integrated Household Survey | The individual is listed as owner/ holder of use rights over the parcel if her/his name is listed in the title or ownership document of the parcel or has the right to sell or has the right to bequeath the parcel."
"SDGB","SDG Indicators","454","Malawi","6121","Value","SP_LGL_LNDAGSEC-F","5.a.1 Proportion of people with ownership or secure rights over agricultural land, by sex (female)","2021","2021","%","","O","Missing value","Not Available | NA | NaN = A figure was not provided"
"SDGB","SDG Indicators","454","Malawi","6121","Value","SP_LGL_LNDAGSEC-F","5.a.1 Proportion of people with ownership or secure rights over agricultural land, by sex (female)","2022","2022","%","","O","Missing value","Not Available | NA | NaN = A figure was not provided"
"SDGB","SDG Indicators","454","Malawi","6121","Value","SP_LGL_LNDAGSEC-F","5.a.1 Proportion of people with ownership or secure rights over agricultural land, by sex (female)","2023","2023","%","","O","Missing value","Not Available | NA | NaN = A figure was not provided"
"SDGB","SDG Indicators","454","Malawi","6121","Value","SP_LGL_LNDAGSEC-F","5.a.1 Proportion of people with ownership or secure rights over agricultural land, by sex (female)","2024","2024","%","","O","Missing value","Not Available | NA | NaN = A figure was not provided"
"SDGB","SDG Indicators","454","Malawi","6121","Value","SP_LGL_LNDAGSEC-M","5.a.1 Proportion of people with ownership or secure rights over agricultural land, by sex (male)","2018","2018","%","","O","Missing value","Not Available | NA | NaN = A figure was not provided"
"SDGB","SDG Indicators","454","Malawi","6121","Value","SP_LGL_LNDAGSEC-M","5.a.1 Proportion of people with ownership or secure rights over agricultural land, by sex (male)","2019","2019","%","","O","Missing value","Not Available | NA | NaN = A figure was not provided"
"SDGB","SDG Indicators","454","Malawi","6121","Value","SP_LGL_LNDAGSEC-M","5.a.1 Proportion of people with ownership or secure rights over agricultural land, by sex (male)","2020","2020","%","44.4","E","Estimated value","Estimated | Fifth Integrated Household Survey | The individual is listed as owner/ holder of use rights over the parcel if her/his name is listed in the title or ownership document of the parcel or has the right to sell or has the right to bequeath the parcel."
"SDGB","SDG Indicators","454","Malawi","6121","Value","SP_LGL_LNDAGSEC-M","5.a.1 Proportion of people with ownership or secure rights over agricultural land, by sex (male)","2021","2021","%","","O","Missing value","Not Available | NA | NaN = A figure was not provided"
"SDGB","SDG Indicators","454","Malawi","6121","Value","SP_LGL_LNDAGSEC-M","5.a.1 Proportion of people with ownership or secure rights over agricultural land, by sex (male)","2022","2022","%","","O","Missing value","Not Available | NA | NaN = A figure was not provided"
"SDGB","SDG Indicators","454","Malawi","6121","Value","SP_LGL_LNDAGSEC-M","5.a.1 Proportion of people with ownership or secure rights over agricultural land, by sex (male)","2023","2023","%","","O","Missing value","Not Available | NA | NaN = A figure was not provided"
"SDGB","SDG Indicators","454","Malawi","6121","Value","SP_LGL_LNDAGSEC-M","5.a.1 Proportion of people with ownership or secure rights over agricultural land, by sex (male)","2024","2024","%","","O","Missing value","Not Available | NA | NaN = A figure was not provided"
"SDGB","SDG Indicators","478","Mauritania","6121","Value","SP_LGL_LNDAGSEC-_T","5.a.1 Proportion of people with ownership or secure rights over agricultural land, by sex (both sexes or no breakdown by sex)","2018","2018","%","","O","Missing value","Not Available | NA | NaN = A figure was not provided"
"SDGB","SDG Indicators","478","Mauritania","6121","Value","SP_LGL_LNDAGSEC-_T","5.a.1 Proportion of people with ownership or secure rights over agricultural land, by sex (both sexes or no breakdown by sex)","2019","2019","%","","O","Missing value","Not Available | NA | NaN = A figure was not provided"
"SDGB","SDG Indicators","478","Mauritania","6121","Value","SP_LGL_LNDAGSEC-_T","5.a.1 Proportion of people with ownership or secure rights over agricultural land, by sex (both sexes or no breakdown by sex)","2020","2020","%","","O","Missing value","Not Available | NA | NaN = A figure was not provided"
"SDGB","SDG Indicators","478","Mauritania","6121","Value","SP_LGL_LNDAGSEC-_T","5.a.1 Proportion of people with ownership or secure rights over agricultural land, by sex (both sexes or no breakdown by sex)","2021","2021","%","27.7","E","Estimated value","Estimated | Demographic and Health Survey | Agricultural households have at least one working-age adult self-employed in agriculture. An individual owns agricultural land if they're part of such a household and own land themselves or jointly with others. and if the household owns land used for agriculture"
"SDGB","SDG Indicators","478","Mauritania","6121","Value","SP_LGL_LNDAGSEC-_T","5.a.1 Proportion of people with ownership or secure rights over agricultural land, by sex (both sexes or no breakdown by sex)","2022","2022","%","","O","Missing value","Not Available | NA | NaN = A figure was not provided"
"SDGB","SDG Indicators","478","Mauritania","6121","Value","SP_LGL_LNDAGSEC-_T","5.a.1 Proportion of people with ownership or secure rights over agricultural land, by sex (both sexes or no breakdown by sex)","2023","2023","%","","O","Missing value","Not Available | NA | NaN = A figure was not provided"
"SDGB","SDG Indicators","478","Mauritania","6121","Value","SP_LGL_LNDAGSEC-_T","5.a.1 Proportion of people with ownership or secure rights over agricultural land, by sex (both sexes or no breakdown by sex)","2024","2024","%","","O","Missing value","Not Available | NA | NaN = A figure was not provided"
"SDGB","SDG Indicators","478","Mauritania","6121","Value","SP_LGL_LNDAGSEC-F","5.a.1 Proportion of people with ownership or secure rights over agricultural land, by sex (female)","2018","2018","%","","O","Missing value","Not Available | NA | NaN = A figure was not provided"
"SDGB","SDG Indicators","478","Mauritania","6121","Value","SP_LGL_LNDAGSEC-F","5.a.1 Proportion of people with ownership or secure rights over agricultural land, by sex (female)","2019","2019","%","","O","Missing value","Not Available | NA | NaN = A figure was not provided"
"SDGB","SDG Indicators","478","Mauritania","6121","Value","SP_LGL_LNDAGSEC-F","5.a.1 Proportion of people with ownership or secure rights over agricultural land, by sex (female)","2020","2020","%","","O","Missing value","Not Available | NA | NaN = A figure was not provided"
"SDGB","SDG Indicators","478","Mauritania","6121","Value","SP_LGL_LNDAGSEC-F","5.a.1 Proportion of people with ownership or secure rights over agricultural land, by sex (female)","2021","2021","%","10.92","E","Estimated value","Estimated | Demographic and Health Survey | Agricultural households have at least one working-age adult self-employed in agriculture. An individual owns agricultural land if they're part of such a household and own land themselves or jointly with others. and if the household owns land used for agriculture"
"SDGB","SDG Indicators","478","Mauritania","6121","Value","SP_LGL_LNDAGSEC-F","5.a.1 Proportion of people with ownership or secure rights over agricultural land, by sex (female)","2022","2022","%","","O","Missing value","Not Available | NA | NaN = A figure was not provided"
"SDGB","SDG Indicators","478","Mauritania","6121","Value","SP_LGL_LNDAGSEC-F","5.a.1 Proportion of people with ownership or secure rights over agricultural land, by sex (female)","2023","2023","%","","O","Missing value","Not Available | NA | NaN = A figure was not provided"
"SDGB","SDG Indicators","478","Mauritania","6121","Value","SP_LGL_LNDAGSEC-F","5.a.1 Proportion of people with ownership or secure rights over agricultural land, by sex (female)","2024","2024","%","","O","Missing value","Not Available | NA | NaN = A figure was not provided"
"SDGB","SDG Indicators","478","Mauritania","6121","Value","SP_LGL_LNDAGSEC-M","5.a.1 Proportion of people with ownership or secure rights over agricultural land, by sex (male)","2018","2018","%","","O","Missing value","Not Available | NA | NaN = A figure was not provided"
"SDGB","SDG Indicators","478","Mauritania","6121","Value","SP_LGL_LNDAGSEC-M","5.a.1 Proportion of people with ownership or secure rights over agricultural land, by sex (male)","2019","2019","%","","O","Missing value","Not Available | NA | NaN = A figure was not provided"
"SDGB","SDG Indicators","478","Mauritania","6121","Value","SP_LGL_LNDAGSEC-M","5.a.1 Proportion of people with ownership or secure rights over agricultural land, by sex (male)","2020","2020","%","","O","Missing value","Not Available | NA | NaN = A figure was not provided"
"SDGB","SDG Indicators","478","Mauritania","6121","Value","SP_LGL_LNDAGSEC-M","5.a.1 Proportion of people with ownership or secure rights over agricultural land, by sex (male)","2021","2021","%","40.04","E","Estimated value","Estimated | Demographic and Health Survey | Agricultural households have at least one working-age adult self-employed in agriculture. An individual owns agricultural land if they're part of such a household and own land themselves or jointly with others. and if the household owns land used for agriculture"
"SDGB","SDG Indicators","478","Mauritania","6121","Value","SP_LGL_LNDAGSEC-M","5.a.1 Proportion of people with ownership or secure rights over agricultural land, by sex (male)","2022","2022","%","","O","Missing value","Not Available | NA | NaN = A figure was not provided"
"SDGB","SDG Indicators","478","Mauritania","6121","Value","SP_LGL_LNDAGSEC-M","5.a.1 Proportion of people with ownership or secure rights over agricultural land, by sex (male)","2023","2023","%","","O","Missing value","Not Available | NA | NaN = A figure was not provided"
"SDGB","SDG Indicators","478","Mauritania","6121","Value","SP_LGL_LNDAGSEC-M","5.a.1 Proportion of people with ownership or secure rights over agricultural land, by sex (male)","2024","2024","%","","O","Missing value","Not Available | NA | NaN = A figure was not provided"
"SDGB","SDG Indicators","508","Mozambique","6121","Value","SP_LGL_LNDAGSEC-_T","5.a.1 Proportion of people with ownership or secure rights over agricultural land, by sex (both sexes or no breakdown by sex)","2018","2018","%","","O","Missing value","Not Available | NA | NaN = A figure was not provided"
"SDGB","SDG Indicators","508","Mozambique","6121","Value","SP_LGL_LNDAGSEC-_T","5.a.1 Proportion of people with ownership or secure rights over agricultural land, by sex (both sexes or no breakdown by sex)","2019","2019","%","","O","Missing value","Not Available | NA | NaN = A figure was not provided"
"SDGB","SDG Indicators","508","Mozambique","6121","Value","SP_LGL_LNDAGSEC-_T","5.a.1 Proportion of people with ownership or secure rights over agricultural land, by sex (both sexes or no breakdown by sex)","2020","2020","%","","O","Missing value","Not Available | NA | NaN = A figure was not provided"
"SDGB","SDG Indicators","508","Mozambique","6121","Value","SP_LGL_LNDAGSEC-_T","5.a.1 Proportion of people with ownership or secure rights over agricultural land, by sex (both sexes or no breakdown by sex)","2021","2021","%","","O","Missing value","Not Available | NA | NaN = A figure was not provided"
"SDGB","SDG Indicators","508","Mozambique","6121","Value","SP_LGL_LNDAGSEC-_T","5.a.1 Proportion of people with ownership or secure rights over agricultural land, by sex (both sexes or no breakdown by sex)","2022","2022","%","77.74","E","Estimated value","Estimated | Demographic and Health Survey | Agricultural households have at least one working-age adult self-employed in agriculture. An individual owns agricultural land if they're part of such a household and own land themselves or jointly with others. and if the household owns land used for agriculture"
"SDGB","SDG Indicators","508","Mozambique","6121","Value","SP_LGL_LNDAGSEC-_T","5.a.1 Proportion of people with ownership or secure rights over agricultural land, by sex (both sexes or no breakdown by sex)","2023","2023","%","","O","Missing value","Not Available | NA | NaN = A figure was not provided"
"SDGB","SDG Indicators","508","Mozambique","6121","Value","SP_LGL_LNDAGSEC-_T","5.a.1 Proportion of people with ownership or secure rights over agricultural land, by sex (both sexes or no breakdown by sex)","2024","2024","%","","O","Missing value","Not Available | NA | NaN = A figure was not provided"
"SDGB","SDG Indicators","508","Mozambique","6121","Value","SP_LGL_LNDAGSEC-F","5.a.1 Proportion of people with ownership or secure rights over agricultural land, by sex (female)","2018","2018","%","","O","Missing value","Not Available | NA | NaN = A figure was not provided"
"SDGB","SDG Indicators","508","Mozambique","6121","Value","SP_LGL_LNDAGSEC-F","5.a.1 Proportion of people with ownership or secure rights over agricultural land, by sex (female)","2019","2019","%","","O","Missing value","Not Available | NA | NaN = A figure was not provided"
"SDGB","SDG Indicators","508","Mozambique","6121","Value","SP_LGL_LNDAGSEC-F","5.a.1 Proportion of people with ownership or secure rights over agricultural land, by sex (female)","2020","2020","%","","O","Missing value","Not Available | NA | NaN = A figure was not provided"
"SDGB","SDG Indicators","508","Mozambique","6121","Value","SP_LGL_LNDAGSEC-F","5.a.1 Proportion of people with ownership or secure rights over agricultural land, by sex (female)","2021","2021","%","","O","Missing value","Not Available | NA | NaN = A figure was not provided"
"SDGB","SDG Indicators","508","Mozambique","6121","Value","SP_LGL_LNDAGSEC-F","5.a.1 Proportion of people with ownership or secure rights over agricultural land, by sex (female)","2022","2022","%","77.08","E","Estimated value","Estimated | Demographic and Health Survey | Agricultural households have at least one working-age adult self-employed in agriculture. An individual owns agricultural land if they're part of such a household and own land themselves or jointly with others. and if the household owns land used for agriculture"
"SDGB","SDG Indicators","508","Mozambique","6121","Value","SP_LGL_LNDAGSEC-F","5.a.1 Proportion of people with ownership or secure rights over agricultural land, by sex (female)","2023","2023","%","","O","Missing value","Not Available | NA | NaN = A figure was not provided"
"SDGB","SDG Indicators","508","Mozambique","6121","Value","SP_LGL_LNDAGSEC-F","5.a.1 Proportion of people with ownership or secure rights over agricultural land, by sex (female)","2024","2024","%","","O","Missing value","Not Available | NA | NaN = A figure was not provided"
"SDGB","SDG Indicators","508","Mozambique","6121","Value","SP_LGL_LNDAGSEC-M","5.a.1 Proportion of people with ownership or secure rights over agricultural land, by sex (male)","2018","2018","%","","O","Missing value","Not Available | NA | NaN = A figure was not provided"
"SDGB","SDG Indicators","508","Mozambique","6121","Value","SP_LGL_LNDAGSEC-M","5.a.1 Proportion of people with ownership or secure rights over agricultural land, by sex (male)","2019","2019","%","","O","Missing value","Not Available | NA | NaN = A figure was not provided"
"SDGB","SDG Indicators","508","Mozambique","6121","Value","SP_LGL_LNDAGSEC-M","5.a.1 Proportion of people with ownership or secure rights over agricultural land, by sex (male)","2020","2020","%","","O","Missing value","Not Available | NA | NaN = A figure was not provided"
"SDGB","SDG Indicators","508","Mozambique","6121","Value","SP_LGL_LNDAGSEC-M","5.a.1 Proportion of people with ownership or secure rights over agricultural land, by sex (male)","2021","2021","%","","O","Missing value","Not Available | NA | NaN = A figure was not provided"
"SDGB","SDG Indicators","508","Mozambique","6121","Value","SP_LGL_LNDAGSEC-M","5.a.1 Proportion of people with ownership or secure rights over agricultural land, by sex (male)","2022","2022","%","78.16","E","Estimated value","Estimated | Demographic and Health Survey | Agricultural households have at least one working-age adult self-employed in agriculture. An individual owns agricultural land if they're part of such a household and own land themselves or jointly with others. and if the household owns land used for agriculture"
"SDGB","SDG Indicators","508","Mozambique","6121","Value","SP_LGL_LNDAGSEC-M","5.a.1 Proportion of people with ownership or secure rights over agricultural land, by sex (male)","2023","2023","%","","O","Missing value","Not Available | NA | NaN = A figure was not provided"
"SDGB","SDG Indicators","508","Mozambique","6121","Value","SP_LGL_LNDAGSEC-M","5.a.1 Proportion of people with ownership or secure rights over agricultural land, by sex (male)","2024","2024","%","","O","Missing value","Not Available | NA | NaN = A figure was not provided"
"SDGB","SDG Indicators","566","Nigeria","6121","Value","SP_LGL_LNDAGSEC-_T","5.a.1 Proportion of people with ownership or secure rights over agricultural land, by sex (both sexes or no breakdown by sex)","2018","2018","%","","O","Missing value","Not Available | NA | NaN = A figure was not provided"
"SDGB","SDG Indicators","566","Nigeria","6121","Value","SP_LGL_LNDAGSEC-_T","5.a.1 Proportion of people with ownership or secure rights over agricultural land, by sex (both sexes or no breakdown by sex)","2019","2019","%","39","E","Estimated value","Estimated | General Household Survey Panel- Wave 4 | The individual is listed as owner/ holder of use rights over the parcel if her/his name is listed in the title or ownership document of the parcel or has the right to sell or has the right to bequeath the parcel."
"SDGB","SDG Indicators","566","Nigeria","6121","Value","SP_LGL_LNDAGSEC-_T","5.a.1 Proportion of people with ownership or secure rights over agricultural land, by sex (both sexes or no breakdown by sex)","2020","2020","%","","O","Missing value","Not Available | NA | NaN = A figure was not provided"
"SDGB","SDG Indicators","566","Nigeria","6121","Value","SP_LGL_LNDAGSEC-_T","5.a.1 Proportion of people with ownership or secure rights over agricultural land, by sex (both sexes or no breakdown by sex)","2021","2021","%","","O","Missing value","Not Available | NA | NaN = A figure was not provided"
"SDGB","SDG Indicators","566","Nigeria","6121","Value","SP_LGL_LNDAGSEC-_T","5.a.1 Proportion of people with ownership or secure rights over agricultural land, by sex (both sexes or no breakdown by sex)","2022","2022","%","","O","Missing value","Not Available | NA | NaN = A figure was not provided"
"SDGB","SDG Indicators","566","Nigeria","6121","Value","SP_LGL_LNDAGSEC-_T","5.a.1 Proportion of people with ownership or secure rights over agricultural land, by sex (both sexes or no breakdown by sex)","2023","2023","%","","O","Missing value","Not Available | NA | NaN = A figure was not provided"
"SDGB","SDG Indicators","566","Nigeria","6121","Value","SP_LGL_LNDAGSEC-_T","5.a.1 Proportion of people with ownership or secure rights over agricultural land, by sex (both sexes or no breakdown by sex)","2024","2024","%","","O","Missing value","Not Available | NA | NaN = A figure was not provided"
"SDGB","SDG Indicators","566","Nigeria","6121","Value","SP_LGL_LNDAGSEC-F","5.a.1 Proportion of people with ownership or secure rights over agricultural land, by sex (female)","2018","2018","%","","O","Missing value","Not Available | NA | NaN = A figure was not provided"
"SDGB","SDG Indicators","566","Nigeria","6121","Value","SP_LGL_LNDAGSEC-F","5.a.1 Proportion of people with ownership or secure rights over agricultural land, by sex (female)","2019","2019","%","23.5","E","Estimated value","Estimated | General Household Survey Panel- Wave 4 | The individual is listed as owner/ holder of use rights over the parcel if her/his name is listed in the title or ownership document of the parcel or has the right to sell or has the right to bequeath the parcel."
"SDGB","SDG Indicators","566","Nigeria","6121","Value","SP_LGL_LNDAGSEC-F","5.a.1 Proportion of people with ownership or secure rights over agricultural land, by sex (female)","2020","2020","%","","O","Missing value","Not Available | NA | NaN = A figure was not provided"
"SDGB","SDG Indicators","566","Nigeria","6121","Value","SP_LGL_LNDAGSEC-F","5.a.1 Proportion of people with ownership or secure rights over agricultural land, by sex (female)","2021","2021","%","","O","Missing value","Not Available | NA | NaN = A figure was not provided"
"SDGB","SDG Indicators","566","Nigeria","6121","Value","SP_LGL_LNDAGSEC-F","5.a.1 Proportion of people with ownership or secure rights over agricultural land, by sex (female)","2022","2022","%","","O","Missing value","Not Available | NA | NaN = A figure was not provided"
"SDGB","SDG Indicators","566","Nigeria","6121","Value","SP_LGL_LNDAGSEC-F","5.a.1 Proportion of people with ownership or secure rights over agricultural land, by sex (female)","2023","2023","%","","O","Missing value","Not Available | NA | NaN = A figure was not provided"
"SDGB","SDG Indicators","566","Nigeria","6121","Value","SP_LGL_LNDAGSEC-F","5.a.1 Proportion of people with ownership or secure rights over agricultural land, by sex (female)","2024","2024","%","","O","Missing value","Not Available | NA | NaN = A figure was not provided"
"SDGB","SDG Indicators","566","Nigeria","6121","Value","SP_LGL_LNDAGSEC-M","5.a.1 Proportion of people with ownership or secure rights over agricultural land, by sex (male)","2018","2018","%","","O","Missing value","Not Available | NA | NaN = A figure was not provided"
"SDGB","SDG Indicators","566","Nigeria","6121","Value","SP_LGL_LNDAGSEC-M","5.a.1 Proportion of people with ownership or secure rights over agricultural land, by sex (male)","2019","2019","%","56.1","E","Estimated value","Estimated | General Household Survey Panel- Wave 4 | The individual is listed as owner/ holder of use rights over the parcel if her/his name is listed in the title or ownership document of the parcel or has the right to sell or has the right to bequeath the parcel."
"SDGB","SDG Indicators","566","Nigeria","6121","Value","SP_LGL_LNDAGSEC-M","5.a.1 Proportion of people with ownership or secure rights over agricultural land, by sex (male)","2020","2020","%","","O","Missing value","Not Available | NA | NaN = A figure was not provided"
"SDGB","SDG Indicators","566","Nigeria","6121","Value","SP_LGL_LNDAGSEC-M","5.a.1 Proportion of people with ownership or secure rights over agricultural land, by sex (male)","2021","2021","%","","O","Missing value","Not Available | NA | NaN = A figure was not provided"
"SDGB","SDG Indicators","566","Nigeria","6121","Value","SP_LGL_LNDAGSEC-M","5.a.1 Proportion of people with ownership or secure rights over agricultural land, by sex (male)","2022","2022","%","","O","Missing value","Not Available | NA | NaN = A figure was not provided"
"SDGB","SDG Indicators","566","Nigeria","6121","Value","SP_LGL_LNDAGSEC-M","5.a.1 Proportion of people with ownership or secure rights over agricultural land, by sex (male)","2023","2023","%","","O","Missing value","Not Available | NA | NaN = A figure was not provided"
"SDGB","SDG Indicators","566","Nigeria","6121","Value","SP_LGL_LNDAGSEC-M","5.a.1 Proportion of people with ownership or secure rights over agricultural land, by sex (male)","2024","2024","%","","O","Missing value","Not Available | NA | NaN = A figure was not provided"
"SDGB","SDG Indicators","646","Rwanda","6121","Value","SP_LGL_LNDAGSEC-_T","5.a.1 Proportion of people with ownership or secure rights over agricultural land, by sex (both sexes or no breakdown by sex)","2018","2018","%","","O","Missing value","Not Available | NA | NaN = A figure was not provided"
"SDGB","SDG Indicators","646","Rwanda","6121","Value","SP_LGL_LNDAGSEC-_T","5.a.1 Proportion of people with ownership or secure rights over agricultural land, by sex (both sexes or no breakdown by sex)","2019","2019","%","49.21","E","Estimated value","Estimated | Demographic and Health Survey | Agricultural households have at least one working-age adult self-employed in agriculture. An individual owns agricultural land if they're part of such a household and own land themselves or jointly with others. and if the household owns land used for agriculture"
"SDGB","SDG Indicators","646","Rwanda","6121","Value","SP_LGL_LNDAGSEC-_T","5.a.1 Proportion of people with ownership or secure rights over agricultural land, by sex (both sexes or no breakdown by sex)","2020","2020","%","","O","Missing value","Not Available | NA | NaN = A figure was not provided"
"SDGB","SDG Indicators","646","Rwanda","6121","Value","SP_LGL_LNDAGSEC-_T","5.a.1 Proportion of people with ownership or secure rights over agricultural land, by sex (both sexes or no breakdown by sex)","2021","2021","%","","O","Missing value","Not Available | NA | NaN = A figure was not provided"
"SDGB","SDG Indicators","646","Rwanda","6121","Value","SP_LGL_LNDAGSEC-_T","5.a.1 Proportion of people with ownership or secure rights over agricultural land, by sex (both sexes or no breakdown by sex)","2022","2022","%","","O","Missing value","Not Available | NA | NaN = A figure was not provided"
"SDGB","SDG Indicators","646","Rwanda","6121","Value","SP_LGL_LNDAGSEC-_T","5.a.1 Proportion of people with ownership or secure rights over agricultural land, by sex (both sexes or no breakdown by sex)","2023","2023","%","","O","Missing value","Not Available | NA | NaN = A figure was not provided"
"SDGB","SDG Indicators","646","Rwanda","6121","Value","SP_LGL_LNDAGSEC-_T","5.a.1 Proportion of people with ownership or secure rights over agricultural land, by sex (both sexes or no breakdown by sex)","2024","2024","%","","O","Missing value","Not Available | NA | NaN = A figure was not provided"
"SDGB","SDG Indicators","646","Rwanda","6121","Value","SP_LGL_LNDAGSEC-F","5.a.1 Proportion of people with ownership or secure rights over agricultural land, by sex (female)","2018","2018","%","","O","Missing value","Not Available | NA | NaN = A figure was not provided"
"SDGB","SDG Indicators","646","Rwanda","6121","Value","SP_LGL_LNDAGSEC-F","5.a.1 Proportion of people with ownership or secure rights over agricultural land, by sex (female)","2019","2019","%","48.03","E","Estimated value","Estimated | Demographic and Health Survey | Agricultural households have at least one working-age adult self-employed in agriculture. An individual owns agricultural land if they're part of such a household and own land themselves or jointly with others. and if the household owns land used for agriculture"
"SDGB","SDG Indicators","646","Rwanda","6121","Value","SP_LGL_LNDAGSEC-F","5.a.1 Proportion of people with ownership or secure rights over agricultural land, by sex (female)","2020","2020","%","","O","Missing value","Not Available | NA | NaN = A figure was not provided"
"SDGB","SDG Indicators","646","Rwanda","6121","Value","SP_LGL_LNDAGSEC-F","5.a.1 Proportion of people with ownership or secure rights over agricultural land, by sex (female)","2021","2021","%","","O","Missing value","Not Available | NA | NaN = A figure was not provided"
"SDGB","SDG Indicators","646","Rwanda","6121","Value","SP_LGL_LNDAGSEC-F","5.a.1 Proportion of people with ownership or secure rights over agricultural land, by sex (female)","2022","2022","%","","O","Missing value","Not Available | NA | NaN = A figure was not provided"
"SDGB","SDG Indicators","646","Rwanda","6121","Value","SP_LGL_LNDAGSEC-F","5.a.1 Proportion of people with ownership or secure rights over agricultural land, by sex (female)","2023","2023","%","","O","Missing value","Not Available | NA | NaN = A figure was not provided"
"SDGB","SDG Indicators","646","Rwanda","6121","Value","SP_LGL_LNDAGSEC-F","5.a.1 Proportion of people with ownership or secure rights over agricultural land, by sex (female)","2024","2024","%","","O","Missing value","Not Available | NA | NaN = A figure was not provided"
"SDGB","SDG Indicators","646","Rwanda","6121","Value","SP_LGL_LNDAGSEC-M","5.a.1 Proportion of people with ownership or secure rights over agricultural land, by sex (male)","2018","2018","%","","O","Missing value","Not Available | NA | NaN = A figure was not provided"
"SDGB","SDG Indicators","646","Rwanda","6121","Value","SP_LGL_LNDAGSEC-M","5.a.1 Proportion of people with ownership or secure rights over agricultural land, by sex (male)","2019","2019","%","50.25","E","Estimated value","Estimated | Demographic and Health Survey | Agricultural households have at least one working-age adult self-employed in agriculture. An individual owns agricultural land if they're part of such a household and own land themselves or jointly with others. and if the household owns land used for agriculture"
"SDGB","SDG Indicators","646","Rwanda","6121","Value","SP_LGL_LNDAGSEC-M","5.a.1 Proportion of people with ownership or secure rights over agricultural land, by sex (male)","2020","2020","%","","O","Missing value","Not Available | NA | NaN = A figure was not provided"
"SDGB","SDG Indicators","646","Rwanda","6121","Value","SP_LGL_LNDAGSEC-M","5.a.1 Proportion of people with ownership or secure rights over agricultural land, by sex (male)","2021","2021","%","","O","Missing value","Not Available | NA | NaN = A figure was not provided"
"SDGB","SDG Indicators","646","Rwanda","6121","Value","SP_LGL_LNDAGSEC-M","5.a.1 Proportion of people with ownership or secure rights over agricultural land, by sex (male)","2022","2022","%","","O","Missing value","Not Available | NA | NaN = A figure was not provided"
"SDGB","SDG Indicators","646","Rwanda","6121","Value","SP_LGL_LNDAGSEC-M","5.a.1 Proportion of people with ownership or secure rights over agricultural land, by sex (male)","2023","2023","%","","O","Missing value","Not Available | NA | NaN = A figure was not provided"
"SDGB","SDG Indicators","646","Rwanda","6121","Value","SP_LGL_LNDAGSEC-M","5.a.1 Proportion of people with ownership or secure rights over agricultural land, by sex (male)","2024","2024","%","","O","Missing value","Not Available | NA | NaN = A figure was not provided"
"SDGB","SDG Indicators","694","Sierra Leone","6121","Value","SP_LGL_LNDAGSEC-_T","5.a.1 Proportion of people with ownership or secure rights over agricultural land, by sex (both sexes or no breakdown by sex)","2018","2018","%","15.3","E","Estimated value","Estimated | Integrated Household Survey | The individual is listed as the person within the household who has the right to sell the land"
"SDGB","SDG Indicators","694","Sierra Leone","6121","Value","SP_LGL_LNDAGSEC-_T","5.a.1 Proportion of people with ownership or secure rights over agricultural land, by sex (both sexes or no breakdown by sex)","2019","2019","%","","O","Missing value","Not Available | NA | NaN = A figure was not provided"
"SDGB","SDG Indicators","694","Sierra Leone","6121","Value","SP_LGL_LNDAGSEC-_T","5.a.1 Proportion of people with ownership or secure rights over agricultural land, by sex (both sexes or no breakdown by sex)","2020","2020","%","","O","Missing value","Not Available | NA | NaN = A figure was not provided"
"SDGB","SDG Indicators","694","Sierra Leone","6121","Value","SP_LGL_LNDAGSEC-_T","5.a.1 Proportion of people with ownership or secure rights over agricultural land, by sex (both sexes or no breakdown by sex)","2021","2021","%","","O","Missing value","Not Available | NA | NaN = A figure was not provided"
"SDGB","SDG Indicators","694","Sierra Leone","6121","Value","SP_LGL_LNDAGSEC-_T","5.a.1 Proportion of people with ownership or secure rights over agricultural land, by sex (both sexes or no breakdown by sex)","2022","2022","%","","O","Missing value","Not Available | NA | NaN = A figure was not provided"
"SDGB","SDG Indicators","694","Sierra Leone","6121","Value","SP_LGL_LNDAGSEC-_T","5.a.1 Proportion of people with ownership or secure rights over agricultural land, by sex (both sexes or no breakdown by sex)","2023","2023","%","","O","Missing value","Not Available | NA | NaN = A figure was not provided"
"SDGB","SDG Indicators","694","Sierra Leone","6121","Value","SP_LGL_LNDAGSEC-_T","5.a.1 Proportion of people with ownership or secure rights over agricultural land, by sex (both sexes or no breakdown by sex)","2024","2024","%","","O","Missing value","Not Available | NA | NaN = A figure was not provided"
"SDGB","SDG Indicators","694","Sierra Leone","6121","Value","SP_LGL_LNDAGSEC-F","5.a.1 Proportion of people with ownership or secure rights over agricultural land, by sex (female)","2018","2018","%","9.5","E","Estimated value","Estimated | Integrated Household Survey | The individual is listed as the person within the household who has the right to sell the land"
"SDGB","SDG Indicators","694","Sierra Leone","6121","Value","SP_LGL_LNDAGSEC-F","5.a.1 Proportion of people with ownership or secure rights over agricultural land, by sex (female)","2019","2019","%","","O","Missing value","Not Available | NA | NaN = A figure was not provided"
"SDGB","SDG Indicators","694","Sierra Leone","6121","Value","SP_LGL_LNDAGSEC-F","5.a.1 Proportion of people with ownership or secure rights over agricultural land, by sex (female)","2020","2020","%","","O","Missing value","Not Available | NA | NaN = A figure was not provided"
"SDGB","SDG Indicators","694","Sierra Leone","6121","Value","SP_LGL_LNDAGSEC-F","5.a.1 Proportion of people with ownership or secure rights over agricultural land, by sex (female)","2021","2021","%","","O","Missing value","Not Available | NA | NaN = A figure was not provided"
"SDGB","SDG Indicators","694","Sierra Leone","6121","Value","SP_LGL_LNDAGSEC-F","5.a.1 Proportion of people with ownership or secure rights over agricultural land, by sex (female)","2022","2022","%","","O","Missing value","Not Available | NA | NaN = A figure was not provided"
"SDGB","SDG Indicators","694","Sierra Leone","6121","Value","SP_LGL_LNDAGSEC-F","5.a.1 Proportion of people with ownership or secure rights over agricultural land, by sex (female)","2023","2023","%","","O","Missing value","Not Available | NA | NaN = A figure was not provided"
"SDGB","SDG Indicators","694","Sierra Leone","6121","Value","SP_LGL_LNDAGSEC-F","5.a.1 Proportion of people with ownership or secure rights over agricultural land, by sex (female)","2024","2024","%","","O","Missing value","Not Available | NA | NaN = A figure was not provided"
"SDGB","SDG Indicators","694","Sierra Leone","6121","Value","SP_LGL_LNDAGSEC-M","5.a.1 Proportion of people with ownership or secure rights over agricultural land, by sex (male)","2018","2018","%","22.7","E","Estimated value","Estimated | Integrated Household Survey | The individual is listed as the person within the household who has the right to sell the land"
"SDGB","SDG Indicators","694","Sierra Leone","6121","Value","SP_LGL_LNDAGSEC-M","5.a.1 Proportion of people with ownership or secure rights over agricultural land, by sex (male)","2019","2019","%","","O","Missing value","Not Available | NA | NaN = A figure was not provided"
"SDGB","SDG Indicators","694","Sierra Leone","6121","Value","SP_LGL_LNDAGSEC-M","5.a.1 Proportion of people with ownership or secure rights over agricultural land, by sex (male)","2020","2020","%","","O","Missing value","Not Available | NA | NaN = A figure was not provided"
"SDGB","SDG Indicators","694","Sierra Leone","6121","Value","SP_LGL_LNDAGSEC-M","5.a.1 Proportion of people with ownership or secure rights over agricultural land, by sex (male)","2021","2021","%","","O","Missing value","Not Available | NA | NaN = A figure was not provided"
"SDGB","SDG Indicators","694","Sierra Leone","6121","Value","SP_LGL_LNDAGSEC-M","5.a.1 Proportion of people with ownership or secure rights over agricultural land, by sex (male)","2022","2022","%","","O","Missing value","Not Available | NA | NaN = A figure was not provided"
"SDGB","SDG Indicators","694","Sierra Leone","6121","Value","SP_LGL_LNDAGSEC-M","5.a.1 Proportion of people with ownership or secure rights over agricultural land, by sex (male)","2023","2023","%","","O","Missing value","Not Available | NA | NaN = A figure was not provided"
"SDGB","SDG Indicators","694","Sierra Leone","6121","Value","SP_LGL_LNDAGSEC-M","5.a.1 Proportion of people with ownership or secure rights over agricultural land, by sex (male)","2024","2024","%","","O","Missing value","Not Available | NA | NaN = A figure was not provided"
"SDGB","SDG Indicators","800","Uganda","6121","Value","SP_LGL_LNDAGSEC-_T","5.a.1 Proportion of people with ownership or secure rights over agricultural land, by sex (both sexes or no breakdown by sex)","2018","2018","%","39.6","A","Official value","Country Data | Annual Agricultural Survey | Documented ownership. the right to sell and the right to bequeath are the criteria used to produce the estimate."
"SDGB","SDG Indicators","800","Uganda","6121","Value","SP_LGL_LNDAGSEC-_T","5.a.1 Proportion of people with ownership or secure rights over agricultural land, by sex (both sexes or no breakdown by sex)","2019","2019","%","40.8","A","Official value","Country Data | Annual Agricultural Survey | Documented ownership. the right to sell and the right to bequeath are the criteria used to produce the estimate."
"SDGB","SDG Indicators","800","Uganda","6121","Value","SP_LGL_LNDAGSEC-_T","5.a.1 Proportion of people with ownership or secure rights over agricultural land, by sex (both sexes or no breakdown by sex)","2020","2020","%","","O","Missing value","Not Available | NA | NaN = A figure was not provided"
"SDGB","SDG Indicators","800","Uganda","6121","Value","SP_LGL_LNDAGSEC-_T","5.a.1 Proportion of people with ownership or secure rights over agricultural land, by sex (both sexes or no breakdown by sex)","2021","2021","%","","O","Missing value","Not Available | NA | NaN = A figure was not provided"
"SDGB","SDG Indicators","800","Uganda","6121","Value","SP_LGL_LNDAGSEC-_T","5.a.1 Proportion of people with ownership or secure rights over agricultural land, by sex (both sexes or no breakdown by sex)","2022","2022","%","","O","Missing value","Not Available | NA | NaN = A figure was not provided"
"SDGB","SDG Indicators","800","Uganda","6121","Value","SP_LGL_LNDAGSEC-_T","5.a.1 Proportion of people with ownership or secure rights over agricultural land, by sex (both sexes or no breakdown by sex)","2023","2023","%","","O","Missing value","Not Available | NA | NaN = A figure was not provided"
"SDGB","SDG Indicators","800","Uganda","6121","Value","SP_LGL_LNDAGSEC-_T","5.a.1 Proportion of people with ownership or secure rights over agricultural land, by sex (both sexes or no breakdown by sex)","2024","2024","%","","O","Missing value","Not Available | NA | NaN = A figure was not provided"
"SDGB","SDG Indicators","800","Uganda","6121","Value","SP_LGL_LNDAGSEC-F","5.a.1 Proportion of people with ownership or secure rights over agricultural land, by sex (female)","2018","2018","%","31.1","A","Official value","Country Data | Annual Agricultural Survey | Documented ownership. the right to sell and the right to bequeath are the criteria used to produce the estimate."
"SDGB","SDG Indicators","800","Uganda","6121","Value","SP_LGL_LNDAGSEC-F","5.a.1 Proportion of people with ownership or secure rights over agricultural land, by sex (female)","2019","2019","%","30.4","A","Official value","Country Data | Annual Agricultural Survey | Documented ownership. the right to sell and the right to bequeath are the criteria used to produce the estimate."
"SDGB","SDG Indicators","800","Uganda","6121","Value","SP_LGL_LNDAGSEC-F","5.a.1 Proportion of people with ownership or secure rights over agricultural land, by sex (female)","2020","2020","%","","O","Missing value","Not Available | NA | NaN = A figure was not provided"
"SDGB","SDG Indicators","800","Uganda","6121","Value","SP_LGL_LNDAGSEC-F","5.a.1 Proportion of people with ownership or secure rights over agricultural land, by sex (female)","2021","2021","%","","O","Missing value","Not Available | NA | NaN = A figure was not provided"
"SDGB","SDG Indicators","800","Uganda","6121","Value","SP_LGL_LNDAGSEC-F","5.a.1 Proportion of people with ownership or secure rights over agricultural land, by sex (female)","2022","2022","%","","O","Missing value","Not Available | NA | NaN = A figure was not provided"
"SDGB","SDG Indicators","800","Uganda","6121","Value","SP_LGL_LNDAGSEC-F","5.a.1 Proportion of people with ownership or secure rights over agricultural land, by sex (female)","2023","2023","%","","O","Missing value","Not Available | NA | NaN = A figure was not provided"
"SDGB","SDG Indicators","800","Uganda","6121","Value","SP_LGL_LNDAGSEC-F","5.a.1 Proportion of people with ownership or secure rights over agricultural land, by sex (female)","2024","2024","%","","O","Missing value","Not Available | NA | NaN = A figure was not provided"
"SDGB","SDG Indicators","800","Uganda","6121","Value","SP_LGL_LNDAGSEC-M","5.a.1 Proportion of people with ownership or secure rights over agricultural land, by sex (male)","2018","2018","%","48.7","A","Official value","Country Data | Annual Agricultural Survey | Documented ownership. the right to sell and the right to bequeath are the criteria used to produce the estimate."
"SDGB","SDG Indicators","800","Uganda","6121","Value","SP_LGL_LNDAGSEC-M","5.a.1 Proportion of people with ownership or secure rights over agricultural land, by sex (male)","2019","2019","%","52","A","Official value","Country Data | Annual Agricultural Survey | Documented ownership. the right to sell and the right to bequeath are the criteria used to produce the estimate."
"SDGB","SDG Indicators","800","Uganda","6121","Value","SP_LGL_LNDAGSEC-M","5.a.1 Proportion of people with ownership or secure rights over agricultural land, by sex (male)","2020","2020","%","","O","Missing value","Not Available | NA | NaN = A figure was not provided"
"SDGB","SDG Indicators","800","Uganda","6121","Value","SP_LGL_LNDAGSEC-M","5.a.1 Proportion of people with ownership or secure rights over agricultural land, by sex (male)","2021","2021","%","","O","Missing value","Not Available | NA | NaN = A figure was not provided"
"SDGB","SDG Indicators","800","Uganda","6121","Value","SP_LGL_LNDAGSEC-M","5.a.1 Proportion of people with ownership or secure rights over agricultural land, by sex (male)","2022","2022","%","","O","Missing value","Not Available | NA | NaN = A figure was not provided"
"SDGB","SDG Indicators","800","Uganda","6121","Value","SP_LGL_LNDAGSEC-M","5.a.1 Proportion of people with ownership or secure rights over agricultural land, by sex (male)","2023","2023","%","","O","Missing value","Not Available | NA | NaN = A figure was not provided"
"SDGB","SDG Indicators","800","Uganda","6121","Value","SP_LGL_LNDAGSEC-M","5.a.1 Proportion of people with ownership or secure rights over agricultural land, by sex (male)","2024","2024","%","","O","Missing value","Not Available | NA | NaN = A figure was not provided"
"SDGB","SDG Indicators","834","United Republic of Tanzania","6121","Value","SP_LGL_LNDAGSEC-_T","5.a.1 Proportion of people with ownership or secure rights over agricultural land, by sex (both sexes or no breakdown by sex)","2018","2018","%","","O","Missing value","Not Available | NA | NaN = A figure was not provided"
"SDGB","SDG Indicators","834","United Republic of Tanzania","6121","Value","SP_LGL_LNDAGSEC-_T","5.a.1 Proportion of people with ownership or secure rights over agricultural land, by sex (both sexes or no breakdown by sex)","2019","2019","%","42.1","E","Estimated value","Estimated | National Panel Survey | The individual is listed as owner/ holder of use rights over the parcel if her/his name is listed in the title or ownership document of the parcel or has the right to sell the parcel."
"SDGB","SDG Indicators","834","United Republic of Tanzania","6121","Value","SP_LGL_LNDAGSEC-_T","5.a.1 Proportion of people with ownership or secure rights over agricultural land, by sex (both sexes or no breakdown by sex)","2020","2020","%","","O","Missing value","Not Available | NA | NaN = A figure was not provided"
"SDGB","SDG Indicators","834","United Republic of Tanzania","6121","Value","SP_LGL_LNDAGSEC-_T","5.a.1 Proportion of people with ownership or secure rights over agricultural land, by sex (both sexes or no breakdown by sex)","2021","2021","%","","O","Missing value","Not Available | NA | NaN = A figure was not provided"
"SDGB","SDG Indicators","834","United Republic of Tanzania","6121","Value","SP_LGL_LNDAGSEC-_T","5.a.1 Proportion of people with ownership or secure rights over agricultural land, by sex (both sexes or no breakdown by sex)","2022","2022","%","","O","Missing value","Not Available | NA | NaN = A figure was not provided"
"SDGB","SDG Indicators","834","United Republic of Tanzania","6121","Value","SP_LGL_LNDAGSEC-_T","5.a.1 Proportion of people with ownership or secure rights over agricultural land, by sex (both sexes or no breakdown by sex)","2023","2023","%","","O","Missing value","Not Available | NA | NaN = A figure was not provided"
"SDGB","SDG Indicators","834","United Republic of Tanzania","6121","Value","SP_LGL_LNDAGSEC-_T","5.a.1 Proportion of people with ownership or secure rights over agricultural land, by sex (both sexes or no breakdown by sex)","2024","2024","%","","O","Missing value","Not Available | NA | NaN = A figure was not provided"
"SDGB","SDG Indicators","834","United Republic of Tanzania","6121","Value","SP_LGL_LNDAGSEC-F","5.a.1 Proportion of people with ownership or secure rights over agricultural land, by sex (female)","2018","2018","%","","O","Missing value","Not Available | NA | NaN = A figure was not provided"
"SDGB","SDG Indicators","834","United Republic of Tanzania","6121","Value","SP_LGL_LNDAGSEC-F","5.a.1 Proportion of people with ownership or secure rights over agricultural land, by sex (female)","2019","2019","%","38.8","E","Estimated value","Estimated | National Panel Survey | The individual is listed as owner/ holder of use rights over the parcel if her/his name is listed in the title or ownership document of the parcel or has the right to sell the parcel."
"SDGB","SDG Indicators","834","United Republic of Tanzania","6121","Value","SP_LGL_LNDAGSEC-F","5.a.1 Proportion of people with ownership or secure rights over agricultural land, by sex (female)","2020","2020","%","","O","Missing value","Not Available | NA | NaN = A figure was not provided"
"SDGB","SDG Indicators","834","United Republic of Tanzania","6121","Value","SP_LGL_LNDAGSEC-F","5.a.1 Proportion of people with ownership or secure rights over agricultural land, by sex (female)","2021","2021","%","","O","Missing value","Not Available | NA | NaN = A figure was not provided"
"SDGB","SDG Indicators","834","United Republic of Tanzania","6121","Value","SP_LGL_LNDAGSEC-F","5.a.1 Proportion of people with ownership or secure rights over agricultural land, by sex (female)","2022","2022","%","","O","Missing value","Not Available | NA | NaN = A figure was not provided"
"SDGB","SDG Indicators","834","United Republic of Tanzania","6121","Value","SP_LGL_LNDAGSEC-F","5.a.1 Proportion of people with ownership or secure rights over agricultural land, by sex (female)","2023","2023","%","","O","Missing value","Not Available | NA | NaN = A figure was not provided"
"SDGB","SDG Indicators","834","United Republic of Tanzania","6121","Value","SP_LGL_LNDAGSEC-F","5.a.1 Proportion of people with ownership or secure rights over agricultural land, by sex (female)","2024","2024","%","","O","Missing value","Not Available | NA | NaN = A figure was not provided"
"SDGB","SDG Indicators","834","United Republic of Tanzania","6121","Value","SP_LGL_LNDAGSEC-M","5.a.1 Proportion of people with ownership or secure rights over agricultural land, by sex (male)","2018","2018","%","","O","Missing value","Not Available | NA | NaN = A figure was not provided"
"SDGB","SDG Indicators","834","United Republic of Tanzania","6121","Value","SP_LGL_LNDAGSEC-M","5.a.1 Proportion of people with ownership or secure rights over agricultural land, by sex (male)","2019","2019","%","45.7","E","Estimated value","Estimated | National Panel Survey | The individual is listed as owner/ holder of use rights over the parcel if her/his name is listed in the title or ownership document of the parcel or has the right to sell the parcel."
"SDGB","SDG Indicators","834","United Republic of Tanzania","6121","Value","SP_LGL_LNDAGSEC-M","5.a.1 Proportion of people with ownership or secure rights over agricultural land, by sex (male)","2020","2020","%","","O","Missing value","Not Available | NA | NaN = A figure was not provided"
"SDGB","SDG Indicators","834","United Republic of Tanzania","6121","Value","SP_LGL_LNDAGSEC-M","5.a.1 Proportion of people with ownership or secure rights over agricultural land, by sex (male)","2021","2021","%","","O","Missing value","Not Available | NA | NaN = A figure was not provided"
"SDGB","SDG Indicators","834","United Republic of Tanzania","6121","Value","SP_LGL_LNDAGSEC-M","5.a.1 Proportion of people with ownership or secure rights over agricultural land, by sex (male)","2022","2022","%","","O","Missing value","Not Available | NA | NaN = A figure was not provided"
"SDGB","SDG Indicators","834","United Republic of Tanzania","6121","Value","SP_LGL_LNDAGSEC-M","5.a.1 Proportion of people with ownership or secure rights over agricultural land, by sex (male)","2023","2023","%","","O","Missing value","Not Available | NA | NaN = A figure was not provided"
"SDGB","SDG Indicators","834","United Republic of Tanzania","6121","Value","SP_LGL_LNDAGSEC-M","5.a.1 Proportion of people with ownership or secure rights over agricultural land, by sex (male)","2024","2024","%","","O","Missing value","Not Available | NA | NaN = A figure was not provided"
"SDGB","SDG Indicators","716","Zimbabwe","6121","Value","SP_LGL_LNDAGSEC-_T","5.a.1 Proportion of people with ownership or secure rights over agricultural land, by sex (both sexes or no breakdown by sex)","2018","2018","%","","O","Missing value","Not Available | NA | NaN = A figure was not provided"
"SDGB","SDG Indicators","716","Zimbabwe","6121","Value","SP_LGL_LNDAGSEC-_T","5.a.1 Proportion of people with ownership or secure rights over agricultural land, by sex (both sexes or no breakdown by sex)","2019","2019","%","45.3","A","Official value","Country Data | Labour Force Survey | The individual is listed as owner/ holder of use rights over the parcel if her/his name is listed in the title or ownership document of the parcel or has the right to sell or has the right to bequeath the parcel."
"SDGB","SDG Indicators","716","Zimbabwe","6121","Value","SP_LGL_LNDAGSEC-_T","5.a.1 Proportion of people with ownership or secure rights over agricultural land, by sex (both sexes or no breakdown by sex)","2020","2020","%","","O","Missing value","Not Available | NA | NaN = A figure was not provided"
"SDGB","SDG Indicators","716","Zimbabwe","6121","Value","SP_LGL_LNDAGSEC-_T","5.a.1 Proportion of people with ownership or secure rights over agricultural land, by sex (both sexes or no breakdown by sex)","2021","2021","%","","O","Missing value","Not Available | NA | NaN = A figure was not provided"
"SDGB","SDG Indicators","716","Zimbabwe","6121","Value","SP_LGL_LNDAGSEC-_T","5.a.1 Proportion of people with ownership or secure rights over agricultural land, by sex (both sexes or no breakdown by sex)","2022","2022","%","","O","Missing value","Not Available | NA | NaN = A figure was not provided"
"SDGB","SDG Indicators","716","Zimbabwe","6121","Value","SP_LGL_LNDAGSEC-_T","5.a.1 Proportion of people with ownership or secure rights over agricultural land, by sex (both sexes or no breakdown by sex)","2023","2023","%","","O","Missing value","Not Available | NA | NaN = A figure was not provided"
"SDGB","SDG Indicators","716","Zimbabwe","6121","Value","SP_LGL_LNDAGSEC-_T","5.a.1 Proportion of people with ownership or secure rights over agricultural land, by sex (both sexes or no breakdown by sex)","2024","2024","%","","O","Missing value","Not Available | NA | NaN = A figure was not provided"
"SDGB","SDG Indicators","716","Zimbabwe","6121","Value","SP_LGL_LNDAGSEC-F","5.a.1 Proportion of people with ownership or secure rights over agricultural land, by sex (female)","2018","2018","%","","O","Missing value","Not Available | NA | NaN = A figure was not provided"
"SDGB","SDG Indicators","716","Zimbabwe","6121","Value","SP_LGL_LNDAGSEC-F","5.a.1 Proportion of people with ownership or secure rights over agricultural land, by sex (female)","2019","2019","%","44.9","A","Official value","Country Data | Labour Force Survey | The individual is listed as owner/ holder of use rights over the parcel if her/his name is listed in the title or ownership document of the parcel or has the right to sell or has the right to bequeath the parcel."
"SDGB","SDG Indicators","716","Zimbabwe","6121","Value","SP_LGL_LNDAGSEC-F","5.a.1 Proportion of people with ownership or secure rights over agricultural land, by sex (female)","2020","2020","%","","O","Missing value","Not Available | NA | NaN = A figure was not provided"
"SDGB","SDG Indicators","716","Zimbabwe","6121","Value","SP_LGL_LNDAGSEC-F","5.a.1 Proportion of people with ownership or secure rights over agricultural land, by sex (female)","2021","2021","%","","O","Missing value","Not Available | NA | NaN = A figure was not provided"
"SDGB","SDG Indicators","716","Zimbabwe","6121","Value","SP_LGL_LNDAGSEC-F","5.a.1 Proportion of people with ownership or secure rights over agricultural land, by sex (female)","2022","2022","%","","O","Missing value","Not Available | NA | NaN = A figure was not provided"
"SDGB","SDG Indicators","716","Zimbabwe","6121","Value","SP_LGL_LNDAGSEC-F","5.a.1 Proportion of people with ownership or secure rights over agricultural land, by sex (female)","2023","2023","%","","O","Missing value","Not Available | NA | NaN = A figure was not provided"
"SDGB","SDG Indicators","716","Zimbabwe","6121","Value","SP_LGL_LNDAGSEC-F","5.a.1 Proportion of people with ownership or secure rights over agricultural land, by sex (female)","2024","2024","%","","O","Missing value","Not Available | NA | NaN = A figure was not provided"
"SDGB","SDG Indicators","716","Zimbabwe","6121","Value","SP_LGL_LNDAGSEC-M","5.a.1 Proportion of people with ownership or secure rights over agricultural land, by sex (male)","2018","2018","%","","O","Missing value","Not Available | NA | NaN = A figure was not provided"
"SDGB","SDG Indicators","716","Zimbabwe","6121","Value","SP_LGL_LNDAGSEC-M","5.a.1 Proportion of people with ownership or secure rights over agricultural land, by sex (male)","2019","2019","%","45.9","A","Official value","Country Data | Labour Force Survey | The individual is listed as owner/ holder of use rights over the parcel if her/his name is listed in the title or ownership document of the parcel or has the right to sell or has the right to bequeath the parcel."
"SDGB","SDG Indicators","716","Zimbabwe","6121","Value","SP_LGL_LNDAGSEC-M","5.a.1 Proportion of people with ownership or secure rights over agricultural land, by sex (male)","2020","2020","%","","O","Missing value","Not Available | NA | NaN = A figure was not provided"
"SDGB","SDG Indicators","716","Zimbabwe","6121","Value","SP_LGL_LNDAGSEC-M","5.a.1 Proportion of people with ownership or secure rights over agricultural land, by sex (male)","2021","2021","%","","O","Missing value","Not Available | NA | NaN = A figure was not provided"
"SDGB","SDG Indicators","716","Zimbabwe","6121","Value","SP_LGL_LNDAGSEC-M","5.a.1 Proportion of people with ownership or secure rights over agricultural land, by sex (male)","2022","2022","%","","O","Missing value","Not Available | NA | NaN = A figure was not provided"
"SDGB","SDG Indicators","716","Zimbabwe","6121","Value","SP_LGL_LNDAGSEC-M","5.a.1 Proportion of people with ownership or secure rights over agricultural land, by sex (male)","2023","2023","%","","O","Missing value","Not Available | NA | NaN = A figure was not provided"
"SDGB","SDG Indicators","716","Zimbabwe","6121","Value","SP_LGL_LNDAGSEC-M","5.a.1 Proportion of people with ownership or secure rights over agricultural land, by sex (male)","2024","2024","%","","O","Missing value","Not Available | NA | NaN = A figure was not provided"
