Domain Code,Domain,Area Code (M49),Area,Element Code,Element,Item Code (CPC),Item,Year Code,Year,Unit,Value,Flag,Flag Description,Note
"QCL","Crops and livestock products","204","Benin","5312","Area harvested","01708","Bambara beans, dry","2024","2024","ha","4552","I","Value imputed by a receiving agency",""
"QCL","Crops and livestock products","204","Benin","5510","Production","01708","Bambara beans, dry","2024","2024","t","3243.3","I","Value imputed by a receiving agency",""
"QCL","Crops and livestock products","204","Benin","5312","Area harvested","01312","Bananas","2024","2024","ha","4348","E","Estimated value",""
"QCL","Crops and livestock products","204","Benin","5510","Production","01312","Bananas","2024","2024","t","20972.97","E","Estimated value",""
"QCL","Crops and livestock products","204","Benin","5312","Area harvested","01701","Beans, dry","2024","2024","ha","","M","Missing value; data cannot exist",""
"QCL","Crops and livestock products","204","Benin","5510","Production","01701","Beans, dry","2024","2024","t","","M","Missing value; data cannot exist",""
"QCL","Crops and livestock products","204","Benin","5312","Area harvested","01372","Cashew nuts, in shell","2024","2024","ha","487479","A","Official value",""
"QCL","Crops and livestock products","204","Benin","5510","Production","01372","Cashew nuts, in shell","2024","2024","t","212623.56","A","Official value",""
"QCL","Crops and livestock products","204","Benin","5312","Area harvested","01520.01","Cassava, fresh","2024","2024","ha","298564","A","Official value",""
"QCL","Crops and livestock products","204","Benin","5510","Production","01520.01","Cassava, fresh","2024","2024","t","4448391.32","A","Official value",""
"QCL","Crops and livestock products","204","Benin","5312","Area harvested","01447","Castor oil seeds","2024","2024","ha","882","I","Value imputed by a receiving agency",""
"QCL","Crops and livestock products","204","Benin","5510","Production","01447","Castor oil seeds","2024","2024","t","641.88","I","Value imputed by a receiving agency",""
"QCL","Crops and livestock products","204","Benin","5510","Production","21512","Cattle fat, unrendered","2024","2024","t","1529.41","I","Value imputed by a receiving agency",""
"QCL","Crops and livestock products","204","Benin","5312","Area harvested","01231","Chillies and peppers, green (Capsicum spp. and Pimenta spp.)","2024","2024","ha","35000","E","Estimated value",""
"QCL","Crops and livestock products","204","Benin","5510","Production","01231","Chillies and peppers, green (Capsicum spp. and Pimenta spp.)","2024","2024","t","119000","A","Official value",""
"QCL","Crops and livestock products","204","Benin","5510","Production","01640","Cocoa beans","2024","2024","t","","M","Missing value; data cannot exist",""
"QCL","Crops and livestock products","204","Benin","5312","Area harvested","01460","Coconuts, in shell","2024","2024","ha","16879","E","Estimated value",""
"QCL","Crops and livestock products","204","Benin","5510","Production","01460","Coconuts, in shell","2024","2024","t","16995.12","I","Value imputed by a receiving agency",""
"QCL","Crops and livestock products","204","Benin","5312","Area harvested","01610","Coffee, green","2024","2024","ha","284","E","Estimated value",""
"QCL","Crops and livestock products","204","Benin","5510","Production","01610","Coffee, green","2024","2024","t","55.13","E","Estimated value",""
"QCL","Crops and livestock products","204","Benin","5312","Area harvested","01706","Cow peas, dry","2024","2024","ha","220485","A","Official value",""
"QCL","Crops and livestock products","204","Benin","5510","Production","01706","Cow peas, dry","2024","2024","t","184466","A","Official value",""
"QCL","Crops and livestock products","204","Benin","5312","Area harvested","01314","Dates","2024","2024","ha","586","E","Estimated value",""
"QCL","Crops and livestock products","204","Benin","5510","Production","01314","Dates","2024","2024","t","1445.84","E","Estimated value",""
"QCL","Crops and livestock products","204","Benin","5510","Production","21151","Edible offal of cattle, fresh, chilled or frozen","2024","2024","t","9558.8","I","Value imputed by a receiving agency",""
"QCL","Crops and livestock products","204","Benin","5510","Production","21156","Edible offal of goat, fresh, chilled or frozen","2024","2024","t","3079","I","Value imputed by a receiving agency",""
"QCL","Crops and livestock products","204","Benin","5510","Production","21153","Edible offal of pigs, fresh, chilled or frozen","2024","2024","t","946.3","I","Value imputed by a receiving agency",""
"QCL","Crops and livestock products","204","Benin","5510","Production","21155","Edible offal of sheep, fresh, chilled or frozen","2024","2024","t","2730.6","I","Value imputed by a receiving agency",""
"QCL","Crops and livestock products","204","Benin","5510","Production","21511.01","Fat of pigs","2024","2024","t","1135.56","I","Value imputed by a receiving agency",""
"QCL","Crops and livestock products","204","Benin","5312","Area harvested","01193","Fonio","2024","2024","ha","813","A","Official value",""
"QCL","Crops and livestock products","204","Benin","5510","Production","01193","Fonio","2024","2024","t","585.69","A","Official value",""
"QCL","Crops and livestock products","204","Benin","5510","Production","21170.02","Game meat, fresh, chilled or frozen","2024","2024","t","9076.78","E","Estimated value",""
"QCL","Crops and livestock products","204","Benin","5510","Production","21515","Goat fat, unrendered","2024","2024","t","461.85","I","Value imputed by a receiving agency",""
"QCL","Crops and livestock products","204","Benin","5312","Area harvested","0142","Groundnuts, excluding shelled","2024","2024","ha","236816","A","Official value",""
"QCL","Crops and livestock products","204","Benin","5510","Production","0142","Groundnuts, excluding shelled","2024","2024","t","221118.55","A","Official value",""
"QCL","Crops and livestock products","204","Benin","5510","Production","0231","Hen eggs in shell, fresh","2024","2024","t","22822","A","Official value",""
"QCL","Crops and livestock products","204","Benin","5513","Production","0231","Hen eggs in shell, fresh","2024","2024","1000 No","403917","A","Official value",""
"QCL","Crops and livestock products","204","Benin","5312","Area harvested","01499.01","Karite nuts (sheanuts)","2024","2024","ha","53519","I","Value imputed by a receiving agency",""
"QCL","Crops and livestock products","204","Benin","5510","Production","01499.01","Karite nuts (sheanuts)","2024","2024","t","86292.37","I","Value imputed by a receiving agency",""
"QCL","Crops and livestock products","204","Benin","5312","Area harvested","01379.02","Kola nuts","2024","2024","ha","2062","I","Value imputed by a receiving agency",""
"QCL","Crops and livestock products","204","Benin","5510","Production","01379.02","Kola nuts","2024","2024","t","619","I","Value imputed by a receiving agency",""
"QCL","Crops and livestock products","204","Benin","5312","Area harvested","0112","Maize (corn)","2024","2024","ha","1759588","A","Official value",""
"QCL","Crops and livestock products","204","Benin","5510","Production","0112","Maize (corn)","2024","2024","t","2094824.35","A","Official value",""
"QCL","Crops and livestock products","204","Benin","5312","Area harvested","01316","Mangoes, guavas and mangosteens","2024","2024","ha","3452","E","Estimated value",""
"QCL","Crops and livestock products","204","Benin","5510","Production","01316","Mangoes, guavas and mangosteens","2024","2024","t","16377.32","E","Estimated value",""
"QCL","Crops and livestock products","204","Benin","5510","Production","21111.01","Meat of cattle with the bone, fresh or chilled","2024","2024","t","47794","A","Official value",""
"QCL","Crops and livestock products","204","Benin","5510","Production","21121","Meat of chickens, fresh or chilled","2024","2024","t","14486.7","A","Official value",""
"QCL","Crops and livestock products","204","Benin","5510","Production","21116","Meat of goat, fresh or chilled","2024","2024","t","15395","A","Official value",""
"QCL","Crops and livestock products","204","Benin","5510","Production","21113.01","Meat of pig with the bone, fresh or chilled","2024","2024","t","13248.14","A","Official value",""
"QCL","Crops and livestock products","204","Benin","5510","Production","21114","Meat of rabbits and hares, fresh or chilled","2024","2024","t","14850.48","A","Official value",""
"QCL","Crops and livestock products","204","Benin","5510","Production","21115","Meat of sheep, fresh or chilled","2024","2024","t","13653","A","Official value",""
"QCL","Crops and livestock products","204","Benin","5312","Area harvested","0118","Millet","2024","2024","ha","41528","A","Official value",""
"QCL","Crops and livestock products","204","Benin","5510","Production","0118","Millet","2024","2024","t","30400","A","Official value",""
"QCL","Crops and livestock products","204","Benin","5312","Area harvested","01491.01","Oil palm fruit","2024","2024","ha","42069","I","Value imputed by a receiving agency",""
"QCL","Crops and livestock products","204","Benin","5510","Production","01491.01","Oil palm fruit","2024","2024","t","755056.96","I","Value imputed by a receiving agency",""
"QCL","Crops and livestock products","204","Benin","5312","Area harvested","01239.01","Okra","2024","2024","ha","23000","E","Estimated value",""
"QCL","Crops and livestock products","204","Benin","5510","Production","01239.01","Okra","2024","2024","t","89883.31","I","Value imputed by a receiving agency",""
"QCL","Crops and livestock products","204","Benin","5312","Area harvested","01253.02","Onions and shallots, dry (excluding dehydrated)","2024","2024","ha","5014","A","Official value",""
"QCL","Crops and livestock products","204","Benin","5510","Production","01253.02","Onions and shallots, dry (excluding dehydrated)","2024","2024","t","60169.87","A","Official value",""
"QCL","Crops and livestock products","204","Benin","5312","Area harvested","01323","Oranges","2024","2024","ha","6473","E","Estimated value",""
"QCL","Crops and livestock products","204","Benin","5510","Production","01323","Oranges","2024","2024","t","15403.02","E","Estimated value",""
"QCL","Crops and livestock products","204","Benin","5312","Area harvested","01359.90","Other fruits, n.e.c.","2024","2024","ha","37612","I","Value imputed by a receiving agency",""
"QCL","Crops and livestock products","204","Benin","5510","Production","01359.90","Other fruits, n.e.c.","2024","2024","t","135283.29","I","Value imputed by a receiving agency",""
"QCL","Crops and livestock products","204","Benin","5312","Area harvested","01379.90","Other nuts (excluding wild edible nuts and groundnuts), in shell, n.e.c.","2024","2024","ha","5525","E","Estimated value",""
"QCL","Crops and livestock products","204","Benin","5510","Production","01379.90","Other nuts (excluding wild edible nuts and groundnuts), in shell, n.e.c.","2024","2024","t","1904.96","E","Estimated value",""
"QCL","Crops and livestock products","204","Benin","5312","Area harvested","01449.90","Other oil seeds, n.e.c.","2024","2024","ha","142","E","Estimated value",""
"QCL","Crops and livestock products","204","Benin","5510","Production","01449.90","Other oil seeds, n.e.c.","2024","2024","t","169.95","I","Value imputed by a receiving agency",""
"QCL","Crops and livestock products","204","Benin","5312","Area harvested","01709.90","Other pulses n.e.c.","2024","2024","ha","","M","Missing value; data cannot exist",""
"QCL","Crops and livestock products","204","Benin","5510","Production","01709.90","Other pulses n.e.c.","2024","2024","t","","M","Missing value; data cannot exist",""
"QCL","Crops and livestock products","204","Benin","5312","Area harvested","01290.90","Other vegetables, fresh n.e.c.","2024","2024","ha","16428","E","Estimated value",""
"QCL","Crops and livestock products","204","Benin","5510","Production","01290.90","Other vegetables, fresh n.e.c.","2024","2024","t","184343.09","E","Estimated value",""
"QCL","Crops and livestock products","204","Benin","5312","Area harvested","01651","Pepper (Piper spp.), raw","2024","2024","ha","631","I","Value imputed by a receiving agency",""
"QCL","Crops and livestock products","204","Benin","5510","Production","01651","Pepper (Piper spp.), raw","2024","2024","t","182.61","E","Estimated value",""
"QCL","Crops and livestock products","204","Benin","5312","Area harvested","01707","Pigeon peas, dry","2024","2024","ha","15489","I","Value imputed by a receiving agency",""
"QCL","Crops and livestock products","204","Benin","5510","Production","01707","Pigeon peas, dry","2024","2024","t","12696.71","I","Value imputed by a receiving agency",""
"QCL","Crops and livestock products","204","Benin","5312","Area harvested","01318","Pineapples","2024","2024","ha","7425","A","Official value",""
"QCL","Crops and livestock products","204","Benin","5510","Production","01318","Pineapples","2024","2024","t","483538.83","A","Official value",""
"QCL","Crops and livestock products","204","Benin","5312","Area harvested","01510","Potatoes","2024","2024","ha","43","A","Official value",""
"QCL","Crops and livestock products","204","Benin","5510","Production","01510","Potatoes","2024","2024","t","405.56","A","Official value",""
"QCL","Crops and livestock products","204","Benin","5510","Production","02951.01","Raw hides and skins of cattle","2024","2024","t","7838.22","I","Value imputed by a receiving agency",""
"QCL","Crops and livestock products","204","Benin","5510","Production","02954","Raw hides and skins of goats or kids","2024","2024","t","2771.1","I","Value imputed by a receiving agency",""
"QCL","Crops and livestock products","204","Benin","5510","Production","02953","Raw hides and skins of sheep or lambs","2024","2024","t","2457.54","I","Value imputed by a receiving agency",""
"QCL","Crops and livestock products","204","Benin","5510","Production","02211","Raw milk of cattle","2024","2024","t","149567","A","Official value",""
"QCL","Crops and livestock products","204","Benin","5510","Production","02292","Raw milk of goats","2024","2024","t","38870.93","I","Value imputed by a receiving agency",""
"QCL","Crops and livestock products","204","Benin","5312","Area harvested","0113","Rice","2024","2024","ha","128501","A","Official value",""
"QCL","Crops and livestock products","204","Benin","5510","Production","0113","Rice","2024","2024","t","500605.34","A","Official value",""
"QCL","Crops and livestock products","204","Benin","5312","Area harvested","01921.01","Seed cotton, unginned","2024","2024","ha","535579","A","Official value",""
"QCL","Crops and livestock products","204","Benin","5510","Production","01921.01","Seed cotton, unginned","2024","2024","t","635975.66","A","Official value",""
"QCL","Crops and livestock products","204","Benin","5312","Area harvested","01444","Sesame seed","2024","2024","ha","12000","X","Value from external organization","Unofficial figure"
"QCL","Crops and livestock products","204","Benin","5510","Production","01444","Sesame seed","2024","2024","t","10000","X","Value from external organization","Unofficial figure"
"QCL","Crops and livestock products","204","Benin","5510","Production","21514","Sheep fat, unrendered","2024","2024","t","409.59","I","Value imputed by a receiving agency",""
"QCL","Crops and livestock products","204","Benin","5312","Area harvested","0114","Sorghum","2024","2024","ha","212347","A","Official value",""
"QCL","Crops and livestock products","204","Benin","5510","Production","0114","Sorghum","2024","2024","t","279269.34","A","Official value",""
"QCL","Crops and livestock products","204","Benin","5312","Area harvested","0141","Soya beans","2024","2024","ha","638098","A","Official value",""
"QCL","Crops and livestock products","204","Benin","5510","Production","0141","Soya beans","2024","2024","t","652453.9","A","Official value",""
"QCL","Crops and livestock products","204","Benin","5312","Area harvested","01802","Sugar cane","2024","2024","ha","2389","I","Value imputed by a receiving agency",""
"QCL","Crops and livestock products","204","Benin","5510","Production","01802","Sugar cane","2024","2024","t","80553.24","I","Value imputed by a receiving agency",""
"QCL","Crops and livestock products","204","Benin","5312","Area harvested","01530","Sweet potatoes","2024","2024","ha","12318","A","Official value",""
"QCL","Crops and livestock products","204","Benin","5510","Production","01530","Sweet potatoes","2024","2024","t","112412.55","A","Official value",""
"QCL","Crops and livestock products","204","Benin","5312","Area harvested","01550","Taro","2024","2024","ha","391","A","Official value",""
"QCL","Crops and livestock products","204","Benin","5510","Production","01550","Taro","2024","2024","t","4887.07","A","Official value",""
"QCL","Crops and livestock products","204","Benin","5312","Area harvested","01234","Tomatoes","2024","2024","ha","40000","E","Estimated value",""
"QCL","Crops and livestock products","204","Benin","5510","Production","01234","Tomatoes","2024","2024","t","287636.14","A","Official value",""
"QCL","Crops and livestock products","204","Benin","5312","Area harvested","01970","Unmanufactured tobacco","2024","2024","ha","5","E","Estimated value",""
"QCL","Crops and livestock products","204","Benin","5510","Production","01970","Unmanufactured tobacco","2024","2024","t","3.17","E","Estimated value",""
"QCL","Crops and livestock products","204","Benin","5312","Area harvested","01540","Yams","2024","2024","ha","209313","A","Official value",""
"QCL","Crops and livestock products","204","Benin","5510","Production","01540","Yams","2024","2024","t","3353473.27","A","Official value",""
"QCL","Crops and livestock products","854","Burkina Faso","5312","Area harvested","01371","Almonds, in shell","2024","2024","ha","3508","E","Estimated value",""
"QCL","Crops and livestock products","854","Burkina Faso","5510","Production","01371","Almonds, in shell","2024","2024","t","1945.21","E","Estimated value",""
"QCL","Crops and livestock products","854","Burkina Faso","5312","Area harvested","01708","Bambara beans, dry","2024","2024","ha","58253","I","Value imputed by a receiving agency",""
"QCL","Crops and livestock products","854","Burkina Faso","5510","Production","01708","Bambara beans, dry","2024","2024","t","61247.74","I","Value imputed by a receiving agency",""
"QCL","Crops and livestock products","854","Burkina Faso","5312","Area harvested","01312","Bananas","2024","2024","ha","1836","I","Value imputed by a receiving agency",""
"QCL","Crops and livestock products","854","Burkina Faso","5510","Production","01312","Bananas","2024","2024","t","46922.05","I","Value imputed by a receiving agency",""
"QCL","Crops and livestock products","854","Burkina Faso","5312","Area harvested","01372","Cashew nuts, in shell","2024","2024","ha","124274","I","Value imputed by a receiving agency",""
"QCL","Crops and livestock products","854","Burkina Faso","5510","Production","01372","Cashew nuts, in shell","2024","2024","t","147616.86","I","Value imputed by a receiving agency",""
"QCL","Crops and livestock products","854","Burkina Faso","5312","Area harvested","01520.01","Cassava, fresh","2024","2024","ha","1054","I","Value imputed by a receiving agency",""
"QCL","Crops and livestock products","854","Burkina Faso","5510","Production","01520.01","Cassava, fresh","2024","2024","t","16614.59","I","Value imputed by a receiving agency",""
"QCL","Crops and livestock products","854","Burkina Faso","5510","Production","21512","Cattle fat, unrendered","2024","2024","t","3267.5","I","Value imputed by a receiving agency",""
"QCL","Crops and livestock products","854","Burkina Faso","5312","Area harvested","01231","Chillies and peppers, green (Capsicum spp. and Pimenta spp.)","2024","2024","ha","1638","E","Estimated value",""
"QCL","Crops and livestock products","854","Burkina Faso","5510","Production","01231","Chillies and peppers, green (Capsicum spp. and Pimenta spp.)","2024","2024","t","8702.2","I","Value imputed by a receiving agency",""
"QCL","Crops and livestock products","854","Burkina Faso","5312","Area harvested","01706","Cow peas, dry","2024","2024","ha","1520787","I","Value imputed by a receiving agency",""
"QCL","Crops and livestock products","854","Burkina Faso","5510","Production","01706","Cow peas, dry","2024","2024","t","736407.85","I","Value imputed by a receiving agency",""
"QCL","Crops and livestock products","854","Burkina Faso","5510","Production","21151","Edible offal of cattle, fresh, chilled or frozen","2024","2024","t","23417.09","I","Value imputed by a receiving agency",""
"QCL","Crops and livestock products","854","Burkina Faso","5510","Production","21156","Edible offal of goat, fresh, chilled or frozen","2024","2024","t","5430.27","I","Value imputed by a receiving agency",""
"QCL","Crops and livestock products","854","Burkina Faso","5510","Production","21153","Edible offal of pigs, fresh, chilled or frozen","2024","2024","t","13107.45","I","Value imputed by a receiving agency",""
"QCL","Crops and livestock products","854","Burkina Faso","5510","Production","21155","Edible offal of sheep, fresh, chilled or frozen","2024","2024","t","6149.94","I","Value imputed by a receiving agency",""
"QCL","Crops and livestock products","854","Burkina Faso","5510","Production","21159.02","Edible offals of camels and other camelids, fresh, chilled or frozen","2024","2024","t","71.04","I","Value imputed by a receiving agency",""
"QCL","Crops and livestock products","854","Burkina Faso","5510","Production","21159.01","Edible offals of horses and other equines, fresh, chilled or frozen","2024","2024","t","19.79","I","Value imputed by a receiving agency",""
"QCL","Crops and livestock products","854","Burkina Faso","5510","Production","21519.02","Fat of camels","2024","2024","t","10.93","I","Value imputed by a receiving agency",""
"QCL","Crops and livestock products","854","Burkina Faso","5510","Production","21511.01","Fat of pigs","2024","2024","t","19800.62","I","Value imputed by a receiving agency",""
"QCL","Crops and livestock products","854","Burkina Faso","5312","Area harvested","01193","Fonio","2024","2024","ha","21309","I","Value imputed by a receiving agency",""
"QCL","Crops and livestock products","854","Burkina Faso","5510","Production","01193","Fonio","2024","2024","t","15082.47","I","Value imputed by a receiving agency",""
"QCL","Crops and livestock products","854","Burkina Faso","5510","Production","21170.02","Game meat, fresh, chilled or frozen","2024","2024","t","7479.3","E","Estimated value",""
"QCL","Crops and livestock products","854","Burkina Faso","5510","Production","21515","Goat fat, unrendered","2024","2024","t","793.65","I","Value imputed by a receiving agency",""
"QCL","Crops and livestock products","854","Burkina Faso","5312","Area harvested","0142","Groundnuts, excluding shelled","2024","2024","ha","730410","I","Value imputed by a receiving agency",""
"QCL","Crops and livestock products","854","Burkina Faso","5510","Production","0142","Groundnuts, excluding shelled","2024","2024","t","611270.54","I","Value imputed by a receiving agency",""
"QCL","Crops and livestock products","854","Burkina Faso","5510","Production","0231","Hen eggs in shell, fresh","2024","2024","t","68148.15","E","Estimated value",""
"QCL","Crops and livestock products","854","Burkina Faso","5513","Production","0231","Hen eggs in shell, fresh","2024","2024","1000 No","1216931","E","Estimated value",""
"QCL","Crops and livestock products","854","Burkina Faso","5510","Production","21118.01","Horse meat, fresh or chilled","2024","2024","t","167.74","I","Value imputed by a receiving agency",""
"QCL","Crops and livestock products","854","Burkina Faso","5312","Area harvested","01499.01","Karite nuts (sheanuts)","2024","2024","ha","84528","I","Value imputed by a receiving agency",""
"QCL","Crops and livestock products","854","Burkina Faso","5510","Production","01499.01","Karite nuts (sheanuts)","2024","2024","t","105853.29","I","Value imputed by a receiving agency",""
"QCL","Crops and livestock products","854","Burkina Faso","5312","Area harvested","01322","Lemons and limes","2024","2024","ha","46","E","Estimated value",""
"QCL","Crops and livestock products","854","Burkina Faso","5510","Production","01322","Lemons and limes","2024","2024","t","320.99","E","Estimated value",""
"QCL","Crops and livestock products","854","Burkina Faso","5312","Area harvested","0112","Maize (corn)","2024","2024","ha","1100000","X","Value from external organization","Unofficial figure"
"QCL","Crops and livestock products","854","Burkina Faso","5510","Production","0112","Maize (corn)","2024","2024","t","1850000","X","Value from external organization","Unofficial figure"
"QCL","Crops and livestock products","854","Burkina Faso","5312","Area harvested","01316","Mangoes, guavas and mangosteens","2024","2024","ha","1601","I","Value imputed by a receiving agency",""
"QCL","Crops and livestock products","854","Burkina Faso","5510","Production","01316","Mangoes, guavas and mangosteens","2024","2024","t","14616.53","E","Estimated value",""
"QCL","Crops and livestock products","854","Burkina Faso","5510","Production","21118.02","Meat of asses, fresh or chilled","2024","2024","t","1834.96","E","Estimated value",""
"QCL","Crops and livestock products","854","Burkina Faso","5510","Production","21117.01","Meat of camels, fresh or chilled","2024","2024","t","455.37","I","Value imputed by a receiving agency",""
"QCL","Crops and livestock products","854","Burkina Faso","5510","Production","21111.01","Meat of cattle with the bone, fresh or chilled","2024","2024","t","136145.87","I","Value imputed by a receiving agency",""
"QCL","Crops and livestock products","854","Burkina Faso","5510","Production","21121","Meat of chickens, fresh or chilled","2024","2024","t","168997.37","I","Value imputed by a receiving agency",""
"QCL","Crops and livestock products","854","Burkina Faso","5510","Production","21116","Meat of goat, fresh or chilled","2024","2024","t","20885.65","E","Estimated value",""
"QCL","Crops and livestock products","854","Burkina Faso","5510","Production","21113.01","Meat of pig with the bone, fresh or chilled","2024","2024","t","192428.54","I","Value imputed by a receiving agency",""
"QCL","Crops and livestock products","854","Burkina Faso","5510","Production","21115","Meat of sheep, fresh or chilled","2024","2024","t","23653.61","I","Value imputed by a receiving agency",""
"QCL","Crops and livestock products","854","Burkina Faso","5312","Area harvested","0118","Millet","2024","2024","ha","1097359","I","Value imputed by a receiving agency",""
"QCL","Crops and livestock products","854","Burkina Faso","5510","Production","0118","Millet","2024","2024","t","931108.86","I","Value imputed by a receiving agency",""
"QCL","Crops and livestock products","854","Burkina Faso","5510","Production","02910","Natural honey","2024","2024","t","391.34","I","Value imputed by a receiving agency",""
"QCL","Crops and livestock products","854","Burkina Faso","5312","Area harvested","01239.01","Okra","2024","2024","ha","3119","I","Value imputed by a receiving agency",""
"QCL","Crops and livestock products","854","Burkina Faso","5510","Production","01239.01","Okra","2024","2024","t","23859.29","I","Value imputed by a receiving agency",""
"QCL","Crops and livestock products","854","Burkina Faso","5312","Area harvested","01253.01","Onions and shallots, green","2024","2024","ha","1061","I","Value imputed by a receiving agency",""
"QCL","Crops and livestock products","854","Burkina Faso","5510","Production","01253.01","Onions and shallots, green","2024","2024","t","17770.45","I","Value imputed by a receiving agency",""
"QCL","Crops and livestock products","854","Burkina Faso","5312","Area harvested","01323","Oranges","2024","2024","ha","138","I","Value imputed by a receiving agency",""
"QCL","Crops and livestock products","854","Burkina Faso","5510","Production","01323","Oranges","2024","2024","t","634.24","I","Value imputed by a receiving agency",""
"QCL","Crops and livestock products","854","Burkina Faso","5312","Area harvested","01241.90","Other beans, green","2024","2024","ha","710","E","Estimated value",""
"QCL","Crops and livestock products","854","Burkina Faso","5510","Production","01241.90","Other beans, green","2024","2024","t","9724.48","E","Estimated value",""
"QCL","Crops and livestock products","854","Burkina Faso","5312","Area harvested","01359.90","Other fruits, n.e.c.","2024","2024","ha","262869","I","Value imputed by a receiving agency",""
"QCL","Crops and livestock products","854","Burkina Faso","5510","Production","01359.90","Other fruits, n.e.c.","2024","2024","t","1467836.35","I","Value imputed by a receiving agency",""
"QCL","Crops and livestock products","854","Burkina Faso","5510","Production","21119.90","Other meat of mammals, fresh or chilled","2024","2024","t","","M","Missing value; data cannot exist",""
"QCL","Crops and livestock products","854","Burkina Faso","5312","Area harvested","01709.90","Other pulses n.e.c.","2024","2024","ha","16738","I","Value imputed by a receiving agency",""
"QCL","Crops and livestock products","854","Burkina Faso","5510","Production","01709.90","Other pulses n.e.c.","2024","2024","t","17253.79","I","Value imputed by a receiving agency",""
"QCL","Crops and livestock products","854","Burkina Faso","5312","Area harvested","01699","Other stimulant, spice and aromatic crops, n.e.c.","2024","2024","ha","3486","E","Estimated value",""
"QCL","Crops and livestock products","854","Burkina Faso","5510","Production","01699","Other stimulant, spice and aromatic crops, n.e.c.","2024","2024","t","6533.53","E","Estimated value",""
"QCL","Crops and livestock products","854","Burkina Faso","5312","Area harvested","01319","Other tropical fruits, n.e.c.","2024","2024","ha","2108","I","Value imputed by a receiving agency",""
"QCL","Crops and livestock products","854","Burkina Faso","5510","Production","01319","Other tropical fruits, n.e.c.","2024","2024","t","11467.26","I","Value imputed by a receiving agency",""
"QCL","Crops and livestock products","854","Burkina Faso","5312","Area harvested","01290.90","Other vegetables, fresh n.e.c.","2024","2024","ha","134769","I","Value imputed by a receiving agency",""
"QCL","Crops and livestock products","854","Burkina Faso","5510","Production","01290.90","Other vegetables, fresh n.e.c.","2024","2024","t","1072766.69","I","Value imputed by a receiving agency",""
"QCL","Crops and livestock products","854","Burkina Faso","5312","Area harvested","01651","Pepper (Piper spp.), raw","2024","2024","ha","98417","I","Value imputed by a receiving agency",""
"QCL","Crops and livestock products","854","Burkina Faso","5510","Production","01651","Pepper (Piper spp.), raw","2024","2024","t","77932.35","I","Value imputed by a receiving agency",""
"QCL","Crops and livestock products","854","Burkina Faso","5312","Area harvested","01321","Pomelos and grapefruits","2024","2024","ha","17","I","Value imputed by a receiving agency",""
"QCL","Crops and livestock products","854","Burkina Faso","5510","Production","01321","Pomelos and grapefruits","2024","2024","t","257.71","I","Value imputed by a receiving agency",""
"QCL","Crops and livestock products","854","Burkina Faso","5312","Area harvested","01510","Potatoes","2024","2024","ha","17382","E","Estimated value",""
"QCL","Crops and livestock products","854","Burkina Faso","5510","Production","01510","Potatoes","2024","2024","t","33440.33","E","Estimated value",""
"QCL","Crops and livestock products","854","Burkina Faso","5510","Production","02951.01","Raw hides and skins of cattle","2024","2024","t","22327.92","I","Value imputed by a receiving agency",""
"QCL","Crops and livestock products","854","Burkina Faso","5510","Production","02954","Raw hides and skins of goats or kids","2024","2024","t","5012.55","I","Value imputed by a receiving agency",""
"QCL","Crops and livestock products","854","Burkina Faso","5510","Production","02953","Raw hides and skins of sheep or lambs","2024","2024","t","5676.87","I","Value imputed by a receiving agency",""
"QCL","Crops and livestock products","854","Burkina Faso","5510","Production","02293","Raw milk of camel","2024","2024","t","267.52","E","Estimated value",""
"QCL","Crops and livestock products","854","Burkina Faso","5510","Production","02211","Raw milk of cattle","2024","2024","t","225266.19","E","Estimated value",""
"QCL","Crops and livestock products","854","Burkina Faso","5510","Production","02292","Raw milk of goats","2024","2024","t","132133.11","E","Estimated value",""
"QCL","Crops and livestock products","854","Burkina Faso","5510","Production","02291","Raw milk of sheep","2024","2024","t","78650.15","I","Value imputed by a receiving agency",""
"QCL","Crops and livestock products","854","Burkina Faso","5312","Area harvested","0113","Rice","2024","2024","ha","230187","I","Value imputed by a receiving agency",""
"QCL","Crops and livestock products","854","Burkina Faso","5510","Production","0113","Rice","2024","2024","t","513234.03","I","Value imputed by a receiving agency",""
"QCL","Crops and livestock products","854","Burkina Faso","5312","Area harvested","01921.01","Seed cotton, unginned","2024","2024","ha","651844","I","Value imputed by a receiving agency",""
"QCL","Crops and livestock products","854","Burkina Faso","5510","Production","01921.01","Seed cotton, unginned","2024","2024","t","769439.95","I","Value imputed by a receiving agency",""
"QCL","Crops and livestock products","854","Burkina Faso","5312","Area harvested","01444","Sesame seed","2024","2024","ha","427819","I","Value imputed by a receiving agency",""
"QCL","Crops and livestock products","854","Burkina Faso","5510","Production","01444","Sesame seed","2024","2024","t","272201.42","I","Value imputed by a receiving agency",""
"QCL","Crops and livestock products","854","Burkina Faso","5510","Production","21514","Sheep fat, unrendered","2024","2024","t","1040.76","I","Value imputed by a receiving agency",""
"QCL","Crops and livestock products","854","Burkina Faso","5312","Area harvested","0114","Sorghum","2024","2024","ha","1900000","X","Value from external organization","Unofficial figure"
"QCL","Crops and livestock products","854","Burkina Faso","5510","Production","0114","Sorghum","2024","2024","t","1900000","X","Value from external organization","Unofficial figure"
"QCL","Crops and livestock products","854","Burkina Faso","5312","Area harvested","0141","Soya beans","2024","2024","ha","118803","I","Value imputed by a receiving agency",""
"QCL","Crops and livestock products","854","Burkina Faso","5510","Production","0141","Soya beans","2024","2024","t","138051.79","I","Value imputed by a receiving agency",""
"QCL","Crops and livestock products","854","Burkina Faso","5312","Area harvested","01802","Sugar cane","2024","2024","ha","5090","I","Value imputed by a receiving agency",""
"QCL","Crops and livestock products","854","Burkina Faso","5510","Production","01802","Sugar cane","2024","2024","t","516137.74","I","Value imputed by a receiving agency",""
"QCL","Crops and livestock products","854","Burkina Faso","5312","Area harvested","01530","Sweet potatoes","2024","2024","ha","10122","I","Value imputed by a receiving agency",""
"QCL","Crops and livestock products","854","Burkina Faso","5510","Production","01530","Sweet potatoes","2024","2024","t","115506.88","I","Value imputed by a receiving agency",""
"QCL","Crops and livestock products","854","Burkina Faso","5312","Area harvested","01324","Tangerines, mandarins, clementines","2024","2024","ha","44","E","Estimated value",""
"QCL","Crops and livestock products","854","Burkina Faso","5510","Production","01324","Tangerines, mandarins, clementines","2024","2024","t","339.63","E","Estimated value",""
"QCL","Crops and livestock products","854","Burkina Faso","5312","Area harvested","01234","Tomatoes","2024","2024","ha","18590","I","Value imputed by a receiving agency",""
"QCL","Crops and livestock products","854","Burkina Faso","5510","Production","01234","Tomatoes","2024","2024","t","317853.32","I","Value imputed by a receiving agency",""
"QCL","Crops and livestock products","854","Burkina Faso","5312","Area harvested","01970","Unmanufactured tobacco","2024","2024","ha","943","E","Estimated value",""
"QCL","Crops and livestock products","854","Burkina Faso","5510","Production","01970","Unmanufactured tobacco","2024","2024","t","754.22","E","Estimated value",""
"QCL","Crops and livestock products","854","Burkina Faso","5312","Area harvested","01376","Walnuts, in shell","2024","2024","ha","97846","I","Value imputed by a receiving agency",""
"QCL","Crops and livestock products","854","Burkina Faso","5510","Production","01376","Walnuts, in shell","2024","2024","t","143829.4","I","Value imputed by a receiving agency",""
"QCL","Crops and livestock products","854","Burkina Faso","5312","Area harvested","01540","Yams","2024","2024","ha","5704","I","Value imputed by a receiving agency",""
"QCL","Crops and livestock products","854","Burkina Faso","5510","Production","01540","Yams","2024","2024","t","64046.89","I","Value imputed by a receiving agency",""
"QCL","Crops and livestock products","120","Cameroon","5312","Area harvested","01343","Apricots","2024","2024","ha","205","E","Estimated value",""
"QCL","Crops and livestock products","120","Cameroon","5510","Production","01343","Apricots","2024","2024","t","1097.09","E","Estimated value",""
"QCL","Crops and livestock products","120","Cameroon","5312","Area harvested","01311","Avocados","2024","2024","ha","17048","I","Value imputed by a receiving agency",""
"QCL","Crops and livestock products","120","Cameroon","5510","Production","01311","Avocados","2024","2024","t","76239.3","E","Estimated value",""
"QCL","Crops and livestock products","120","Cameroon","5312","Area harvested","01708","Bambara beans, dry","2024","2024","ha","29808","I","Value imputed by a receiving agency",""
"QCL","Crops and livestock products","120","Cameroon","5510","Production","01708","Bambara beans, dry","2024","2024","t","37964.87","I","Value imputed by a receiving agency",""
"QCL","Crops and livestock products","120","Cameroon","5312","Area harvested","01312","Bananas","2024","2024","ha","62047","I","Value imputed by a receiving agency",""
"QCL","Crops and livestock products","120","Cameroon","5510","Production","01312","Bananas","2024","2024","t","805352.55","I","Value imputed by a receiving agency",""
"QCL","Crops and livestock products","120","Cameroon","5312","Area harvested","01701","Beans, dry","2024","2024","ha","300202","I","Value imputed by a receiving agency",""
"QCL","Crops and livestock products","120","Cameroon","5510","Production","01701","Beans, dry","2024","2024","t","388216.63","I","Value imputed by a receiving agency",""
"QCL","Crops and livestock products","120","Cameroon","5510","Production","02960.01","Beeswax","2024","2024","t","310.3","I","Value imputed by a receiving agency",""
"QCL","Crops and livestock products","120","Cameroon","5312","Area harvested","01702","Broad beans and horse beans, dry","2024","2024","ha","282","E","Estimated value",""
"QCL","Crops and livestock products","120","Cameroon","5510","Production","01702","Broad beans and horse beans, dry","2024","2024","t","397.91","E","Estimated value",""
"QCL","Crops and livestock products","120","Cameroon","5312","Area harvested","01212","Cabbages","2024","2024","ha","2448","E","Estimated value",""
"QCL","Crops and livestock products","120","Cameroon","5510","Production","01212","Cabbages","2024","2024","t","63633.02","E","Estimated value",""
"QCL","Crops and livestock products","120","Cameroon","5312","Area harvested","01229","Cantaloupes and other melons","2024","2024","ha","4952","I","Value imputed by a receiving agency",""
"QCL","Crops and livestock products","120","Cameroon","5510","Production","01229","Cantaloupes and other melons","2024","2024","t","47682.63","E","Estimated value",""
"QCL","Crops and livestock products","120","Cameroon","5312","Area harvested","01520.01","Cassava, fresh","2024","2024","ha","466886","E","Estimated value",""
"QCL","Crops and livestock products","120","Cameroon","5510","Production","01520.01","Cassava, fresh","2024","2024","t","6658482.77","I","Value imputed by a receiving agency",""
"QCL","Crops and livestock products","120","Cameroon","5510","Production","21512","Cattle fat, unrendered","2024","2024","t","4150.46","I","Value imputed by a receiving agency",""
"QCL","Crops and livestock products","120","Cameroon","5312","Area harvested","01373","Chestnuts, in shell","2024","2024","ha","144","E","Estimated value",""
"QCL","Crops and livestock products","120","Cameroon","5510","Production","01373","Chestnuts, in shell","2024","2024","t","144.8","E","Estimated value",""
"QCL","Crops and livestock products","120","Cameroon","5312","Area harvested","01691","Chicory roots","2024","2024","ha","8","I","Value imputed by a receiving agency",""
"QCL","Crops and livestock products","120","Cameroon","5510","Production","01691","Chicory roots","2024","2024","t","154.46","I","Value imputed by a receiving agency",""
"QCL","Crops and livestock products","120","Cameroon","5312","Area harvested","01652","Chillies and peppers, dry (Capsicum spp., Pimenta spp.), raw","2024","2024","ha","16147","E","Estimated value",""
"QCL","Crops and livestock products","120","Cameroon","5510","Production","01652","Chillies and peppers, dry (Capsicum spp., Pimenta spp.), raw","2024","2024","t","42822.32","E","Estimated value",""
"QCL","Crops and livestock products","120","Cameroon","5312","Area harvested","01231","Chillies and peppers, green (Capsicum spp. and Pimenta spp.)","2024","2024","ha","26241","E","Estimated value",""
"QCL","Crops and livestock products","120","Cameroon","5510","Production","01231","Chillies and peppers, green (Capsicum spp. and Pimenta spp.)","2024","2024","t","55172.79","E","Estimated value",""
"QCL","Crops and livestock products","120","Cameroon","5312","Area harvested","01640","Cocoa beans","2024","2024","ha","642244","I","Value imputed by a receiving agency",""
"QCL","Crops and livestock products","120","Cameroon","5510","Production","01640","Cocoa beans","2024","2024","t","320000","X","Value from external organization","Unofficial figure"
"QCL","Crops and livestock products","120","Cameroon","5312","Area harvested","01460","Coconuts, in shell","2024","2024","ha","1603","I","Value imputed by a receiving agency",""
"QCL","Crops and livestock products","120","Cameroon","5510","Production","01460","Coconuts, in shell","2024","2024","t","4799.8","I","Value imputed by a receiving agency",""
"QCL","Crops and livestock products","120","Cameroon","5312","Area harvested","01610","Coffee, green","2024","2024","ha","54231","I","Value imputed by a receiving agency",""
"QCL","Crops and livestock products","120","Cameroon","5510","Production","01610","Coffee, green","2024","2024","t","29774.37","I","Value imputed by a receiving agency",""
"QCL","Crops and livestock products","120","Cameroon","5312","Area harvested","01706","Cow peas, dry","2024","2024","ha","555235","I","Value imputed by a receiving agency",""
"QCL","Crops and livestock products","120","Cameroon","5510","Production","01706","Cow peas, dry","2024","2024","t","250311.75","I","Value imputed by a receiving agency",""
"QCL","Crops and livestock products","120","Cameroon","5312","Area harvested","01232","Cucumbers and gherkins","2024","2024","ha","280269","E","Estimated value",""
"QCL","Crops and livestock products","120","Cameroon","5510","Production","01232","Cucumbers and gherkins","2024","2024","t","265461.97","E","Estimated value",""
"QCL","Crops and livestock products","120","Cameroon","5312","Area harvested","01314","Dates","2024","2024","ha","163","E","Estimated value",""
"QCL","Crops and livestock products","120","Cameroon","5510","Production","01314","Dates","2024","2024","t","592.98","E","Estimated value",""
"QCL","Crops and livestock products","120","Cameroon","5510","Production","21151","Edible offal of cattle, fresh, chilled or frozen","2024","2024","t","21305.7","I","Value imputed by a receiving agency",""
"QCL","Crops and livestock products","120","Cameroon","5510","Production","21156","Edible offal of goat, fresh, chilled or frozen","2024","2024","t","5589.2","I","Value imputed by a receiving agency",""
"QCL","Crops and livestock products","120","Cameroon","5510","Production","21153","Edible offal of pigs, fresh, chilled or frozen","2024","2024","t","5206.88","I","Value imputed by a receiving agency",""
"QCL","Crops and livestock products","120","Cameroon","5510","Production","21155","Edible offal of sheep, fresh, chilled or frozen","2024","2024","t","2731.59","I","Value imputed by a receiving agency",""
"QCL","Crops and livestock products","120","Cameroon","5510","Production","21159.01","Edible offals of horses and other equines, fresh, chilled or frozen","2024","2024","t","12.39","I","Value imputed by a receiving agency",""
"QCL","Crops and livestock products","120","Cameroon","5312","Area harvested","01599.10","Edible roots and tubers with high starch or inulin content, n.e.c., fresh","2024","2024","ha","5113","E","Estimated value",""
"QCL","Crops and livestock products","120","Cameroon","5510","Production","01599.10","Edible roots and tubers with high starch or inulin content, n.e.c., fresh","2024","2024","t","46236.81","E","Estimated value",""
"QCL","Crops and livestock products","120","Cameroon","5312","Area harvested","01233","Eggplants (aubergines)","2024","2024","ha","323","I","Value imputed by a receiving agency",""
"QCL","Crops and livestock products","120","Cameroon","5510","Production","01233","Eggplants (aubergines)","2024","2024","t","2232.7","E","Estimated value",""
"QCL","Crops and livestock products","120","Cameroon","5510","Production","21511.01","Fat of pigs","2024","2024","t","4118.87","I","Value imputed by a receiving agency",""
"QCL","Crops and livestock products","120","Cameroon","5312","Area harvested","01315","Figs","2024","2024","ha","34","E","Estimated value",""
"QCL","Crops and livestock products","120","Cameroon","5510","Production","01315","Figs","2024","2024","t","94.25","E","Estimated value",""
"QCL","Crops and livestock products","120","Cameroon","5510","Production","21170.02","Game meat, fresh, chilled or frozen","2024","2024","t","81812.9","E","Estimated value",""
"QCL","Crops and livestock products","120","Cameroon","5312","Area harvested","01657","Ginger, raw","2024","2024","ha","5109","I","Value imputed by a receiving agency",""
"QCL","Crops and livestock products","120","Cameroon","5510","Production","01657","Ginger, raw","2024","2024","t","52977.54","I","Value imputed by a receiving agency",""
"QCL","Crops and livestock products","120","Cameroon","5510","Production","21515","Goat fat, unrendered","2024","2024","t","838.38","I","Value imputed by a receiving agency",""
"QCL","Crops and livestock products","120","Cameroon","5312","Area harvested","0142","Groundnuts, excluding shelled","2024","2024","ha","540000","X","Value from external organization","Unofficial figure"
"QCL","Crops and livestock products","120","Cameroon","5510","Production","0142","Groundnuts, excluding shelled","2024","2024","t","540000","X","Value from external organization","Unofficial figure"
"QCL","Crops and livestock products","120","Cameroon","5312","Area harvested","01374","Hazelnuts, in shell","2024","2024","ha","147","I","Value imputed by a receiving agency",""
"QCL","Crops and livestock products","120","Cameroon","5510","Production","01374","Hazelnuts, in shell","2024","2024","t","164.37","I","Value imputed by a receiving agency",""
"QCL","Crops and livestock products","120","Cameroon","5510","Production","0231","Hen eggs in shell, fresh","2024","2024","t","89677.96","E","Estimated value",""
"QCL","Crops and livestock products","120","Cameroon","5513","Production","0231","Hen eggs in shell, fresh","2024","2024","1000 No","2299435","E","Estimated value",""
"QCL","Crops and livestock products","120","Cameroon","5510","Production","21118.01","Horse meat, fresh or chilled","2024","2024","t","147.49","I","Value imputed by a receiving agency",""
"QCL","Crops and livestock products","120","Cameroon","5312","Area harvested","01922.01","Jute, raw or retted","2024","2024","ha","280","E","Estimated value",""
"QCL","Crops and livestock products","120","Cameroon","5510","Production","01922.01","Jute, raw or retted","2024","2024","t","103.94","I","Value imputed by a receiving agency",""
"QCL","Crops and livestock products","120","Cameroon","5312","Area harvested","01379.02","Kola nuts","2024","2024","ha","107237","I","Value imputed by a receiving agency",""
"QCL","Crops and livestock products","120","Cameroon","5510","Production","01379.02","Kola nuts","2024","2024","t","48537.6","I","Value imputed by a receiving agency",""
"QCL","Crops and livestock products","120","Cameroon","5312","Area harvested","01254","Leeks and other alliaceous vegetables","2024","2024","ha","74","I","Value imputed by a receiving agency",""
"QCL","Crops and livestock products","120","Cameroon","5510","Production","01254","Leeks and other alliaceous vegetables","2024","2024","t","370.7","I","Value imputed by a receiving agency",""
"QCL","Crops and livestock products","120","Cameroon","5312","Area harvested","0112","Maize (corn)","2024","2024","ha","1200000","X","Value from external organization","Unofficial figure"
"QCL","Crops and livestock products","120","Cameroon","5510","Production","0112","Maize (corn)","2024","2024","t","2200000","X","Value from external organization","Unofficial figure"
"QCL","Crops and livestock products","120","Cameroon","5312","Area harvested","01316","Mangoes, guavas and mangosteens","2024","2024","ha","150","E","Estimated value",""
"QCL","Crops and livestock products","120","Cameroon","5510","Production","01316","Mangoes, guavas and mangosteens","2024","2024","t","888.54","E","Estimated value",""
"QCL","Crops and livestock products","120","Cameroon","5510","Production","21111.01","Meat of cattle with the bone, fresh or chilled","2024","2024","t","127280.8","I","Value imputed by a receiving agency",""
"QCL","Crops and livestock products","120","Cameroon","5510","Production","21121","Meat of chickens, fresh or chilled","2024","2024","t","113200.11","I","Value imputed by a receiving agency",""
"QCL","Crops and livestock products","120","Cameroon","5510","Production","21116","Meat of goat, fresh or chilled","2024","2024","t","27946.02","I","Value imputed by a receiving agency",""
"QCL","Crops and livestock products","120","Cameroon","5510","Production","21113.01","Meat of pig with the bone, fresh or chilled","2024","2024","t","51291.63","I","Value imputed by a receiving agency",""
"QCL","Crops and livestock products","120","Cameroon","5510","Production","21114","Meat of rabbits and hares, fresh or chilled","2024","2024","t","96.49","I","Value imputed by a receiving agency",""
"QCL","Crops and livestock products","120","Cameroon","5510","Production","21115","Meat of sheep, fresh or chilled","2024","2024","t","16455.38","E","Estimated value",""
"QCL","Crops and livestock products","120","Cameroon","5312","Area harvested","01449.01","Melonseed","2024","2024","ha","127351","E","Estimated value",""
"QCL","Crops and livestock products","120","Cameroon","5510","Production","01449.01","Melonseed","2024","2024","t","46013.95","I","Value imputed by a receiving agency",""
"QCL","Crops and livestock products","120","Cameroon","5312","Area harvested","0118","Millet","2024","2024","ha","72000","X","Value from external organization","Unofficial figure"
"QCL","Crops and livestock products","120","Cameroon","5510","Production","0118","Millet","2024","2024","t","100000","X","Value from external organization","Unofficial figure"
"QCL","Crops and livestock products","120","Cameroon","5510","Production","02910","Natural honey","2024","2024","t","4842.49","E","Estimated value",""
"QCL","Crops and livestock products","120","Cameroon","5312","Area harvested","01950.01","Natural rubber in primary forms","2024","2024","ha","72175","I","Value imputed by a receiving agency",""
"QCL","Crops and livestock products","120","Cameroon","5510","Production","01950.01","Natural rubber in primary forms","2024","2024","t","55700","X","Value from external organization","Unofficial figure"
"QCL","Crops and livestock products","120","Cameroon","5312","Area harvested","01491.01","Oil palm fruit","2024","2024","ha","223979","E","Estimated value",""
"QCL","Crops and livestock products","120","Cameroon","5510","Production","01491.01","Oil palm fruit","2024","2024","t","2947379.72","I","Value imputed by a receiving agency",""
"QCL","Crops and livestock products","120","Cameroon","5312","Area harvested","01239.01","Okra","2024","2024","ha","32016","I","Value imputed by a receiving agency",""
"QCL","Crops and livestock products","120","Cameroon","5510","Production","01239.01","Okra","2024","2024","t","75308.81","E","Estimated value",""
"QCL","Crops and livestock products","120","Cameroon","5312","Area harvested","01253.02","Onions and shallots, dry (excluding dehydrated)","2024","2024","ha","42664","I","Value imputed by a receiving agency",""
"QCL","Crops and livestock products","120","Cameroon","5510","Production","01253.02","Onions and shallots, dry (excluding dehydrated)","2024","2024","t","376221.74","I","Value imputed by a receiving agency",""
"QCL","Crops and livestock products","120","Cameroon","5312","Area harvested","01241.90","Other beans, green","2024","2024","ha","784","I","Value imputed by a receiving agency",""
"QCL","Crops and livestock products","120","Cameroon","5510","Production","01241.90","Other beans, green","2024","2024","t","4364.24","E","Estimated value",""
"QCL","Crops and livestock products","120","Cameroon","5312","Area harvested","01329","Other citrus fruit, n.e.c.","2024","2024","ha","8","I","Value imputed by a receiving agency",""
"QCL","Crops and livestock products","120","Cameroon","5510","Production","01329","Other citrus fruit, n.e.c.","2024","2024","t","89.82","I","Value imputed by a receiving agency",""
"QCL","Crops and livestock products","120","Cameroon","5312","Area harvested","01359.90","Other fruits, n.e.c.","2024","2024","ha","23605","I","Value imputed by a receiving agency",""
"QCL","Crops and livestock products","120","Cameroon","5510","Production","01359.90","Other fruits, n.e.c.","2024","2024","t","151178.37","I","Value imputed by a receiving agency",""
"QCL","Crops and livestock products","120","Cameroon","5312","Area harvested","01379.90","Other nuts (excluding wild edible nuts and groundnuts), in shell, n.e.c.","2024","2024","ha","757","E","Estimated value",""
"QCL","Crops and livestock products","120","Cameroon","5510","Production","01379.90","Other nuts (excluding wild edible nuts and groundnuts), in shell, n.e.c.","2024","2024","t","757.75","E","Estimated value",""
"QCL","Crops and livestock products","120","Cameroon","5312","Area harvested","01449.90","Other oil seeds, n.e.c.","2024","2024","ha","110","E","Estimated value",""
"QCL","Crops and livestock products","120","Cameroon","5510","Production","01449.90","Other oil seeds, n.e.c.","2024","2024","t","139.93","E","Estimated value",""
"QCL","Crops and livestock products","120","Cameroon","5312","Area harvested","01709.90","Other pulses n.e.c.","2024","2024","ha","2703","E","Estimated value",""
"QCL","Crops and livestock products","120","Cameroon","5510","Production","01709.90","Other pulses n.e.c.","2024","2024","t","3512.28","I","Value imputed by a receiving agency",""
"QCL","Crops and livestock products","120","Cameroon","5312","Area harvested","01349.20","Other stone fruits","2024","2024","ha","1480","E","Estimated value",""
"QCL","Crops and livestock products","120","Cameroon","5510","Production","01349.20","Other stone fruits","2024","2024","t","7224.84","E","Estimated value",""
"QCL","Crops and livestock products","120","Cameroon","5312","Area harvested","01290.90","Other vegetables, fresh n.e.c.","2024","2024","ha","72340","I","Value imputed by a receiving agency",""
"QCL","Crops and livestock products","120","Cameroon","5510","Production","01290.90","Other vegetables, fresh n.e.c.","2024","2024","t","819390.7","E","Estimated value",""
"QCL","Crops and livestock products","120","Cameroon","5312","Area harvested","01317","Papayas","2024","2024","ha","3","I","Value imputed by a receiving agency",""
"QCL","Crops and livestock products","120","Cameroon","5510","Production","01317","Papayas","2024","2024","t","47.24","I","Value imputed by a receiving agency",""
"QCL","Crops and livestock products","120","Cameroon","5312","Area harvested","01345","Peaches and nectarines","2024","2024","ha","159","E","Estimated value",""
"QCL","Crops and livestock products","120","Cameroon","5510","Production","01345","Peaches and nectarines","2024","2024","t","1034.91","E","Estimated value",""
"QCL","Crops and livestock products","120","Cameroon","5312","Area harvested","01651","Pepper (Piper spp.), raw","2024","2024","ha","284","I","Value imputed by a receiving agency",""
"QCL","Crops and livestock products","120","Cameroon","5510","Production","01651","Pepper (Piper spp.), raw","2024","2024","t","99.66","I","Value imputed by a receiving agency",""
"QCL","Crops and livestock products","120","Cameroon","5312","Area harvested","01318","Pineapples","2024","2024","ha","12322","I","Value imputed by a receiving agency",""
"QCL","Crops and livestock products","120","Cameroon","5510","Production","01318","Pineapples","2024","2024","t","318508.28","I","Value imputed by a receiving agency",""
"QCL","Crops and livestock products","120","Cameroon","5312","Area harvested","01313","Plantains and cooking bananas","2024","2024","ha","539375","I","Value imputed by a receiving agency",""
"QCL","Crops and livestock products","120","Cameroon","5510","Production","01313","Plantains and cooking bananas","2024","2024","t","4663349.64","I","Value imputed by a receiving agency",""
"QCL","Crops and livestock products","120","Cameroon","5312","Area harvested","01346","Plums and sloes","2024","2024","ha","128","E","Estimated value",""
"QCL","Crops and livestock products","120","Cameroon","5510","Production","01346","Plums and sloes","2024","2024","t","624.02","E","Estimated value",""
"QCL","Crops and livestock products","120","Cameroon","5312","Area harvested","01321","Pomelos and grapefruits","2024","2024","ha","12","I","Value imputed by a receiving agency",""
"QCL","Crops and livestock products","120","Cameroon","5510","Production","01321","Pomelos and grapefruits","2024","2024","t","136.6","I","Value imputed by a receiving agency",""
"QCL","Crops and livestock products","120","Cameroon","5312","Area harvested","01510","Potatoes","2024","2024","ha","34869","I","Value imputed by a receiving agency",""
"QCL","Crops and livestock products","120","Cameroon","5510","Production","01510","Potatoes","2024","2024","t","370206.22","I","Value imputed by a receiving agency",""
"QCL","Crops and livestock products","120","Cameroon","5312","Area harvested","01235","Pumpkins, squash and gourds","2024","2024","ha","157269","E","Estimated value",""
"QCL","Crops and livestock products","120","Cameroon","5510","Production","01235","Pumpkins, squash and gourds","2024","2024","t","183923.82","E","Estimated value",""
"QCL","Crops and livestock products","120","Cameroon","5510","Production","02951.01","Raw hides and skins of cattle","2024","2024","t","18538.72","I","Value imputed by a receiving agency",""
"QCL","Crops and livestock products","120","Cameroon","5510","Production","02954","Raw hides and skins of goats or kids","2024","2024","t","2794.6","I","Value imputed by a receiving agency",""
"QCL","Crops and livestock products","120","Cameroon","5510","Production","02953","Raw hides and skins of sheep or lambs","2024","2024","t","2731.59","I","Value imputed by a receiving agency",""
"QCL","Crops and livestock products","120","Cameroon","5510","Production","02211","Raw milk of cattle","2024","2024","t","210320.99","E","Estimated value",""
"QCL","Crops and livestock products","120","Cameroon","5510","Production","02292","Raw milk of goats","2024","2024","t","59606.54","I","Value imputed by a receiving agency",""
"QCL","Crops and livestock products","120","Cameroon","5510","Production","02291","Raw milk of sheep","2024","2024","t","18847.33","I","Value imputed by a receiving agency",""
"QCL","Crops and livestock products","120","Cameroon","5312","Area harvested","0113","Rice","2024","2024","ha","160000","X","Value from external organization","Unofficial figure"
"QCL","Crops and livestock products","120","Cameroon","5510","Production","0113","Rice","2024","2024","t","345582.87","I","Value imputed by a receiving agency",""
"QCL","Crops and livestock products","120","Cameroon","5312","Area harvested","01921.01","Seed cotton, unginned","2024","2024","ha","229000","X","Value from external organization","Unofficial figure"
"QCL","Crops and livestock products","120","Cameroon","5510","Production","01921.01","Seed cotton, unginned","2024","2024","t","490900","E","Estimated value",""
"QCL","Crops and livestock products","120","Cameroon","5312","Area harvested","01444","Sesame seed","2024","2024","ha","60000","X","Value from external organization","Unofficial figure"
"QCL","Crops and livestock products","120","Cameroon","5510","Production","01444","Sesame seed","2024","2024","t","75000","X","Value from external organization","Unofficial figure"
"QCL","Crops and livestock products","120","Cameroon","5510","Production","21514","Sheep fat, unrendered","2024","2024","t","427.84","I","Value imputed by a receiving agency",""
"QCL","Crops and livestock products","120","Cameroon","5312","Area harvested","0114","Sorghum","2024","2024","ha","740000","X","Value from external organization","Unofficial figure"
"QCL","Crops and livestock products","120","Cameroon","5510","Production","0114","Sorghum","2024","2024","t","1200000","X","Value from external organization","Unofficial figure"
"QCL","Crops and livestock products","120","Cameroon","5312","Area harvested","0141","Soya beans","2024","2024","ha","66561","I","Value imputed by a receiving agency",""
"QCL","Crops and livestock products","120","Cameroon","5510","Production","0141","Soya beans","2024","2024","t","116690.21","I","Value imputed by a receiving agency",""
"QCL","Crops and livestock products","120","Cameroon","5312","Area harvested","01802","Sugar cane","2024","2024","ha","14139","I","Value imputed by a receiving agency",""
"QCL","Crops and livestock products","120","Cameroon","5510","Production","01802","Sugar cane","2024","2024","t","872376.99","I","Value imputed by a receiving agency",""
"QCL","Crops and livestock products","120","Cameroon","5312","Area harvested","01530","Sweet potatoes","2024","2024","ha","93378","I","Value imputed by a receiving agency",""
"QCL","Crops and livestock products","120","Cameroon","5510","Production","01530","Sweet potatoes","2024","2024","t","633124.54","I","Value imputed by a receiving agency",""
"QCL","Crops and livestock products","120","Cameroon","5312","Area harvested","01550","Taro","2024","2024","ha","250535","I","Value imputed by a receiving agency",""
"QCL","Crops and livestock products","120","Cameroon","5510","Production","01550","Taro","2024","2024","t","1946969.89","I","Value imputed by a receiving agency",""
"QCL","Crops and livestock products","120","Cameroon","5312","Area harvested","01620","Tea leaves","2024","2024","ha","2369","I","Value imputed by a receiving agency",""
"QCL","Crops and livestock products","120","Cameroon","5510","Production","01620","Tea leaves","2024","2024","t","24683.67","I","Value imputed by a receiving agency",""
"QCL","Crops and livestock products","120","Cameroon","5312","Area harvested","01234","Tomatoes","2024","2024","ha","66081","I","Value imputed by a receiving agency",""
"QCL","Crops and livestock products","120","Cameroon","5510","Production","01234","Tomatoes","2024","2024","t","1279204.41","I","Value imputed by a receiving agency",""
"QCL","Crops and livestock products","120","Cameroon","5312","Area harvested","01970","Unmanufactured tobacco","2024","2024","ha","4318","I","Value imputed by a receiving agency",""
"QCL","Crops and livestock products","120","Cameroon","5510","Production","01970","Unmanufactured tobacco","2024","2024","t","6437.37","E","Estimated value",""
"QCL","Crops and livestock products","120","Cameroon","5312","Area harvested","01221","Watermelons","2024","2024","ha","7460","I","Value imputed by a receiving agency",""
"QCL","Crops and livestock products","120","Cameroon","5510","Production","01221","Watermelons","2024","2024","t","112156.88","I","Value imputed by a receiving agency",""
"QCL","Crops and livestock products","120","Cameroon","5312","Area harvested","0111","Wheat","2024","2024","ha","460","E","Estimated value",""
"QCL","Crops and livestock products","120","Cameroon","5510","Production","0111","Wheat","2024","2024","t","615.64","E","Estimated value",""
"QCL","Crops and livestock products","120","Cameroon","5312","Area harvested","01540","Yams","2024","2024","ha","80505","I","Value imputed by a receiving agency",""
"QCL","Crops and livestock products","120","Cameroon","5510","Production","01540","Yams","2024","2024","t","541648.32","I","Value imputed by a receiving agency",""
"QCL","Crops and livestock products","384","Côte d'Ivoire","5312","Area harvested","01371","Almonds, in shell","2024","2024","ha","2840","E","Estimated value",""
"QCL","Crops and livestock products","384","Côte d'Ivoire","5510","Production","01371","Almonds, in shell","2024","2024","t","1689.25","E","Estimated value",""
"QCL","Crops and livestock products","384","Côte d'Ivoire","5312","Area harvested","01311","Avocados","2024","2024","ha","5235","I","Value imputed by a receiving agency",""
"QCL","Crops and livestock products","384","Côte d'Ivoire","5510","Production","01311","Avocados","2024","2024","t","37411.47","E","Estimated value",""
"QCL","Crops and livestock products","384","Côte d'Ivoire","5312","Area harvested","01312","Bananas","2024","2024","ha","12086","I","Value imputed by a receiving agency",""
"QCL","Crops and livestock products","384","Côte d'Ivoire","5510","Production","01312","Bananas","2024","2024","t","534242.85","I","Value imputed by a receiving agency",""
"QCL","Crops and livestock products","384","Côte d'Ivoire","5312","Area harvested","01701","Beans, dry","2024","2024","ha","45122","E","Estimated value",""
"QCL","Crops and livestock products","384","Côte d'Ivoire","5510","Production","01701","Beans, dry","2024","2024","t","38334.51","E","Estimated value",""
"QCL","Crops and livestock products","384","Côte d'Ivoire","5510","Production","01377","Brazil nuts, in shell","2024","2024","t","","M","Missing value; data cannot exist",""
"QCL","Crops and livestock products","384","Côte d'Ivoire","5312","Area harvested","01372","Cashew nuts, in shell","2024","2024","ha","1428211","A","Official value",""
"QCL","Crops and livestock products","384","Côte d'Ivoire","5510","Production","01372","Cashew nuts, in shell","2024","2024","t","944673","A","Official value",""
"QCL","Crops and livestock products","384","Côte d'Ivoire","5312","Area harvested","01520.01","Cassava, fresh","2024","2024","ha","1394159","E","Estimated value",""
"QCL","Crops and livestock products","384","Côte d'Ivoire","5510","Production","01520.01","Cassava, fresh","2024","2024","t","8485694","A","Official value",""
"QCL","Crops and livestock products","384","Côte d'Ivoire","5510","Production","21512","Cattle fat, unrendered","2024","2024","t","1110.27","I","Value imputed by a receiving agency",""
"QCL","Crops and livestock products","384","Côte d'Ivoire","5312","Area harvested","01652","Chillies and peppers, dry (Capsicum spp., Pimenta spp.), raw","2024","2024","ha","26575","E","Estimated value",""
"QCL","Crops and livestock products","384","Côte d'Ivoire","5510","Production","01652","Chillies and peppers, dry (Capsicum spp., Pimenta spp.), raw","2024","2024","t","131573.21","E","Estimated value",""
"QCL","Crops and livestock products","384","Côte d'Ivoire","5312","Area harvested","01231","Chillies and peppers, green (Capsicum spp. and Pimenta spp.)","2024","2024","ha","3941","I","Value imputed by a receiving agency",""
"QCL","Crops and livestock products","384","Côte d'Ivoire","5510","Production","01231","Chillies and peppers, green (Capsicum spp. and Pimenta spp.)","2024","2024","t","27794.86","I","Value imputed by a receiving agency",""
"QCL","Crops and livestock products","384","Côte d'Ivoire","5312","Area harvested","01640","Cocoa beans","2024","2024","ha","3814984","I","Value imputed by a receiving agency",""
"QCL","Crops and livestock products","384","Côte d'Ivoire","5510","Production","01640","Cocoa beans","2024","2024","t","1890442","A","Official value",""
"QCL","Crops and livestock products","384","Côte d'Ivoire","5312","Area harvested","01460","Coconuts, in shell","2024","2024","ha","35000","I","Value imputed by a receiving agency",""
"QCL","Crops and livestock products","384","Côte d'Ivoire","5510","Production","01460","Coconuts, in shell","2024","2024","t","174150.07","I","Value imputed by a receiving agency",""
"QCL","Crops and livestock products","384","Côte d'Ivoire","5312","Area harvested","01610","Coffee, green","2024","2024","ha","599673","I","Value imputed by a receiving agency",""
"QCL","Crops and livestock products","384","Côte d'Ivoire","5510","Production","01610","Coffee, green","2024","2024","t","72133","A","Official value",""
"QCL","Crops and livestock products","384","Côte d'Ivoire","5510","Production","01929.08","Coir, raw","2024","2024","t","2196.09","I","Value imputed by a receiving agency",""
"QCL","Crops and livestock products","384","Côte d'Ivoire","5312","Area harvested","01232","Cucumbers and gherkins","2024","2024","ha","4236","I","Value imputed by a receiving agency",""
"QCL","Crops and livestock products","384","Côte d'Ivoire","5510","Production","01232","Cucumbers and gherkins","2024","2024","t","20550.15","I","Value imputed by a receiving agency",""
"QCL","Crops and livestock products","384","Côte d'Ivoire","5510","Production","21151","Edible offal of cattle, fresh, chilled or frozen","2024","2024","t","8141.98","I","Value imputed by a receiving agency",""
"QCL","Crops and livestock products","384","Côte d'Ivoire","5510","Production","21156","Edible offal of goat, fresh, chilled or frozen","2024","2024","t","4144.53","I","Value imputed by a receiving agency",""
"QCL","Crops and livestock products","384","Côte d'Ivoire","5510","Production","21153","Edible offal of pigs, fresh, chilled or frozen","2024","2024","t","673.2","I","Value imputed by a receiving agency",""
"QCL","Crops and livestock products","384","Côte d'Ivoire","5510","Production","21155","Edible offal of sheep, fresh, chilled or frozen","2024","2024","t","3837.92","I","Value imputed by a receiving agency",""
"QCL","Crops and livestock products","384","Côte d'Ivoire","5312","Area harvested","01599.10","Edible roots and tubers with high starch or inulin content, n.e.c., fresh","2024","2024","ha","2493","E","Estimated value",""
"QCL","Crops and livestock products","384","Côte d'Ivoire","5510","Production","01599.10","Edible roots and tubers with high starch or inulin content, n.e.c., fresh","2024","2024","t","40615.48","E","Estimated value",""
"QCL","Crops and livestock products","384","Côte d'Ivoire","5312","Area harvested","01233","Eggplants (aubergines)","2024","2024","ha","23133","I","Value imputed by a receiving agency",""
"QCL","Crops and livestock products","384","Côte d'Ivoire","5510","Production","01233","Eggplants (aubergines)","2024","2024","t","121488","A","Official value",""
"QCL","Crops and livestock products","384","Côte d'Ivoire","5510","Production","21511.01","Fat of pigs","2024","2024","t","807.84","I","Value imputed by a receiving agency",""
"QCL","Crops and livestock products","384","Côte d'Ivoire","5312","Area harvested","01193","Fonio","2024","2024","ha","13752","I","Value imputed by a receiving agency",""
"QCL","Crops and livestock products","384","Côte d'Ivoire","5510","Production","01193","Fonio","2024","2024","t","19543","A","Official value",""
"QCL","Crops and livestock products","384","Côte d'Ivoire","5510","Production","21170.02","Game meat, fresh, chilled or frozen","2024","2024","t","161064.99","E","Estimated value",""
"QCL","Crops and livestock products","384","Côte d'Ivoire","5312","Area harvested","01657","Ginger, raw","2024","2024","ha","527","I","Value imputed by a receiving agency",""
"QCL","Crops and livestock products","384","Côte d'Ivoire","5510","Production","01657","Ginger, raw","2024","2024","t","6893.6","E","Estimated value",""
"QCL","Crops and livestock products","384","Côte d'Ivoire","5510","Production","21515","Goat fat, unrendered","2024","2024","t","518.07","I","Value imputed by a receiving agency",""
"QCL","Crops and livestock products","384","Côte d'Ivoire","5312","Area harvested","01290.01","Green corn (maize)","2024","2024","ha","76532","I","Value imputed by a receiving agency",""
"QCL","Crops and livestock products","384","Côte d'Ivoire","5510","Production","01290.01","Green corn (maize)","2024","2024","t","184728.85","I","Value imputed by a receiving agency",""
"QCL","Crops and livestock products","384","Côte d'Ivoire","5312","Area harvested","0142","Groundnuts, excluding shelled","2024","2024","ha","165000","X","Value from external organization","Unofficial figure"
"QCL","Crops and livestock products","384","Côte d'Ivoire","5510","Production","0142","Groundnuts, excluding shelled","2024","2024","t","296660","A","Official value",""
"QCL","Crops and livestock products","384","Côte d'Ivoire","5510","Production","0231","Hen eggs in shell, fresh","2024","2024","t","125120","A","Official value",""
"QCL","Crops and livestock products","384","Côte d'Ivoire","5513","Production","0231","Hen eggs in shell, fresh","2024","2024","1000 No","2274909","A","Official value",""
"QCL","Crops and livestock products","384","Côte d'Ivoire","5312","Area harvested","01499.01","Karite nuts (sheanuts)","2024","2024","ha","23720","E","Estimated value",""
"QCL","Crops and livestock products","384","Côte d'Ivoire","5510","Production","01499.01","Karite nuts (sheanuts)","2024","2024","t","33065.51","I","Value imputed by a receiving agency",""
"QCL","Crops and livestock products","384","Côte d'Ivoire","5312","Area harvested","01379.02","Kola nuts","2024","2024","ha","83609","E","Estimated value",""
"QCL","Crops and livestock products","384","Côte d'Ivoire","5510","Production","01379.02","Kola nuts","2024","2024","t","59131.77","E","Estimated value",""
"QCL","Crops and livestock products","384","Côte d'Ivoire","5312","Area harvested","0112","Maize (corn)","2024","2024","ha","640000","X","Value from external organization","Unofficial figure"
"QCL","Crops and livestock products","384","Côte d'Ivoire","5510","Production","0112","Maize (corn)","2024","2024","t","1640661","A","Official value",""
"QCL","Crops and livestock products","384","Côte d'Ivoire","5312","Area harvested","01316","Mangoes, guavas and mangosteens","2024","2024","ha","381315","E","Estimated value",""
"QCL","Crops and livestock products","384","Côte d'Ivoire","5510","Production","01316","Mangoes, guavas and mangosteens","2024","2024","t","226298.76","I","Value imputed by a receiving agency",""
"QCL","Crops and livestock products","384","Côte d'Ivoire","5510","Production","21111.01","Meat of cattle with the bone, fresh or chilled","2024","2024","t","37009","A","Official value",""
"QCL","Crops and livestock products","384","Côte d'Ivoire","5510","Production","21121","Meat of chickens, fresh or chilled","2024","2024","t","163914.94","A","Official value",""
"QCL","Crops and livestock products","384","Côte d'Ivoire","5510","Production","21116","Meat of goat, fresh or chilled","2024","2024","t","17268.87","A","Official value",""
"QCL","Crops and livestock products","384","Côte d'Ivoire","5510","Production","21113.01","Meat of pig with the bone, fresh or chilled","2024","2024","t","13464","A","Official value",""
"QCL","Crops and livestock products","384","Côte d'Ivoire","5510","Production","21115","Meat of sheep, fresh or chilled","2024","2024","t","15991.31","A","Official value",""
"QCL","Crops and livestock products","384","Côte d'Ivoire","5312","Area harvested","0118","Millet","2024","2024","ha","75000","X","Value from external organization","Unofficial figure"
"QCL","Crops and livestock products","384","Côte d'Ivoire","5510","Production","0118","Millet","2024","2024","t","60236","A","Official value",""
"QCL","Crops and livestock products","384","Côte d'Ivoire","5510","Production","02910","Natural honey","2024","2024","t","619.26","I","Value imputed by a receiving agency",""
"QCL","Crops and livestock products","384","Côte d'Ivoire","5312","Area harvested","01950.01","Natural rubber in primary forms","2024","2024","ha","1027211","I","Value imputed by a receiving agency",""
"QCL","Crops and livestock products","384","Côte d'Ivoire","5510","Production","01950.01","Natural rubber in primary forms","2024","2024","t","1686599","A","Official value",""
"QCL","Crops and livestock products","384","Côte d'Ivoire","5312","Area harvested","01491.01","Oil palm fruit","2024","2024","ha","359423","I","Value imputed by a receiving agency",""
"QCL","Crops and livestock products","384","Côte d'Ivoire","5510","Production","01491.01","Oil palm fruit","2024","2024","t","2298984.69","A","Official value",""
"QCL","Crops and livestock products","384","Côte d'Ivoire","5312","Area harvested","01239.01","Okra","2024","2024","ha","63878","I","Value imputed by a receiving agency",""
"QCL","Crops and livestock products","384","Côte d'Ivoire","5510","Production","01239.01","Okra","2024","2024","t","181276","A","Official value",""
"QCL","Crops and livestock products","384","Côte d'Ivoire","5312","Area harvested","01253.01","Onions and shallots, green","2024","2024","ha","886","E","Estimated value",""
"QCL","Crops and livestock products","384","Côte d'Ivoire","5510","Production","01253.01","Onions and shallots, green","2024","2024","t","8329.62","E","Estimated value",""
"QCL","Crops and livestock products","384","Côte d'Ivoire","5312","Area harvested","01323","Oranges","2024","2024","ha","3279","E","Estimated value",""
"QCL","Crops and livestock products","384","Côte d'Ivoire","5510","Production","01323","Oranges","2024","2024","t","41189.72","E","Estimated value",""
"QCL","Crops and livestock products","384","Côte d'Ivoire","5312","Area harvested","01241.90","Other beans, green","2024","2024","ha","1717","E","Estimated value",""
"QCL","Crops and livestock products","384","Côte d'Ivoire","5510","Production","01241.90","Other beans, green","2024","2024","t","5042.38","I","Value imputed by a receiving agency",""
"QCL","Crops and livestock products","384","Côte d'Ivoire","5312","Area harvested","01329","Other citrus fruit, n.e.c.","2024","2024","ha","3548","E","Estimated value",""
"QCL","Crops and livestock products","384","Côte d'Ivoire","5510","Production","01329","Other citrus fruit, n.e.c.","2024","2024","t","45300.68","E","Estimated value",""
"QCL","Crops and livestock products","384","Côte d'Ivoire","5312","Area harvested","01359.90","Other fruits, n.e.c.","2024","2024","ha","4191","E","Estimated value",""
"QCL","Crops and livestock products","384","Côte d'Ivoire","5510","Production","01359.90","Other fruits, n.e.c.","2024","2024","t","21860.54","E","Estimated value",""
"QCL","Crops and livestock products","384","Côte d'Ivoire","5510","Production","21119.90","Other meat of mammals, fresh or chilled","2024","2024","t","32033.76","E","Estimated value",""
"QCL","Crops and livestock products","384","Côte d'Ivoire","5312","Area harvested","01379.90","Other nuts (excluding wild edible nuts and groundnuts), in shell, n.e.c.","2024","2024","ha","8104","I","Value imputed by a receiving agency",""
"QCL","Crops and livestock products","384","Côte d'Ivoire","5510","Production","01379.90","Other nuts (excluding wild edible nuts and groundnuts), in shell, n.e.c.","2024","2024","t","7809.49","E","Estimated value",""
"QCL","Crops and livestock products","384","Côte d'Ivoire","5312","Area harvested","01449.90","Other oil seeds, n.e.c.","2024","2024","ha","43055","E","Estimated value",""
"QCL","Crops and livestock products","384","Côte d'Ivoire","5510","Production","01449.90","Other oil seeds, n.e.c.","2024","2024","t","30387.83","E","Estimated value",""
"QCL","Crops and livestock products","384","Côte d'Ivoire","5312","Area harvested","01709.90","Other pulses n.e.c.","2024","2024","ha","20322","E","Estimated value",""
"QCL","Crops and livestock products","384","Côte d'Ivoire","5510","Production","01709.90","Other pulses n.e.c.","2024","2024","t","15824.67","E","Estimated value",""
"QCL","Crops and livestock products","384","Côte d'Ivoire","5312","Area harvested","01699","Other stimulant, spice and aromatic crops, n.e.c.","2024","2024","ha","1125","I","Value imputed by a receiving agency",""
"QCL","Crops and livestock products","384","Côte d'Ivoire","5510","Production","01699","Other stimulant, spice and aromatic crops, n.e.c.","2024","2024","t","708.69","I","Value imputed by a receiving agency",""
"QCL","Crops and livestock products","384","Côte d'Ivoire","5312","Area harvested","01319","Other tropical fruits, n.e.c.","2024","2024","ha","41264","E","Estimated value",""
"QCL","Crops and livestock products","384","Côte d'Ivoire","5510","Production","01319","Other tropical fruits, n.e.c.","2024","2024","t","51389.13","E","Estimated value",""
"QCL","Crops and livestock products","384","Côte d'Ivoire","5312","Area harvested","01290.90","Other vegetables, fresh n.e.c.","2024","2024","ha","18847","E","Estimated value",""
"QCL","Crops and livestock products","384","Côte d'Ivoire","5510","Production","01290.90","Other vegetables, fresh n.e.c.","2024","2024","t","155810.83","E","Estimated value",""
"QCL","Crops and livestock products","384","Côte d'Ivoire","5312","Area harvested","01317","Papayas","2024","2024","ha","5859","E","Estimated value",""
"QCL","Crops and livestock products","384","Côte d'Ivoire","5510","Production","01317","Papayas","2024","2024","t","14752.14","E","Estimated value",""
"QCL","Crops and livestock products","384","Côte d'Ivoire","5312","Area harvested","01651","Pepper (Piper spp.), raw","2024","2024","ha","407","E","Estimated value",""
"QCL","Crops and livestock products","384","Côte d'Ivoire","5510","Production","01651","Pepper (Piper spp.), raw","2024","2024","t","246.16","E","Estimated value",""
"QCL","Crops and livestock products","384","Côte d'Ivoire","5312","Area harvested","01318","Pineapples","2024","2024","ha","532","I","Value imputed by a receiving agency",""
"QCL","Crops and livestock products","384","Côte d'Ivoire","5510","Production","01318","Pineapples","2024","2024","t","32590.44","I","Value imputed by a receiving agency",""
"QCL","Crops and livestock products","384","Côte d'Ivoire","5510","Production","01375","Pistachios, in shell","2024","2024","t","","M","Missing value; data cannot exist",""
"QCL","Crops and livestock products","384","Côte d'Ivoire","5312","Area harvested","01313","Plantains and cooking bananas","2024","2024","ha","641598","I","Value imputed by a receiving agency",""
"QCL","Crops and livestock products","384","Côte d'Ivoire","5510","Production","01313","Plantains and cooking bananas","2024","2024","t","2465235","A","Official value",""
"QCL","Crops and livestock products","384","Côte d'Ivoire","5312","Area harvested","01321","Pomelos and grapefruits","2024","2024","ha","4590","E","Estimated value",""
"QCL","Crops and livestock products","384","Côte d'Ivoire","5510","Production","01321","Pomelos and grapefruits","2024","2024","t","25437.1","E","Estimated value",""
"QCL","Crops and livestock products","384","Côte d'Ivoire","5312","Area harvested","01510","Potatoes","2024","2024","ha","","M","Missing value; data cannot exist",""
"QCL","Crops and livestock products","384","Côte d'Ivoire","5510","Production","01510","Potatoes","2024","2024","t","","M","Missing value; data cannot exist",""
"QCL","Crops and livestock products","384","Côte d'Ivoire","5312","Area harvested","01235","Pumpkins, squash and gourds","2024","2024","ha","2005","I","Value imputed by a receiving agency",""
"QCL","Crops and livestock products","384","Côte d'Ivoire","5510","Production","01235","Pumpkins, squash and gourds","2024","2024","t","19497.7","I","Value imputed by a receiving agency",""
"QCL","Crops and livestock products","384","Côte d'Ivoire","5510","Production","02951.01","Raw hides and skins of cattle","2024","2024","t","4885.19","I","Value imputed by a receiving agency",""
"QCL","Crops and livestock products","384","Côte d'Ivoire","5510","Production","02954","Raw hides and skins of goats or kids","2024","2024","t","4144.53","I","Value imputed by a receiving agency",""
"QCL","Crops and livestock products","384","Côte d'Ivoire","5510","Production","02953","Raw hides and skins of sheep or lambs","2024","2024","t","3837.92","I","Value imputed by a receiving agency",""
"QCL","Crops and livestock products","384","Côte d'Ivoire","5510","Production","02211","Raw milk of cattle","2024","2024","t","38872.22","A","Official value",""
"QCL","Crops and livestock products","384","Côte d'Ivoire","5312","Area harvested","0113","Rice","2024","2024","ha","811177","A","Official value",""
"QCL","Crops and livestock products","384","Côte d'Ivoire","5510","Production","0113","Rice","2024","2024","t","2381129","A","Official value",""
"QCL","Crops and livestock products","384","Côte d'Ivoire","5312","Area harvested","01921.01","Seed cotton, unginned","2024","2024","ha","392696","A","Official value",""
"QCL","Crops and livestock products","384","Côte d'Ivoire","5510","Production","01921.01","Seed cotton, unginned","2024","2024","t","347922","A","Official value",""
"QCL","Crops and livestock products","384","Côte d'Ivoire","5312","Area harvested","01444","Sesame seed","2024","2024","ha","15029","I","Value imputed by a receiving agency",""
"QCL","Crops and livestock products","384","Côte d'Ivoire","5510","Production","01444","Sesame seed","2024","2024","t","3138.23","I","Value imputed by a receiving agency",""
"QCL","Crops and livestock products","384","Côte d'Ivoire","5510","Production","21514","Sheep fat, unrendered","2024","2024","t","479.74","I","Value imputed by a receiving agency",""
"QCL","Crops and livestock products","384","Côte d'Ivoire","5510","Production","02920","Snails, fresh, chilled, frozen, dried, salted or in brine, except sea snails","2024","2024","t","316.83","E","Estimated value",""
"QCL","Crops and livestock products","384","Côte d'Ivoire","5312","Area harvested","0114","Sorghum","2024","2024","ha","100000","X","Value from external organization","Unofficial figure"
"QCL","Crops and livestock products","384","Côte d'Ivoire","5510","Production","0114","Sorghum","2024","2024","t","66489","A","Official value",""
"QCL","Crops and livestock products","384","Côte d'Ivoire","5312","Area harvested","0141","Soya beans","2024","2024","ha","391","E","Estimated value",""
"QCL","Crops and livestock products","384","Côte d'Ivoire","5510","Production","0141","Soya beans","2024","2024","t","572.17","E","Estimated value",""
"QCL","Crops and livestock products","384","Côte d'Ivoire","5312","Area harvested","01241.01","String beans","2024","2024","ha","1526","I","Value imputed by a receiving agency",""
"QCL","Crops and livestock products","384","Côte d'Ivoire","5510","Production","01241.01","String beans","2024","2024","t","4887.73","I","Value imputed by a receiving agency",""
"QCL","Crops and livestock products","384","Côte d'Ivoire","5312","Area harvested","01802","Sugar cane","2024","2024","ha","26622","I","Value imputed by a receiving agency",""
"QCL","Crops and livestock products","384","Côte d'Ivoire","5510","Production","01802","Sugar cane","2024","2024","t","2156597.94","I","Value imputed by a receiving agency",""
"QCL","Crops and livestock products","384","Côte d'Ivoire","5312","Area harvested","01530","Sweet potatoes","2024","2024","ha","36102","I","Value imputed by a receiving agency",""
"QCL","Crops and livestock products","384","Côte d'Ivoire","5510","Production","01530","Sweet potatoes","2024","2024","t","63100","A","Official value",""
"QCL","Crops and livestock products","384","Côte d'Ivoire","5312","Area harvested","01550","Taro","2024","2024","ha","76400","I","Value imputed by a receiving agency",""
"QCL","Crops and livestock products","384","Côte d'Ivoire","5510","Production","01550","Taro","2024","2024","t","91185","A","Official value",""
"QCL","Crops and livestock products","384","Côte d'Ivoire","5312","Area harvested","01234","Tomatoes","2024","2024","ha","5769","I","Value imputed by a receiving agency",""
"QCL","Crops and livestock products","384","Côte d'Ivoire","5510","Production","01234","Tomatoes","2024","2024","t","60344","A","Official value",""
"QCL","Crops and livestock products","384","Côte d'Ivoire","5312","Area harvested","01970","Unmanufactured tobacco","2024","2024","ha","15840","I","Value imputed by a receiving agency",""
"QCL","Crops and livestock products","384","Côte d'Ivoire","5510","Production","01970","Unmanufactured tobacco","2024","2024","t","8086.72","I","Value imputed by a receiving agency",""
"QCL","Crops and livestock products","384","Côte d'Ivoire","5312","Area harvested","01540","Yams","2024","2024","ha","1498407","I","Value imputed by a receiving agency",""
"QCL","Crops and livestock products","384","Côte d'Ivoire","5510","Production","01540","Yams","2024","2024","t","7660870","A","Official value",""
"QCL","Crops and livestock products","266","Gabon","5312","Area harvested","01312","Bananas","2024","2024","ha","2280","I","Value imputed by a receiving agency",""
"QCL","Crops and livestock products","266","Gabon","5510","Production","01312","Bananas","2024","2024","t","17628.61","I","Value imputed by a receiving agency",""
"QCL","Crops and livestock products","266","Gabon","5312","Area harvested","01520.01","Cassava, fresh","2024","2024","ha","58031","I","Value imputed by a receiving agency",""
"QCL","Crops and livestock products","266","Gabon","5510","Production","01520.01","Cassava, fresh","2024","2024","t","306211.73","I","Value imputed by a receiving agency",""
"QCL","Crops and livestock products","266","Gabon","5510","Production","21512","Cattle fat, unrendered","2024","2024","t","26.18","I","Value imputed by a receiving agency",""
"QCL","Crops and livestock products","266","Gabon","5312","Area harvested","01231","Chillies and peppers, green (Capsicum spp. and Pimenta spp.)","2024","2024","ha","24","I","Value imputed by a receiving agency",""
"QCL","Crops and livestock products","266","Gabon","5510","Production","01231","Chillies and peppers, green (Capsicum spp. and Pimenta spp.)","2024","2024","t","48.16","I","Value imputed by a receiving agency",""
"QCL","Crops and livestock products","266","Gabon","5312","Area harvested","01640","Cocoa beans","2024","2024","ha","1815","I","Value imputed by a receiving agency",""
"QCL","Crops and livestock products","266","Gabon","5510","Production","01640","Cocoa beans","2024","2024","t","100","X","Value from external organization","Unofficial figure"
"QCL","Crops and livestock products","266","Gabon","5312","Area harvested","01610","Coffee, green","2024","2024","ha","274","E","Estimated value",""
"QCL","Crops and livestock products","266","Gabon","5510","Production","01610","Coffee, green","2024","2024","t","103.97","E","Estimated value",""
"QCL","Crops and livestock products","266","Gabon","5312","Area harvested","01232","Cucumbers and gherkins","2024","2024","ha","18","I","Value imputed by a receiving agency",""
"QCL","Crops and livestock products","266","Gabon","5510","Production","01232","Cucumbers and gherkins","2024","2024","t","23","I","Value imputed by a receiving agency",""
"QCL","Crops and livestock products","266","Gabon","5510","Production","21151","Edible offal of cattle, fresh, chilled or frozen","2024","2024","t","169.4","I","Value imputed by a receiving agency",""
"QCL","Crops and livestock products","266","Gabon","5510","Production","21156","Edible offal of goat, fresh, chilled or frozen","2024","2024","t","92.05","I","Value imputed by a receiving agency",""
"QCL","Crops and livestock products","266","Gabon","5510","Production","21153","Edible offal of pigs, fresh, chilled or frozen","2024","2024","t","324.35","I","Value imputed by a receiving agency",""
"QCL","Crops and livestock products","266","Gabon","5510","Production","21155","Edible offal of sheep, fresh, chilled or frozen","2024","2024","t","199.29","I","Value imputed by a receiving agency",""
"QCL","Crops and livestock products","266","Gabon","5312","Area harvested","01233","Eggplants (aubergines)","2024","2024","ha","20","I","Value imputed by a receiving agency",""
"QCL","Crops and livestock products","266","Gabon","5510","Production","01233","Eggplants (aubergines)","2024","2024","t","102.83","I","Value imputed by a receiving agency",""
"QCL","Crops and livestock products","266","Gabon","5510","Production","21511.01","Fat of pigs","2024","2024","t","195.64","I","Value imputed by a receiving agency",""
"QCL","Crops and livestock products","266","Gabon","5510","Production","21170.02","Game meat, fresh, chilled or frozen","2024","2024","t","29823.38","E","Estimated value",""
"QCL","Crops and livestock products","266","Gabon","5510","Production","21515","Goat fat, unrendered","2024","2024","t","14.23","I","Value imputed by a receiving agency",""
"QCL","Crops and livestock products","266","Gabon","5312","Area harvested","0142","Groundnuts, excluding shelled","2024","2024","ha","31423","E","Estimated value",""
"QCL","Crops and livestock products","266","Gabon","5510","Production","0142","Groundnuts, excluding shelled","2024","2024","t","32474.79","E","Estimated value",""
"QCL","Crops and livestock products","266","Gabon","5510","Production","0231","Hen eggs in shell, fresh","2024","2024","t","2587.51","I","Value imputed by a receiving agency",""
"QCL","Crops and livestock products","266","Gabon","5513","Production","0231","Hen eggs in shell, fresh","2024","2024","1000 No","56250","I","Value imputed by a receiving agency",""
"QCL","Crops and livestock products","266","Gabon","5312","Area harvested","0112","Maize (corn)","2024","2024","ha","29446","E","Estimated value",""
"QCL","Crops and livestock products","266","Gabon","5510","Production","0112","Maize (corn)","2024","2024","t","45975.52","E","Estimated value",""
"QCL","Crops and livestock products","266","Gabon","5510","Production","21111.01","Meat of cattle with the bone, fresh or chilled","2024","2024","t","754.6","I","Value imputed by a receiving agency",""
"QCL","Crops and livestock products","266","Gabon","5510","Production","21121","Meat of chickens, fresh or chilled","2024","2024","t","4220.38","I","Value imputed by a receiving agency",""
"QCL","Crops and livestock products","266","Gabon","5510","Production","21116","Meat of goat, fresh or chilled","2024","2024","t","343.09","I","Value imputed by a receiving agency",""
"QCL","Crops and livestock products","266","Gabon","5510","Production","21113.01","Meat of pig with the bone, fresh or chilled","2024","2024","t","3603.84","I","Value imputed by a receiving agency",""
"QCL","Crops and livestock products","266","Gabon","5510","Production","21114","Meat of rabbits and hares, fresh or chilled","2024","2024","t","2094.15","I","Value imputed by a receiving agency",""
"QCL","Crops and livestock products","266","Gabon","5510","Production","21115","Meat of sheep, fresh or chilled","2024","2024","t","833.4","I","Value imputed by a receiving agency",""
"QCL","Crops and livestock products","266","Gabon","5312","Area harvested","01950.01","Natural rubber in primary forms","2024","2024","ha","17616","I","Value imputed by a receiving agency",""
"QCL","Crops and livestock products","266","Gabon","5510","Production","01950.01","Natural rubber in primary forms","2024","2024","t","27800","X","Value from external organization","Unofficial figure"
"QCL","Crops and livestock products","266","Gabon","5312","Area harvested","01491.01","Oil palm fruit","2024","2024","ha","68166","I","Value imputed by a receiving agency",""
"QCL","Crops and livestock products","266","Gabon","5510","Production","01491.01","Oil palm fruit","2024","2024","t","607940.7","I","Value imputed by a receiving agency",""
"QCL","Crops and livestock products","266","Gabon","5312","Area harvested","01239.01","Okra","2024","2024","ha","17","I","Value imputed by a receiving agency",""
"QCL","Crops and livestock products","266","Gabon","5510","Production","01239.01","Okra","2024","2024","t","20.36","I","Value imputed by a receiving agency",""
"QCL","Crops and livestock products","266","Gabon","5312","Area harvested","01329","Other citrus fruit, n.e.c.","2024","2024","ha","225","E","Estimated value",""
"QCL","Crops and livestock products","266","Gabon","5510","Production","01329","Other citrus fruit, n.e.c.","2024","2024","t","1380.23","I","Value imputed by a receiving agency",""
"QCL","Crops and livestock products","266","Gabon","5312","Area harvested","01359.90","Other fruits, n.e.c.","2024","2024","ha","9564","I","Value imputed by a receiving agency",""
"QCL","Crops and livestock products","266","Gabon","5510","Production","01359.90","Other fruits, n.e.c.","2024","2024","t","21858.47","E","Estimated value",""
"QCL","Crops and livestock products","266","Gabon","5312","Area harvested","01709.90","Other pulses n.e.c.","2024","2024","ha","289","E","Estimated value",""
"QCL","Crops and livestock products","266","Gabon","5510","Production","01709.90","Other pulses n.e.c.","2024","2024","t","437.08","I","Value imputed by a receiving agency",""
"QCL","Crops and livestock products","266","Gabon","5312","Area harvested","01290.90","Other vegetables, fresh n.e.c.","2024","2024","ha","9939","E","Estimated value",""
"QCL","Crops and livestock products","266","Gabon","5510","Production","01290.90","Other vegetables, fresh n.e.c.","2024","2024","t","51227.22","I","Value imputed by a receiving agency",""
"QCL","Crops and livestock products","266","Gabon","5312","Area harvested","01318","Pineapples","2024","2024","ha","184","E","Estimated value",""
"QCL","Crops and livestock products","266","Gabon","5510","Production","01318","Pineapples","2024","2024","t","1264.63","E","Estimated value",""
"QCL","Crops and livestock products","266","Gabon","5312","Area harvested","01313","Plantains and cooking bananas","2024","2024","ha","50998","E","Estimated value",""
"QCL","Crops and livestock products","266","Gabon","5510","Production","01313","Plantains and cooking bananas","2024","2024","t","354363.95","E","Estimated value",""
"QCL","Crops and livestock products","266","Gabon","5510","Production","02951.01","Raw hides and skins of cattle","2024","2024","t","144.76","I","Value imputed by a receiving agency",""
"QCL","Crops and livestock products","266","Gabon","5510","Production","02954","Raw hides and skins of goats or kids","2024","2024","t","83.68","I","Value imputed by a receiving agency",""
"QCL","Crops and livestock products","266","Gabon","5510","Production","02953","Raw hides and skins of sheep or lambs","2024","2024","t","181.17","I","Value imputed by a receiving agency",""
"QCL","Crops and livestock products","266","Gabon","5510","Production","02211","Raw milk of cattle","2024","2024","t","10734.66","I","Value imputed by a receiving agency",""
"QCL","Crops and livestock products","266","Gabon","5312","Area harvested","0113","Rice","2024","2024","ha","629","E","Estimated value",""
"QCL","Crops and livestock products","266","Gabon","5510","Production","0113","Rice","2024","2024","t","1761.51","E","Estimated value",""
"QCL","Crops and livestock products","266","Gabon","5510","Production","21514","Sheep fat, unrendered","2024","2024","t","34.42","I","Value imputed by a receiving agency",""
"QCL","Crops and livestock products","266","Gabon","5312","Area harvested","0141","Soya beans","2024","2024","ha","4665","E","Estimated value",""
"QCL","Crops and livestock products","266","Gabon","5510","Production","0141","Soya beans","2024","2024","t","4014.66","E","Estimated value",""
"QCL","Crops and livestock products","266","Gabon","5312","Area harvested","01802","Sugar cane","2024","2024","ha","4268","I","Value imputed by a receiving agency",""
"QCL","Crops and livestock products","266","Gabon","5510","Production","01802","Sugar cane","2024","2024","t","273072.8","I","Value imputed by a receiving agency",""
"QCL","Crops and livestock products","266","Gabon","5312","Area harvested","01530","Sweet potatoes","2024","2024","ha","1925","I","Value imputed by a receiving agency",""
"QCL","Crops and livestock products","266","Gabon","5510","Production","01530","Sweet potatoes","2024","2024","t","3901.47","I","Value imputed by a receiving agency",""
"QCL","Crops and livestock products","266","Gabon","5312","Area harvested","01550","Taro","2024","2024","ha","14932","E","Estimated value",""
"QCL","Crops and livestock products","266","Gabon","5510","Production","01550","Taro","2024","2024","t","88840.95","E","Estimated value",""
"QCL","Crops and livestock products","266","Gabon","5312","Area harvested","01234","Tomatoes","2024","2024","ha","41","E","Estimated value",""
"QCL","Crops and livestock products","266","Gabon","5510","Production","01234","Tomatoes","2024","2024","t","346.2","E","Estimated value",""
"QCL","Crops and livestock products","266","Gabon","5312","Area harvested","01540","Yams","2024","2024","ha","37055","E","Estimated value",""
"QCL","Crops and livestock products","266","Gabon","5510","Production","01540","Yams","2024","2024","t","229931.7","E","Estimated value",""
"QCL","Crops and livestock products","270","Gambia","5312","Area harvested","01371","Almonds, in shell","2024","2024","ha","","M","Missing value; data cannot exist",""
"QCL","Crops and livestock products","270","Gambia","5510","Production","01371","Almonds, in shell","2024","2024","t","","M","Missing value; data cannot exist",""
"QCL","Crops and livestock products","270","Gambia","5510","Production","01377","Brazil nuts, in shell","2024","2024","t","","M","Missing value; data cannot exist",""
"QCL","Crops and livestock products","270","Gambia","5312","Area harvested","01372","Cashew nuts, in shell","2024","2024","ha","20945","I","Value imputed by a receiving agency",""
"QCL","Crops and livestock products","270","Gambia","5510","Production","01372","Cashew nuts, in shell","2024","2024","t","36016.99","I","Value imputed by a receiving agency",""
"QCL","Crops and livestock products","270","Gambia","5312","Area harvested","01520.01","Cassava, fresh","2024","2024","ha","2763","E","Estimated value",""
"QCL","Crops and livestock products","270","Gambia","5510","Production","01520.01","Cassava, fresh","2024","2024","t","12212.4","E","Estimated value",""
"QCL","Crops and livestock products","270","Gambia","5510","Production","21512","Cattle fat, unrendered","2024","2024","t","77.3","I","Value imputed by a receiving agency",""
"QCL","Crops and livestock products","270","Gambia","5312","Area harvested","01199.90","Cereals n.e.c.","2024","2024","ha","","M","Missing value; data cannot exist",""
"QCL","Crops and livestock products","270","Gambia","5510","Production","01199.90","Cereals n.e.c.","2024","2024","t","","M","Missing value; data cannot exist",""
"QCL","Crops and livestock products","270","Gambia","5312","Area harvested","01706","Cow peas, dry","2024","2024","ha","3608","A","Official value",""
"QCL","Crops and livestock products","270","Gambia","5510","Production","01706","Cow peas, dry","2024","2024","t","2881.02","A","Official value",""
"QCL","Crops and livestock products","270","Gambia","5510","Production","21151","Edible offal of cattle, fresh, chilled or frozen","2024","2024","t","494.7","I","Value imputed by a receiving agency",""
"QCL","Crops and livestock products","270","Gambia","5510","Production","21156","Edible offal of goat, fresh, chilled or frozen","2024","2024","t","217.54","I","Value imputed by a receiving agency",""
"QCL","Crops and livestock products","270","Gambia","5510","Production","21153","Edible offal of pigs, fresh, chilled or frozen","2024","2024","t","55","I","Value imputed by a receiving agency",""
"QCL","Crops and livestock products","270","Gambia","5510","Production","21155","Edible offal of sheep, fresh, chilled or frozen","2024","2024","t","180.94","I","Value imputed by a receiving agency",""
"QCL","Crops and livestock products","270","Gambia","5510","Production","21511.01","Fat of pigs","2024","2024","t","68.75","I","Value imputed by a receiving agency",""
"QCL","Crops and livestock products","270","Gambia","5312","Area harvested","01193","Fonio","2024","2024","ha","1050","I","Value imputed by a receiving agency",""
"QCL","Crops and livestock products","270","Gambia","5510","Production","01193","Fonio","2024","2024","t","690","A","Official value",""
"QCL","Crops and livestock products","270","Gambia","5510","Production","21170.02","Game meat, fresh, chilled or frozen","2024","2024","t","1581.25","E","Estimated value",""
"QCL","Crops and livestock products","270","Gambia","5510","Production","21515","Goat fat, unrendered","2024","2024","t","25.38","I","Value imputed by a receiving agency",""
"QCL","Crops and livestock products","270","Gambia","5312","Area harvested","0142","Groundnuts, excluding shelled","2024","2024","ha","51463","A","Official value",""
"QCL","Crops and livestock products","270","Gambia","5510","Production","0142","Groundnuts, excluding shelled","2024","2024","t","52642.41","A","Official value",""
"QCL","Crops and livestock products","270","Gambia","5510","Production","0231","Hen eggs in shell, fresh","2024","2024","t","1001.6","I","Value imputed by a receiving agency",""
"QCL","Crops and livestock products","270","Gambia","5513","Production","0231","Hen eggs in shell, fresh","2024","2024","1000 No","20032","I","Value imputed by a receiving agency",""
"QCL","Crops and livestock products","270","Gambia","5312","Area harvested","0112","Maize (corn)","2024","2024","ha","27688","A","Official value",""
"QCL","Crops and livestock products","270","Gambia","5510","Production","0112","Maize (corn)","2024","2024","t","25817.37","A","Official value",""
"QCL","Crops and livestock products","270","Gambia","5312","Area harvested","01316","Mangoes, guavas and mangosteens","2024","2024","ha","265","E","Estimated value",""
"QCL","Crops and livestock products","270","Gambia","5510","Production","01316","Mangoes, guavas and mangosteens","2024","2024","t","1461.94","E","Estimated value",""
"QCL","Crops and livestock products","270","Gambia","5510","Production","21111.01","Meat of cattle with the bone, fresh or chilled","2024","2024","t","2576.57","I","Value imputed by a receiving agency",""
"QCL","Crops and livestock products","270","Gambia","5510","Production","21121","Meat of chickens, fresh or chilled","2024","2024","t","1360.33","I","Value imputed by a receiving agency",""
"QCL","Crops and livestock products","270","Gambia","5510","Production","21116","Meat of goat, fresh or chilled","2024","2024","t","906.41","I","Value imputed by a receiving agency",""
"QCL","Crops and livestock products","270","Gambia","5510","Production","21113.01","Meat of pig with the bone, fresh or chilled","2024","2024","t","1100.02","I","Value imputed by a receiving agency",""
"QCL","Crops and livestock products","270","Gambia","5510","Production","21115","Meat of sheep, fresh or chilled","2024","2024","t","753.93","I","Value imputed by a receiving agency",""
"QCL","Crops and livestock products","270","Gambia","5312","Area harvested","0118","Millet","2024","2024","ha","38425","A","Official value",""
"QCL","Crops and livestock products","270","Gambia","5510","Production","0118","Millet","2024","2024","t","40330","A","Official value",""
"QCL","Crops and livestock products","270","Gambia","5312","Area harvested","01491.01","Oil palm fruit","2024","2024","ha","3513","I","Value imputed by a receiving agency",""
"QCL","Crops and livestock products","270","Gambia","5510","Production","01491.01","Oil palm fruit","2024","2024","t","35075.79","I","Value imputed by a receiving agency",""
"QCL","Crops and livestock products","270","Gambia","5312","Area harvested","01359.90","Other fruits, n.e.c.","2024","2024","ha","1686","E","Estimated value",""
"QCL","Crops and livestock products","270","Gambia","5510","Production","01359.90","Other fruits, n.e.c.","2024","2024","t","8489.22","E","Estimated value",""
"QCL","Crops and livestock products","270","Gambia","5312","Area harvested","01709.90","Other pulses n.e.c.","2024","2024","ha","","M","Missing value; data cannot exist",""
"QCL","Crops and livestock products","270","Gambia","5510","Production","01709.90","Other pulses n.e.c.","2024","2024","t","","M","Missing value; data cannot exist",""
"QCL","Crops and livestock products","270","Gambia","5312","Area harvested","01290.90","Other vegetables, fresh n.e.c.","2024","2024","ha","2077","I","Value imputed by a receiving agency",""
"QCL","Crops and livestock products","270","Gambia","5510","Production","01290.90","Other vegetables, fresh n.e.c.","2024","2024","t","13609.31","E","Estimated value",""
"QCL","Crops and livestock products","270","Gambia","5510","Production","02951.01","Raw hides and skins of cattle","2024","2024","t","298.88","I","Value imputed by a receiving agency",""
"QCL","Crops and livestock products","270","Gambia","5510","Production","02954","Raw hides and skins of goats or kids","2024","2024","t","116.02","I","Value imputed by a receiving agency",""
"QCL","Crops and livestock products","270","Gambia","5510","Production","02953","Raw hides and skins of sheep or lambs","2024","2024","t","96.5","I","Value imputed by a receiving agency",""
"QCL","Crops and livestock products","270","Gambia","5510","Production","02211","Raw milk of cattle","2024","2024","t","52821.68","I","Value imputed by a receiving agency",""
"QCL","Crops and livestock products","270","Gambia","5312","Area harvested","0113","Rice","2024","2024","ha","49811","A","Official value",""
"QCL","Crops and livestock products","270","Gambia","5510","Production","0113","Rice","2024","2024","t","52548","A","Official value",""
"QCL","Crops and livestock products","270","Gambia","5312","Area harvested","01921.01","Seed cotton, unginned","2024","2024","ha","1508","I","Value imputed by a receiving agency",""
"QCL","Crops and livestock products","270","Gambia","5510","Production","01921.01","Seed cotton, unginned","2024","2024","t","531.63","E","Estimated value",""
"QCL","Crops and livestock products","270","Gambia","5312","Area harvested","01444","Sesame seed","2024","2024","ha","1224","I","Value imputed by a receiving agency",""
"QCL","Crops and livestock products","270","Gambia","5510","Production","01444","Sesame seed","2024","2024","t","1404","A","Official value",""
"QCL","Crops and livestock products","270","Gambia","5510","Production","21514","Sheep fat, unrendered","2024","2024","t","27.14","I","Value imputed by a receiving agency",""
"QCL","Crops and livestock products","270","Gambia","5312","Area harvested","0114","Sorghum","2024","2024","ha","7251","A","Official value",""
"QCL","Crops and livestock products","270","Gambia","5510","Production","0114","Sorghum","2024","2024","t","5455.51","A","Official value",""
"QCL","Crops and livestock products","288","Ghana","5312","Area harvested","01311","Avocados","2024","2024","ha","2086","E","Estimated value",""
"QCL","Crops and livestock products","288","Ghana","5510","Production","01311","Avocados","2024","2024","t","9454.26","E","Estimated value",""
"QCL","Crops and livestock products","288","Ghana","5312","Area harvested","01312","Bananas","2024","2024","ha","11170","I","Value imputed by a receiving agency",""
"QCL","Crops and livestock products","288","Ghana","5510","Production","01312","Bananas","2024","2024","t","135062.74","I","Value imputed by a receiving agency",""
"QCL","Crops and livestock products","288","Ghana","5312","Area harvested","01701","Beans, dry","2024","2024","ha","126775","E","Estimated value",""
"QCL","Crops and livestock products","288","Ghana","5510","Production","01701","Beans, dry","2024","2024","t","166120.08","I","Value imputed by a receiving agency",""
"QCL","Crops and livestock products","288","Ghana","5510","Production","01229","Cantaloupes and other melons","2024","2024","t","","M","Missing value; data cannot exist",""
"QCL","Crops and livestock products","288","Ghana","5312","Area harvested","01372","Cashew nuts, in shell","2024","2024","ha","408433","I","Value imputed by a receiving agency",""
"QCL","Crops and livestock products","288","Ghana","5510","Production","01372","Cashew nuts, in shell","2024","2024","t","218575.53","I","Value imputed by a receiving agency",""
"QCL","Crops and livestock products","288","Ghana","5312","Area harvested","01520.01","Cassava, fresh","2024","2024","ha","1079366","I","Value imputed by a receiving agency",""
"QCL","Crops and livestock products","288","Ghana","5510","Production","01520.01","Cassava, fresh","2024","2024","t","27917780.52","I","Value imputed by a receiving agency",""
"QCL","Crops and livestock products","288","Ghana","5510","Production","21512","Cattle fat, unrendered","2024","2024","t","1018.65","I","Value imputed by a receiving agency",""
"QCL","Crops and livestock products","288","Ghana","5312","Area harvested","01652","Chillies and peppers, dry (Capsicum spp., Pimenta spp.), raw","2024","2024","ha","14945","I","Value imputed by a receiving agency",""
"QCL","Crops and livestock products","288","Ghana","5510","Production","01652","Chillies and peppers, dry (Capsicum spp., Pimenta spp.), raw","2024","2024","t","110766.27","E","Estimated value",""
"QCL","Crops and livestock products","288","Ghana","5312","Area harvested","01231","Chillies and peppers, green (Capsicum spp. and Pimenta spp.)","2024","2024","ha","14731","I","Value imputed by a receiving agency",""
"QCL","Crops and livestock products","288","Ghana","5510","Production","01231","Chillies and peppers, green (Capsicum spp. and Pimenta spp.)","2024","2024","t","123784.17","E","Estimated value",""
"QCL","Crops and livestock products","288","Ghana","5312","Area harvested","01640","Cocoa beans","2024","2024","ha","919824","I","Value imputed by a receiving agency",""
"QCL","Crops and livestock products","288","Ghana","5510","Production","01640","Cocoa beans","2024","2024","t","530000","X","Value from external organization","Unofficial figure"
"QCL","Crops and livestock products","288","Ghana","5312","Area harvested","01460","Coconuts, in shell","2024","2024","ha","76051","I","Value imputed by a receiving agency",""
"QCL","Crops and livestock products","288","Ghana","5510","Production","01460","Coconuts, in shell","2024","2024","t","544773.69","I","Value imputed by a receiving agency",""
"QCL","Crops and livestock products","288","Ghana","5312","Area harvested","01610","Coffee, green","2024","2024","ha","460","E","Estimated value",""
"QCL","Crops and livestock products","288","Ghana","5510","Production","01610","Coffee, green","2024","2024","t","736","E","Estimated value",""
"QCL","Crops and livestock products","288","Ghana","5510","Production","01929.08","Coir, raw","2024","2024","t","39687.58","I","Value imputed by a receiving agency",""
"QCL","Crops and livestock products","288","Ghana","5312","Area harvested","01706","Cow peas, dry","2024","2024","ha","191625","I","Value imputed by a receiving agency",""
"QCL","Crops and livestock products","288","Ghana","5510","Production","01706","Cow peas, dry","2024","2024","t","324088.49","I","Value imputed by a receiving agency",""
"QCL","Crops and livestock products","288","Ghana","5312","Area harvested","01232","Cucumbers and gherkins","2024","2024","ha","9","I","Value imputed by a receiving agency",""
"QCL","Crops and livestock products","288","Ghana","5510","Production","01232","Cucumbers and gherkins","2024","2024","t","131.98","I","Value imputed by a receiving agency",""
"QCL","Crops and livestock products","288","Ghana","5510","Production","21151","Edible offal of cattle, fresh, chilled or frozen","2024","2024","t","6366.59","I","Value imputed by a receiving agency",""
"QCL","Crops and livestock products","288","Ghana","5510","Production","21156","Edible offal of goat, fresh, chilled or frozen","2024","2024","t","7949.9","I","Value imputed by a receiving agency",""
"QCL","Crops and livestock products","288","Ghana","5510","Production","21153","Edible offal of pigs, fresh, chilled or frozen","2024","2024","t","2342.84","I","Value imputed by a receiving agency",""
"QCL","Crops and livestock products","288","Ghana","5510","Production","21155","Edible offal of sheep, fresh, chilled or frozen","2024","2024","t","5544.44","I","Value imputed by a receiving agency",""
"QCL","Crops and livestock products","288","Ghana","5312","Area harvested","01599.10","Edible roots and tubers with high starch or inulin content, n.e.c., fresh","2024","2024","ha","34","E","Estimated value",""
"QCL","Crops and livestock products","288","Ghana","5510","Production","01599.10","Edible roots and tubers with high starch or inulin content, n.e.c., fresh","2024","2024","t","177.25","E","Estimated value",""
"QCL","Crops and livestock products","288","Ghana","5312","Area harvested","01233","Eggplants (aubergines)","2024","2024","ha","6461","I","Value imputed by a receiving agency",""
"QCL","Crops and livestock products","288","Ghana","5510","Production","01233","Eggplants (aubergines)","2024","2024","t","53426.99","E","Estimated value",""
"QCL","Crops and livestock products","288","Ghana","5510","Production","21511.01","Fat of pigs","2024","2024","t","2918.28","I","Value imputed by a receiving agency",""
"QCL","Crops and livestock products","288","Ghana","5510","Production","21170.02","Game meat, fresh, chilled or frozen","2024","2024","t","76248.52","I","Value imputed by a receiving agency",""
"QCL","Crops and livestock products","288","Ghana","5312","Area harvested","01657","Ginger, raw","2024","2024","ha","85","E","Estimated value",""
"QCL","Crops and livestock products","288","Ghana","5510","Production","01657","Ginger, raw","2024","2024","t","97.26","E","Estimated value",""
"QCL","Crops and livestock products","288","Ghana","5510","Production","21515","Goat fat, unrendered","2024","2024","t","1192.48","I","Value imputed by a receiving agency",""
"QCL","Crops and livestock products","288","Ghana","5312","Area harvested","0142","Groundnuts, excluding shelled","2024","2024","ha","370000","X","Value from external organization","Unofficial figure"
"QCL","Crops and livestock products","288","Ghana","5510","Production","0142","Groundnuts, excluding shelled","2024","2024","t","625000","X","Value from external organization","Unofficial figure"
"QCL","Crops and livestock products","288","Ghana","5510","Production","0231","Hen eggs in shell, fresh","2024","2024","t","56373.29","I","Value imputed by a receiving agency",""
"QCL","Crops and livestock products","288","Ghana","5513","Production","0231","Hen eggs in shell, fresh","2024","2024","1000 No","1374958","I","Value imputed by a receiving agency",""
"QCL","Crops and livestock products","288","Ghana","5312","Area harvested","01499.01","Karite nuts (sheanuts)","2024","2024","ha","33006","E","Estimated value",""
"QCL","Crops and livestock products","288","Ghana","5510","Production","01499.01","Karite nuts (sheanuts)","2024","2024","t","34927.82","I","Value imputed by a receiving agency",""
"QCL","Crops and livestock products","288","Ghana","5312","Area harvested","01379.02","Kola nuts","2024","2024","ha","88018","E","Estimated value",""
"QCL","Crops and livestock products","288","Ghana","5510","Production","01379.02","Kola nuts","2024","2024","t","25020.58","E","Estimated value",""
"QCL","Crops and livestock products","288","Ghana","5312","Area harvested","01322","Lemons and limes","2024","2024","ha","7191","I","Value imputed by a receiving agency",""
"QCL","Crops and livestock products","288","Ghana","5510","Production","01322","Lemons and limes","2024","2024","t","48911.2","I","Value imputed by a receiving agency",""
"QCL","Crops and livestock products","288","Ghana","5312","Area harvested","0112","Maize (corn)","2024","2024","ha","1368623","I","Value imputed by a receiving agency",""
"QCL","Crops and livestock products","288","Ghana","5510","Production","0112","Maize (corn)","2024","2024","t","3794000","X","Value from external organization","Unofficial figure"
"QCL","Crops and livestock products","288","Ghana","5312","Area harvested","01316","Mangoes, guavas and mangosteens","2024","2024","ha","7124","E","Estimated value",""
"QCL","Crops and livestock products","288","Ghana","5510","Production","01316","Mangoes, guavas and mangosteens","2024","2024","t","102869.38","I","Value imputed by a receiving agency",""
"QCL","Crops and livestock products","288","Ghana","5510","Production","21111.01","Meat of cattle with the bone, fresh or chilled","2024","2024","t","31832.95","I","Value imputed by a receiving agency",""
"QCL","Crops and livestock products","288","Ghana","5510","Production","21121","Meat of chickens, fresh or chilled","2024","2024","t","74517.97","I","Value imputed by a receiving agency",""
"QCL","Crops and livestock products","288","Ghana","5510","Production","21116","Meat of goat, fresh or chilled","2024","2024","t","37364.52","I","Value imputed by a receiving agency",""
"QCL","Crops and livestock products","288","Ghana","5510","Production","21113.01","Meat of pig with the bone, fresh or chilled","2024","2024","t","32881.99","I","Value imputed by a receiving agency",""
"QCL","Crops and livestock products","288","Ghana","5510","Production","21115","Meat of sheep, fresh or chilled","2024","2024","t","27722.2","I","Value imputed by a receiving agency",""
"QCL","Crops and livestock products","288","Ghana","5312","Area harvested","0118","Millet","2024","2024","ha","135281","I","Value imputed by a receiving agency",""
"QCL","Crops and livestock products","288","Ghana","5510","Production","0118","Millet","2024","2024","t","210000","X","Value from external organization","Unofficial figure"
"QCL","Crops and livestock products","288","Ghana","5312","Area harvested","01950.01","Natural rubber in primary forms","2024","2024","ha","151565","I","Value imputed by a receiving agency",""
"QCL","Crops and livestock products","288","Ghana","5510","Production","01950.01","Natural rubber in primary forms","2024","2024","t","136500","X","Value from external organization","Unofficial figure"
"QCL","Crops and livestock products","288","Ghana","5312","Area harvested","0117","Oats","2024","2024","ha","44","E","Estimated value",""
"QCL","Crops and livestock products","288","Ghana","5510","Production","0117","Oats","2024","2024","t","38.11","E","Estimated value",""
"QCL","Crops and livestock products","288","Ghana","5312","Area harvested","01491.01","Oil palm fruit","2024","2024","ha","435934","I","Value imputed by a receiving agency",""
"QCL","Crops and livestock products","288","Ghana","5510","Production","01491.01","Oil palm fruit","2024","2024","t","3210394.04","I","Value imputed by a receiving agency",""
"QCL","Crops and livestock products","288","Ghana","5312","Area harvested","01239.01","Okra","2024","2024","ha","3069","I","Value imputed by a receiving agency",""
"QCL","Crops and livestock products","288","Ghana","5510","Production","01239.01","Okra","2024","2024","t","67128.03","I","Value imputed by a receiving agency",""
"QCL","Crops and livestock products","288","Ghana","5312","Area harvested","01253.02","Onions and shallots, dry (excluding dehydrated)","2024","2024","ha","8011","E","Estimated value",""
"QCL","Crops and livestock products","288","Ghana","5510","Production","01253.02","Onions and shallots, dry (excluding dehydrated)","2024","2024","t","147755.84","E","Estimated value",""
"QCL","Crops and livestock products","288","Ghana","5312","Area harvested","01323","Oranges","2024","2024","ha","17777","E","Estimated value",""
"QCL","Crops and livestock products","288","Ghana","5510","Production","01323","Oranges","2024","2024","t","708072.48","E","Estimated value",""
"QCL","Crops and livestock products","288","Ghana","5312","Area harvested","01241.90","Other beans, green","2024","2024","ha","2585","I","Value imputed by a receiving agency",""
"QCL","Crops and livestock products","288","Ghana","5510","Production","01241.90","Other beans, green","2024","2024","t","25155.66","E","Estimated value",""
"QCL","Crops and livestock products","288","Ghana","5312","Area harvested","01359.90","Other fruits, n.e.c.","2024","2024","ha","14517","I","Value imputed by a receiving agency",""
"QCL","Crops and livestock products","288","Ghana","5510","Production","01359.90","Other fruits, n.e.c.","2024","2024","t","68678.97","I","Value imputed by a receiving agency",""
"QCL","Crops and livestock products","288","Ghana","5510","Production","21119.90","Other meat of mammals, fresh or chilled","2024","2024","t","42797.01","I","Value imputed by a receiving agency",""
"QCL","Crops and livestock products","288","Ghana","5312","Area harvested","01379.90","Other nuts (excluding wild edible nuts and groundnuts), in shell, n.e.c.","2024","2024","ha","9865","I","Value imputed by a receiving agency",""
"QCL","Crops and livestock products","288","Ghana","5510","Production","01379.90","Other nuts (excluding wild edible nuts and groundnuts), in shell, n.e.c.","2024","2024","t","1439.6","I","Value imputed by a receiving agency",""
"QCL","Crops and livestock products","288","Ghana","5312","Area harvested","01449.90","Other oil seeds, n.e.c.","2024","2024","ha","194","I","Value imputed by a receiving agency",""
"QCL","Crops and livestock products","288","Ghana","5510","Production","01449.90","Other oil seeds, n.e.c.","2024","2024","t","232.7","I","Value imputed by a receiving agency",""
"QCL","Crops and livestock products","288","Ghana","5312","Area harvested","01709.90","Other pulses n.e.c.","2024","2024","ha","282061","I","Value imputed by a receiving agency",""
"QCL","Crops and livestock products","288","Ghana","5510","Production","01709.90","Other pulses n.e.c.","2024","2024","t","26313.14","I","Value imputed by a receiving agency",""
"QCL","Crops and livestock products","288","Ghana","5312","Area harvested","01290.90","Other vegetables, fresh n.e.c.","2024","2024","ha","1115","E","Estimated value",""
"QCL","Crops and livestock products","288","Ghana","5510","Production","01290.90","Other vegetables, fresh n.e.c.","2024","2024","t","10969.96","I","Value imputed by a receiving agency",""
"QCL","Crops and livestock products","288","Ghana","5312","Area harvested","01317","Papayas","2024","2024","ha","1659","E","Estimated value",""
"QCL","Crops and livestock products","288","Ghana","5510","Production","01317","Papayas","2024","2024","t","5794.29","E","Estimated value",""
"QCL","Crops and livestock products","288","Ghana","5312","Area harvested","01651","Pepper (Piper spp.), raw","2024","2024","ha","5528","E","Estimated value",""
"QCL","Crops and livestock products","288","Ghana","5510","Production","01651","Pepper (Piper spp.), raw","2024","2024","t","3800.94","E","Estimated value",""
"QCL","Crops and livestock products","288","Ghana","5312","Area harvested","01318","Pineapples","2024","2024","ha","10748","I","Value imputed by a receiving agency",""
"QCL","Crops and livestock products","288","Ghana","5510","Production","01318","Pineapples","2024","2024","t","695234.82","E","Estimated value",""
"QCL","Crops and livestock products","288","Ghana","5312","Area harvested","01313","Plantains and cooking bananas","2024","2024","ha","397332","E","Estimated value",""
"QCL","Crops and livestock products","288","Ghana","5510","Production","01313","Plantains and cooking bananas","2024","2024","t","4423947.31","E","Estimated value",""
"QCL","Crops and livestock products","288","Ghana","5510","Production","02951.01","Raw hides and skins of cattle","2024","2024","t","4010.95","I","Value imputed by a receiving agency",""
"QCL","Crops and livestock products","288","Ghana","5510","Production","02954","Raw hides and skins of goats or kids","2024","2024","t","7154.91","I","Value imputed by a receiving agency",""
"QCL","Crops and livestock products","288","Ghana","5510","Production","02953","Raw hides and skins of sheep or lambs","2024","2024","t","4546.44","I","Value imputed by a receiving agency",""
"QCL","Crops and livestock products","288","Ghana","5510","Production","02211","Raw milk of cattle","2024","2024","t","51478.23","I","Value imputed by a receiving agency",""
"QCL","Crops and livestock products","288","Ghana","5312","Area harvested","0113","Rice","2024","2024","ha","472900","E","Estimated value",""
"QCL","Crops and livestock products","288","Ghana","5510","Production","0113","Rice","2024","2024","t","1721200","A","Official value",""
"QCL","Crops and livestock products","288","Ghana","5312","Area harvested","01921.01","Seed cotton, unginned","2024","2024","ha","15000","X","Value from external organization","Unofficial figure"
"QCL","Crops and livestock products","288","Ghana","5510","Production","01921.01","Seed cotton, unginned","2024","2024","t","27890.14","I","Value imputed by a receiving agency",""
"QCL","Crops and livestock products","288","Ghana","5510","Production","21514","Sheep fat, unrendered","2024","2024","t","776.22","I","Value imputed by a receiving agency",""
"QCL","Crops and livestock products","288","Ghana","5312","Area harvested","0114","Sorghum","2024","2024","ha","380192","I","Value imputed by a receiving agency",""
"QCL","Crops and livestock products","288","Ghana","5510","Production","0114","Sorghum","2024","2024","t","479000","X","Value from external organization","Unofficial figure"
"QCL","Crops and livestock products","288","Ghana","5312","Area harvested","0141","Soya beans","2024","2024","ha","145000","X","Value from external organization","Unofficial figure"
"QCL","Crops and livestock products","288","Ghana","5510","Production","0141","Soya beans","2024","2024","t","270000","X","Value from external organization","Unofficial figure"
"QCL","Crops and livestock products","288","Ghana","5312","Area harvested","01802","Sugar cane","2024","2024","ha","6450","I","Value imputed by a receiving agency",""
"QCL","Crops and livestock products","288","Ghana","5510","Production","01802","Sugar cane","2024","2024","t","156722.89","I","Value imputed by a receiving agency",""
"QCL","Crops and livestock products","288","Ghana","5312","Area harvested","01530","Sweet potatoes","2024","2024","ha","78611","E","Estimated value",""
"QCL","Crops and livestock products","288","Ghana","5510","Production","01530","Sweet potatoes","2024","2024","t","142676.37","E","Estimated value",""
"QCL","Crops and livestock products","288","Ghana","5312","Area harvested","01550","Taro","2024","2024","ha","245230","I","Value imputed by a receiving agency",""
"QCL","Crops and livestock products","288","Ghana","5510","Production","01550","Taro","2024","2024","t","1765532.88","I","Value imputed by a receiving agency",""
"QCL","Crops and livestock products","288","Ghana","5312","Area harvested","01234","Tomatoes","2024","2024","ha","48262","E","Estimated value",""
"QCL","Crops and livestock products","288","Ghana","5510","Production","01234","Tomatoes","2024","2024","t","379630.68","E","Estimated value",""
"QCL","Crops and livestock products","288","Ghana","5312","Area harvested","01970","Unmanufactured tobacco","2024","2024","ha","6183","E","Estimated value",""
"QCL","Crops and livestock products","288","Ghana","5510","Production","01970","Unmanufactured tobacco","2024","2024","t","2560.24","I","Value imputed by a receiving agency",""
"QCL","Crops and livestock products","288","Ghana","5312","Area harvested","01540","Yams","2024","2024","ha","536529","I","Value imputed by a receiving agency",""
"QCL","Crops and livestock products","288","Ghana","5510","Production","01540","Yams","2024","2024","t","10113013.74","I","Value imputed by a receiving agency",""
"QCL","Crops and livestock products","324","Guinea","5312","Area harvested","01312","Bananas","2024","2024","ha","40006","I","Value imputed by a receiving agency",""
"QCL","Crops and livestock products","324","Guinea","5510","Production","01312","Bananas","2024","2024","t","231171.27","E","Estimated value",""
"QCL","Crops and livestock products","324","Guinea","5510","Production","02960.01","Beeswax","2024","2024","t","","M","Missing value; data cannot exist",""
"QCL","Crops and livestock products","324","Guinea","5312","Area harvested","01229","Cantaloupes and other melons","2024","2024","ha","274","E","Estimated value",""
"QCL","Crops and livestock products","324","Guinea","5510","Production","01229","Cantaloupes and other melons","2024","2024","t","2763.67","E","Estimated value",""
"QCL","Crops and livestock products","324","Guinea","5312","Area harvested","01372","Cashew nuts, in shell","2024","2024","ha","34475","E","Estimated value",""
"QCL","Crops and livestock products","324","Guinea","5510","Production","01372","Cashew nuts, in shell","2024","2024","t","61471.48","I","Value imputed by a receiving agency",""
"QCL","Crops and livestock products","324","Guinea","5312","Area harvested","01520.01","Cassava, fresh","2024","2024","ha","336706","I","Value imputed by a receiving agency",""
"QCL","Crops and livestock products","324","Guinea","5510","Production","01520.01","Cassava, fresh","2024","2024","t","3080966.24","I","Value imputed by a receiving agency",""
"QCL","Crops and livestock products","324","Guinea","5510","Production","21512","Cattle fat, unrendered","2024","2024","t","2065.47","I","Value imputed by a receiving agency",""
"QCL","Crops and livestock products","324","Guinea","5312","Area harvested","01231","Chillies and peppers, green (Capsicum spp. and Pimenta spp.)","2024","2024","ha","94671","I","Value imputed by a receiving agency",""
"QCL","Crops and livestock products","324","Guinea","5510","Production","01231","Chillies and peppers, green (Capsicum spp. and Pimenta spp.)","2024","2024","t","379897.37","I","Value imputed by a receiving agency",""
"QCL","Crops and livestock products","324","Guinea","5312","Area harvested","01640","Cocoa beans","2024","2024","ha","50901","I","Value imputed by a receiving agency",""
"QCL","Crops and livestock products","324","Guinea","5510","Production","01640","Cocoa beans","2024","2024","t","24221.57","I","Value imputed by a receiving agency",""
"QCL","Crops and livestock products","324","Guinea","5312","Area harvested","01460","Coconuts, in shell","2024","2024","ha","18192","I","Value imputed by a receiving agency",""
"QCL","Crops and livestock products","324","Guinea","5510","Production","01460","Coconuts, in shell","2024","2024","t","69755.97","I","Value imputed by a receiving agency",""
"QCL","Crops and livestock products","324","Guinea","5312","Area harvested","01610","Coffee, green","2024","2024","ha","445086","I","Value imputed by a receiving agency",""
"QCL","Crops and livestock products","324","Guinea","5510","Production","01610","Coffee, green","2024","2024","t","174847.18","I","Value imputed by a receiving agency",""
"QCL","Crops and livestock products","324","Guinea","5510","Production","21151","Edible offal of cattle, fresh, chilled or frozen","2024","2024","t","13769.78","I","Value imputed by a receiving agency",""
"QCL","Crops and livestock products","324","Guinea","5510","Production","21156","Edible offal of goat, fresh, chilled or frozen","2024","2024","t","2605.47","I","Value imputed by a receiving agency",""
"QCL","Crops and livestock products","324","Guinea","5510","Production","21153","Edible offal of pigs, fresh, chilled or frozen","2024","2024","t","152.41","I","Value imputed by a receiving agency",""
"QCL","Crops and livestock products","324","Guinea","5510","Production","21155","Edible offal of sheep, fresh, chilled or frozen","2024","2024","t","3003.29","I","Value imputed by a receiving agency",""
"QCL","Crops and livestock products","324","Guinea","5312","Area harvested","01233","Eggplants (aubergines)","2024","2024","ha","59398","I","Value imputed by a receiving agency",""
"QCL","Crops and livestock products","324","Guinea","5510","Production","01233","Eggplants (aubergines)","2024","2024","t","950206.6","I","Value imputed by a receiving agency",""
"QCL","Crops and livestock products","324","Guinea","5510","Production","21511.01","Fat of pigs","2024","2024","t","218.67","I","Value imputed by a receiving agency",""
"QCL","Crops and livestock products","324","Guinea","5312","Area harvested","01193","Fonio","2024","2024","ha","656453","I","Value imputed by a receiving agency",""
"QCL","Crops and livestock products","324","Guinea","5510","Production","01193","Fonio","2024","2024","t","483006.07","I","Value imputed by a receiving agency",""
"QCL","Crops and livestock products","324","Guinea","5510","Production","21170.02","Game meat, fresh, chilled or frozen","2024","2024","t","6537.47","I","Value imputed by a receiving agency",""
"QCL","Crops and livestock products","324","Guinea","5510","Production","21515","Goat fat, unrendered","2024","2024","t","355.29","I","Value imputed by a receiving agency",""
"QCL","Crops and livestock products","324","Guinea","5312","Area harvested","01290.01","Green corn (maize)","2024","2024","ha","141002","E","Estimated value",""
"QCL","Crops and livestock products","324","Guinea","5510","Production","01290.01","Green corn (maize)","2024","2024","t","302461.53","I","Value imputed by a receiving agency",""
"QCL","Crops and livestock products","324","Guinea","5312","Area harvested","0142","Groundnuts, excluding shelled","2024","2024","ha","880000","X","Value from external organization","Unofficial figure"
"QCL","Crops and livestock products","324","Guinea","5510","Production","0142","Groundnuts, excluding shelled","2024","2024","t","1000000","X","Value from external organization","Unofficial figure"
"QCL","Crops and livestock products","324","Guinea","5510","Production","0231","Hen eggs in shell, fresh","2024","2024","t","31970.43","I","Value imputed by a receiving agency",""
"QCL","Crops and livestock products","324","Guinea","5513","Production","0231","Hen eggs in shell, fresh","2024","2024","1000 No","913441","I","Value imputed by a receiving agency",""
"QCL","Crops and livestock products","324","Guinea","5312","Area harvested","01214","Lettuce and chicory","2024","2024","ha","8003","I","Value imputed by a receiving agency",""
"QCL","Crops and livestock products","324","Guinea","5510","Production","01214","Lettuce and chicory","2024","2024","t","88028.02","I","Value imputed by a receiving agency",""
"QCL","Crops and livestock products","324","Guinea","5312","Area harvested","0112","Maize (corn)","2024","2024","ha","650000","X","Value from external organization","Unofficial figure"
"QCL","Crops and livestock products","324","Guinea","5510","Production","0112","Maize (corn)","2024","2024","t","937000","X","Value from external organization","Unofficial figure"
"QCL","Crops and livestock products","324","Guinea","5312","Area harvested","01316","Mangoes, guavas and mangosteens","2024","2024","ha","104504","I","Value imputed by a receiving agency",""
"QCL","Crops and livestock products","324","Guinea","5510","Production","01316","Mangoes, guavas and mangosteens","2024","2024","t","210230.85","I","Value imputed by a receiving agency",""
"QCL","Crops and livestock products","324","Guinea","5510","Production","21111.01","Meat of cattle with the bone, fresh or chilled","2024","2024","t","74012.56","E","Estimated value",""
"QCL","Crops and livestock products","324","Guinea","5510","Production","21121","Meat of chickens, fresh or chilled","2024","2024","t","14137.58","I","Value imputed by a receiving agency",""
"QCL","Crops and livestock products","324","Guinea","5510","Production","21116","Meat of goat, fresh or chilled","2024","2024","t","18948.88","I","Value imputed by a receiving agency",""
"QCL","Crops and livestock products","324","Guinea","5510","Production","21113.01","Meat of pig with the bone, fresh or chilled","2024","2024","t","3909.55","I","Value imputed by a receiving agency",""
"QCL","Crops and livestock products","324","Guinea","5510","Production","21115","Meat of sheep, fresh or chilled","2024","2024","t","15016.45","I","Value imputed by a receiving agency",""
"QCL","Crops and livestock products","324","Guinea","5312","Area harvested","0118","Millet","2024","2024","ha","200000","X","Value from external organization","Unofficial figure"
"QCL","Crops and livestock products","324","Guinea","5510","Production","0118","Millet","2024","2024","t","220000","X","Value from external organization","Unofficial figure"
"QCL","Crops and livestock products","324","Guinea","5510","Production","02910","Natural honey","2024","2024","t","1065.04","E","Estimated value",""
"QCL","Crops and livestock products","324","Guinea","5312","Area harvested","01950.01","Natural rubber in primary forms","2024","2024","ha","11937","E","Estimated value",""
"QCL","Crops and livestock products","324","Guinea","5510","Production","01950.01","Natural rubber in primary forms","2024","2024","t","15245.78","I","Value imputed by a receiving agency",""
"QCL","Crops and livestock products","324","Guinea","5312","Area harvested","01491.01","Oil palm fruit","2024","2024","ha","333229","I","Value imputed by a receiving agency",""
"QCL","Crops and livestock products","324","Guinea","5510","Production","01491.01","Oil palm fruit","2024","2024","t","891908.74","I","Value imputed by a receiving agency",""
"QCL","Crops and livestock products","324","Guinea","5312","Area harvested","01239.01","Okra","2024","2024","ha","47514","I","Value imputed by a receiving agency",""
"QCL","Crops and livestock products","324","Guinea","5510","Production","01239.01","Okra","2024","2024","t","569749","I","Value imputed by a receiving agency",""
"QCL","Crops and livestock products","324","Guinea","5312","Area harvested","01253.02","Onions and shallots, dry (excluding dehydrated)","2024","2024","ha","38937","I","Value imputed by a receiving agency",""
"QCL","Crops and livestock products","324","Guinea","5510","Production","01253.02","Onions and shallots, dry (excluding dehydrated)","2024","2024","t","779442.73","I","Value imputed by a receiving agency",""
"QCL","Crops and livestock products","324","Guinea","5312","Area harvested","01323","Oranges","2024","2024","ha","11522","I","Value imputed by a receiving agency",""
"QCL","Crops and livestock products","324","Guinea","5510","Production","01323","Oranges","2024","2024","t","161278.34","I","Value imputed by a receiving agency",""
"QCL","Crops and livestock products","324","Guinea","5312","Area harvested","01329","Other citrus fruit, n.e.c.","2024","2024","ha","34164","I","Value imputed by a receiving agency",""
"QCL","Crops and livestock products","324","Guinea","5510","Production","01329","Other citrus fruit, n.e.c.","2024","2024","t","87598.58","I","Value imputed by a receiving agency",""
"QCL","Crops and livestock products","324","Guinea","5312","Area harvested","01379.90","Other nuts (excluding wild edible nuts and groundnuts), in shell, n.e.c.","2024","2024","ha","52","E","Estimated value",""
"QCL","Crops and livestock products","324","Guinea","5510","Production","01379.90","Other nuts (excluding wild edible nuts and groundnuts), in shell, n.e.c.","2024","2024","t","143.77","I","Value imputed by a receiving agency",""
"QCL","Crops and livestock products","324","Guinea","5312","Area harvested","01709.90","Other pulses n.e.c.","2024","2024","ha","62870","I","Value imputed by a receiving agency",""
"QCL","Crops and livestock products","324","Guinea","5510","Production","01709.90","Other pulses n.e.c.","2024","2024","t","58232.87","I","Value imputed by a receiving agency",""
"QCL","Crops and livestock products","324","Guinea","5312","Area harvested","01319","Other tropical fruits, n.e.c.","2024","2024","ha","8749","I","Value imputed by a receiving agency",""
"QCL","Crops and livestock products","324","Guinea","5510","Production","01319","Other tropical fruits, n.e.c.","2024","2024","t","54208.65","I","Value imputed by a receiving agency",""
"QCL","Crops and livestock products","324","Guinea","5312","Area harvested","01290.90","Other vegetables, fresh n.e.c.","2024","2024","ha","","M","Missing value; data cannot exist",""
"QCL","Crops and livestock products","324","Guinea","5510","Production","01290.90","Other vegetables, fresh n.e.c.","2024","2024","t","","M","Missing value; data cannot exist",""
"QCL","Crops and livestock products","324","Guinea","5312","Area harvested","01318","Pineapples","2024","2024","ha","12241","I","Value imputed by a receiving agency",""
"QCL","Crops and livestock products","324","Guinea","5510","Production","01318","Pineapples","2024","2024","t","51662.48","I","Value imputed by a receiving agency",""
"QCL","Crops and livestock products","324","Guinea","5312","Area harvested","01313","Plantains and cooking bananas","2024","2024","ha","114996","I","Value imputed by a receiving agency",""
"QCL","Crops and livestock products","324","Guinea","5510","Production","01313","Plantains and cooking bananas","2024","2024","t","602455.18","I","Value imputed by a receiving agency",""
"QCL","Crops and livestock products","324","Guinea","5312","Area harvested","01510","Potatoes","2024","2024","ha","42861","I","Value imputed by a receiving agency",""
"QCL","Crops and livestock products","324","Guinea","5510","Production","01510","Potatoes","2024","2024","t","607048.66","I","Value imputed by a receiving agency",""
"QCL","Crops and livestock products","324","Guinea","5510","Production","02951.01","Raw hides and skins of cattle","2024","2024","t","12392.8","I","Value imputed by a receiving agency",""
"QCL","Crops and livestock products","324","Guinea","5510","Production","02954","Raw hides and skins of goats or kids","2024","2024","t","2131.75","I","Value imputed by a receiving agency",""
"QCL","Crops and livestock products","324","Guinea","5510","Production","02953","Raw hides and skins of sheep or lambs","2024","2024","t","2502.74","I","Value imputed by a receiving agency",""
"QCL","Crops and livestock products","324","Guinea","5510","Production","02211","Raw milk of cattle","2024","2024","t","230000","E","Estimated value",""
"QCL","Crops and livestock products","324","Guinea","5510","Production","02292","Raw milk of goats","2024","2024","t","43404.43","I","Value imputed by a receiving agency",""
"QCL","Crops and livestock products","324","Guinea","5510","Production","02291","Raw milk of sheep","2024","2024","t","17159.95","I","Value imputed by a receiving agency",""
"QCL","Crops and livestock products","324","Guinea","5312","Area harvested","0113","Rice","2024","2024","ha","2434490","I","Value imputed by a receiving agency",""
"QCL","Crops and livestock products","324","Guinea","5510","Production","0113","Rice","2024","2024","t","3680000","X","Value from external organization","Unofficial figure"
"QCL","Crops and livestock products","324","Guinea","5312","Area harvested","01921.01","Seed cotton, unginned","2024","2024","ha","46097","E","Estimated value",""
"QCL","Crops and livestock products","324","Guinea","5510","Production","01921.01","Seed cotton, unginned","2024","2024","t","44807.54","I","Value imputed by a receiving agency",""
"QCL","Crops and livestock products","324","Guinea","5312","Area harvested","01444","Sesame seed","2024","2024","ha","14228","I","Value imputed by a receiving agency",""
"QCL","Crops and livestock products","324","Guinea","5510","Production","01444","Sesame seed","2024","2024","t","3385.81","I","Value imputed by a receiving agency",""
"QCL","Crops and livestock products","324","Guinea","5510","Production","21514","Sheep fat, unrendered","2024","2024","t","500.55","I","Value imputed by a receiving agency",""
"QCL","Crops and livestock products","324","Guinea","5312","Area harvested","01929.05","Sisal, raw","2024","2024","ha","2057","I","Value imputed by a receiving agency",""
"QCL","Crops and livestock products","324","Guinea","5510","Production","01929.05","Sisal, raw","2024","2024","t","194.87","I","Value imputed by a receiving agency",""
"QCL","Crops and livestock products","324","Guinea","5312","Area harvested","0114","Sorghum","2024","2024","ha","45000","X","Value from external organization","Unofficial figure"
"QCL","Crops and livestock products","324","Guinea","5510","Production","0114","Sorghum","2024","2024","t","65000","X","Value from external organization","Unofficial figure"
"QCL","Crops and livestock products","324","Guinea","5312","Area harvested","01802","Sugar cane","2024","2024","ha","5980","E","Estimated value",""
"QCL","Crops and livestock products","324","Guinea","5510","Production","01802","Sugar cane","2024","2024","t","321921.05","E","Estimated value",""
"QCL","Crops and livestock products","324","Guinea","5312","Area harvested","01530","Sweet potatoes","2024","2024","ha","83476","I","Value imputed by a receiving agency",""
"QCL","Crops and livestock products","324","Guinea","5510","Production","01530","Sweet potatoes","2024","2024","t","363807.14","I","Value imputed by a receiving agency",""
"QCL","Crops and livestock products","324","Guinea","5312","Area harvested","01550","Taro","2024","2024","ha","29571","I","Value imputed by a receiving agency",""
"QCL","Crops and livestock products","324","Guinea","5510","Production","01550","Taro","2024","2024","t","128137.7","I","Value imputed by a receiving agency",""
"QCL","Crops and livestock products","324","Guinea","5312","Area harvested","01234","Tomatoes","2024","2024","ha","56163","I","Value imputed by a receiving agency",""
"QCL","Crops and livestock products","324","Guinea","5510","Production","01234","Tomatoes","2024","2024","t","960331.14","I","Value imputed by a receiving agency",""
"QCL","Crops and livestock products","324","Guinea","5312","Area harvested","01970","Unmanufactured tobacco","2024","2024","ha","1826","E","Estimated value",""
"QCL","Crops and livestock products","324","Guinea","5510","Production","01970","Unmanufactured tobacco","2024","2024","t","2399.14","I","Value imputed by a receiving agency",""
"QCL","Crops and livestock products","324","Guinea","5312","Area harvested","01221","Watermelons","2024","2024","ha","6023","I","Value imputed by a receiving agency",""
"QCL","Crops and livestock products","324","Guinea","5510","Production","01221","Watermelons","2024","2024","t","99193.88","I","Value imputed by a receiving agency",""
"QCL","Crops and livestock products","324","Guinea","5312","Area harvested","01540","Yams","2024","2024","ha","39033","I","Value imputed by a receiving agency",""
"QCL","Crops and livestock products","324","Guinea","5510","Production","01540","Yams","2024","2024","t","326091.89","I","Value imputed by a receiving agency",""
"QCL","Crops and livestock products","404","Kenya","5312","Area harvested","01929.07","Abaca, manila hemp, raw","2024","2024","ha","45","I","Value imputed by a receiving agency",""
"QCL","Crops and livestock products","404","Kenya","5510","Production","01929.07","Abaca, manila hemp, raw","2024","2024","t","52.03","I","Value imputed by a receiving agency",""
"QCL","Crops and livestock products","404","Kenya","5312","Area harvested","01654","Anise, badian, coriander, cumin, caraway, fennel and juniper berries, raw","2024","2024","ha","1125","A","Official value",""
"QCL","Crops and livestock products","404","Kenya","5510","Production","01654","Anise, badian, coriander, cumin, caraway, fennel and juniper berries, raw","2024","2024","t","11915","A","Official value",""
"QCL","Crops and livestock products","404","Kenya","5312","Area harvested","01341","Apples","2024","2024","ha","90","A","Official value",""
"QCL","Crops and livestock products","404","Kenya","5510","Production","01341","Apples","2024","2024","t","744","A","Official value",""
"QCL","Crops and livestock products","404","Kenya","5312","Area harvested","01343","Apricots","2024","2024","ha","19","E","Estimated value",""
"QCL","Crops and livestock products","404","Kenya","5510","Production","01343","Apricots","2024","2024","t","83.45","E","Estimated value",""
"QCL","Crops and livestock products","404","Kenya","5312","Area harvested","01216","Artichokes","2024","2024","ha","5","E","Estimated value",""
"QCL","Crops and livestock products","404","Kenya","5510","Production","01216","Artichokes","2024","2024","t","26.84","E","Estimated value",""
"QCL","Crops and livestock products","404","Kenya","5312","Area harvested","01211","Asparagus","2024","2024","ha","41","I","Value imputed by a receiving agency",""
"QCL","Crops and livestock products","404","Kenya","5510","Production","01211","Asparagus","2024","2024","t","213.47","I","Value imputed by a receiving agency",""
"QCL","Crops and livestock products","404","Kenya","5312","Area harvested","01311","Avocados","2024","2024","ha","32000","X","Value from external organization","Unofficial figure"
"QCL","Crops and livestock products","404","Kenya","5510","Production","01311","Avocados","2024","2024","t","585000","X","Value from external organization","Unofficial figure"
"QCL","Crops and livestock products","404","Kenya","5312","Area harvested","01312","Bananas","2024","2024","ha","75895","A","Official value",""
"QCL","Crops and livestock products","404","Kenya","5510","Production","01312","Bananas","2024","2024","t","2061285","A","Official value",""
"QCL","Crops and livestock products","404","Kenya","5312","Area harvested","0115","Barley","2024","2024","ha","13929","A","Official value",""
"QCL","Crops and livestock products","404","Kenya","5510","Production","0115","Barley","2024","2024","t","48237.22","A","Official value",""
"QCL","Crops and livestock products","404","Kenya","5312","Area harvested","01701","Beans, dry","2024","2024","ha","1229882","A","Official value",""
"QCL","Crops and livestock products","404","Kenya","5510","Production","01701","Beans, dry","2024","2024","t","903850.98","A","Official value",""
"QCL","Crops and livestock products","404","Kenya","5510","Production","02960.01","Beeswax","2024","2024","t","4041","A","Official value",""
"QCL","Crops and livestock products","404","Kenya","5312","Area harvested","01243","Broad beans and horse beans, green","2024","2024","ha","615","A","Official value",""
"QCL","Crops and livestock products","404","Kenya","5510","Production","01243","Broad beans and horse beans, green","2024","2024","t","16756","A","Official value",""
"QCL","Crops and livestock products","404","Kenya","5312","Area harvested","01212","Cabbages","2024","2024","ha","30144","A","Official value",""
"QCL","Crops and livestock products","404","Kenya","5510","Production","01212","Cabbages","2024","2024","t","904452","A","Official value",""
"QCL","Crops and livestock products","404","Kenya","5312","Area harvested","01251","Carrots and turnips","2024","2024","ha","5223","A","Official value",""
"QCL","Crops and livestock products","404","Kenya","5510","Production","01251","Carrots and turnips","2024","2024","t","81871","A","Official value",""
"QCL","Crops and livestock products","404","Kenya","5312","Area harvested","01372","Cashew nuts, in shell","2024","2024","ha","24246","A","Official value",""
"QCL","Crops and livestock products","404","Kenya","5510","Production","01372","Cashew nuts, in shell","2024","2024","t","7803","A","Official value",""
"QCL","Crops and livestock products","404","Kenya","5312","Area harvested","01520.01","Cassava, fresh","2024","2024","ha","81944","A","Official value",""
"QCL","Crops and livestock products","404","Kenya","5510","Production","01520.01","Cassava, fresh","2024","2024","t","1207537.34","A","Official value",""
"QCL","Crops and livestock products","404","Kenya","5312","Area harvested","01447","Castor oil seeds","2024","2024","ha","20000","X","Value from external organization","Unofficial figure"
"QCL","Crops and livestock products","404","Kenya","5510","Production","01447","Castor oil seeds","2024","2024","t","15000","X","Value from external organization","Unofficial figure"
"QCL","Crops and livestock products","404","Kenya","5510","Production","21512","Cattle fat, unrendered","2024","2024","t","8842.82","I","Value imputed by a receiving agency",""
"QCL","Crops and livestock products","404","Kenya","5312","Area harvested","01213","Cauliflowers and broccoli","2024","2024","ha","129","A","Official value",""
"QCL","Crops and livestock products","404","Kenya","5510","Production","01213","Cauliflowers and broccoli","2024","2024","t","839","A","Official value",""
"QCL","Crops and livestock products","404","Kenya","5312","Area harvested","01703","Chick peas, dry","2024","2024","ha","4078","E","Estimated value",""
"QCL","Crops and livestock products","404","Kenya","5510","Production","01703","Chick peas, dry","2024","2024","t","1421.93","E","Estimated value",""
"QCL","Crops and livestock products","404","Kenya","5312","Area harvested","01652","Chillies and peppers, dry (Capsicum spp., Pimenta spp.), raw","2024","2024","ha","2491","E","Estimated value",""
"QCL","Crops and livestock products","404","Kenya","5510","Production","01652","Chillies and peppers, dry (Capsicum spp., Pimenta spp.), raw","2024","2024","t","3035.31","E","Estimated value",""
"QCL","Crops and livestock products","404","Kenya","5312","Area harvested","01231","Chillies and peppers, green (Capsicum spp. and Pimenta spp.)","2024","2024","ha","1868","A","Official value",""
"QCL","Crops and livestock products","404","Kenya","5510","Production","01231","Chillies and peppers, green (Capsicum spp. and Pimenta spp.)","2024","2024","t","16472","A","Official value",""
"QCL","Crops and livestock products","404","Kenya","5312","Area harvested","01656","Cloves (whole stems), raw","2024","2024","ha","2296","I","Value imputed by a receiving agency",""
"QCL","Crops and livestock products","404","Kenya","5510","Production","01656","Cloves (whole stems), raw","2024","2024","t","2135.52","E","Estimated value",""
"QCL","Crops and livestock products","404","Kenya","5312","Area harvested","01460","Coconuts, in shell","2024","2024","ha","75012","A","Official value",""
"QCL","Crops and livestock products","404","Kenya","5510","Production","01460","Coconuts, in shell","2024","2024","t","87155","A","Official value",""
"QCL","Crops and livestock products","404","Kenya","5312","Area harvested","01610","Coffee, green","2024","2024","ha","113600","A","Official value",""
"QCL","Crops and livestock products","404","Kenya","5510","Production","01610","Coffee, green","2024","2024","t","49500","A","Official value",""
"QCL","Crops and livestock products","404","Kenya","5312","Area harvested","01706","Cow peas, dry","2024","2024","ha","234351","A","Official value",""
"QCL","Crops and livestock products","404","Kenya","5510","Production","01706","Cow peas, dry","2024","2024","t","78122.19","A","Official value",""
"QCL","Crops and livestock products","404","Kenya","5312","Area harvested","01232","Cucumbers and gherkins","2024","2024","ha","508","A","Official value",""
"QCL","Crops and livestock products","404","Kenya","5510","Production","01232","Cucumbers and gherkins","2024","2024","t","5282","A","Official value",""
"QCL","Crops and livestock products","404","Kenya","5312","Area harvested","01314","Dates","2024","2024","ha","486","E","Estimated value",""
"QCL","Crops and livestock products","404","Kenya","5510","Production","01314","Dates","2024","2024","t","1096.54","I","Value imputed by a receiving agency",""
"QCL","Crops and livestock products","404","Kenya","5510","Production","21151","Edible offal of cattle, fresh, chilled or frozen","2024","2024","t","49935.94","I","Value imputed by a receiving agency",""
"QCL","Crops and livestock products","404","Kenya","5510","Production","21156","Edible offal of goat, fresh, chilled or frozen","2024","2024","t","20731.06","I","Value imputed by a receiving agency",""
"QCL","Crops and livestock products","404","Kenya","5510","Production","21153","Edible offal of pigs, fresh, chilled or frozen","2024","2024","t","2384.7","I","Value imputed by a receiving agency",""
"QCL","Crops and livestock products","404","Kenya","5510","Production","21155","Edible offal of sheep, fresh, chilled or frozen","2024","2024","t","11776.67","I","Value imputed by a receiving agency",""
"QCL","Crops and livestock products","404","Kenya","5510","Production","21159.02","Edible offals of camels and other camelids, fresh, chilled or frozen","2024","2024","t","5905.7","I","Value imputed by a receiving agency",""
"QCL","Crops and livestock products","404","Kenya","5312","Area harvested","01599.10","Edible roots and tubers with high starch or inulin content, n.e.c., fresh","2024","2024","ha","2378","I","Value imputed by a receiving agency",""
"QCL","Crops and livestock products","404","Kenya","5510","Production","01599.10","Edible roots and tubers with high starch or inulin content, n.e.c., fresh","2024","2024","t","18264.29","I","Value imputed by a receiving agency",""
"QCL","Crops and livestock products","404","Kenya","5510","Production","21519.02","Fat of camels","2024","2024","t","1398.72","I","Value imputed by a receiving agency",""
"QCL","Crops and livestock products","404","Kenya","5510","Production","21511.01","Fat of pigs","2024","2024","t","2129.2","I","Value imputed by a receiving agency",""
"QCL","Crops and livestock products","404","Kenya","5510","Production","21170.02","Game meat, fresh, chilled or frozen","2024","2024","t","33245.74","E","Estimated value",""
"QCL","Crops and livestock products","404","Kenya","5312","Area harvested","01657","Ginger, raw","2024","2024","ha","52","A","Official value",""
"QCL","Crops and livestock products","404","Kenya","5510","Production","01657","Ginger, raw","2024","2024","t","531","A","Official value",""
"QCL","Crops and livestock products","404","Kenya","5510","Production","21515","Goat fat, unrendered","2024","2024","t","2695.04","I","Value imputed by a receiving agency",""
"QCL","Crops and livestock products","404","Kenya","5312","Area harvested","01252","Green garlic","2024","2024","ha","263","A","Official value",""
"QCL","Crops and livestock products","404","Kenya","5510","Production","01252","Green garlic","2024","2024","t","3004","A","Official value",""
"QCL","Crops and livestock products","404","Kenya","5312","Area harvested","0142","Groundnuts, excluding shelled","2024","2024","ha","14630","A","Official value",""
"QCL","Crops and livestock products","404","Kenya","5510","Production","0142","Groundnuts, excluding shelled","2024","2024","t","13695","A","Official value",""
"QCL","Crops and livestock products","404","Kenya","5510","Production","0231","Hen eggs in shell, fresh","2024","2024","t","84534.41","E","Estimated value",""
"QCL","Crops and livestock products","404","Kenya","5513","Production","0231","Hen eggs in shell, fresh","2024","2024","1000 No","1878542","E","Estimated value",""
"QCL","Crops and livestock products","404","Kenya","5312","Area harvested","01254","Leeks and other alliaceous vegetables","2024","2024","ha","68","I","Value imputed by a receiving agency",""
"QCL","Crops and livestock products","404","Kenya","5510","Production","01254","Leeks and other alliaceous vegetables","2024","2024","t","315.44","E","Estimated value",""
"QCL","Crops and livestock products","404","Kenya","5312","Area harvested","01322","Lemons and limes","2024","2024","ha","12235","A","Official value",""
"QCL","Crops and livestock products","404","Kenya","5510","Production","01322","Lemons and limes","2024","2024","t","135248","A","Official value",""
"QCL","Crops and livestock products","404","Kenya","5312","Area harvested","01704","Lentils, dry","2024","2024","ha","2227","E","Estimated value",""
"QCL","Crops and livestock products","404","Kenya","5510","Production","01704","Lentils, dry","2024","2024","t","1771.45","E","Estimated value",""
"QCL","Crops and livestock products","404","Kenya","5312","Area harvested","01214","Lettuce and chicory","2024","2024","ha","43","A","Official value",""
"QCL","Crops and livestock products","404","Kenya","5510","Production","01214","Lettuce and chicory","2024","2024","t","195","A","Official value",""
"QCL","Crops and livestock products","404","Kenya","5312","Area harvested","01441","Linseed","2024","2024","ha","959","I","Value imputed by a receiving agency",""
"QCL","Crops and livestock products","404","Kenya","5510","Production","01441","Linseed","2024","2024","t","968.03","I","Value imputed by a receiving agency",""
"QCL","Crops and livestock products","404","Kenya","5312","Area harvested","0112","Maize (corn)","2024","2024","ha","2414536","A","Official value",""
"QCL","Crops and livestock products","404","Kenya","5510","Production","0112","Maize (corn)","2024","2024","t","4023000","A","Official value",""
"QCL","Crops and livestock products","404","Kenya","5312","Area harvested","01316","Mangoes, guavas and mangosteens","2024","2024","ha","76490","A","Official value",""
"QCL","Crops and livestock products","404","Kenya","5510","Production","01316","Mangoes, guavas and mangosteens","2024","2024","t","782953","A","Official value",""
"QCL","Crops and livestock products","404","Kenya","5510","Production","21117.01","Meat of camels, fresh or chilled","2024","2024","t","71490.05","I","Value imputed by a receiving agency",""
"QCL","Crops and livestock products","404","Kenya","5510","Production","21111.01","Meat of cattle with the bone, fresh or chilled","2024","2024","t","260083","A","Official value",""
"QCL","Crops and livestock products","404","Kenya","5510","Production","21121","Meat of chickens, fresh or chilled","2024","2024","t","102529","A","Official value",""
"QCL","Crops and livestock products","404","Kenya","5510","Production","21116","Meat of goat, fresh or chilled","2024","2024","t","97436","A","Official value",""
"QCL","Crops and livestock products","404","Kenya","5510","Production","21113.01","Meat of pig with the bone, fresh or chilled","2024","2024","t","34493","A","Official value",""
"QCL","Crops and livestock products","404","Kenya","5510","Production","21114","Meat of rabbits and hares, fresh or chilled","2024","2024","t","655.2","I","Value imputed by a receiving agency",""
"QCL","Crops and livestock products","404","Kenya","5510","Production","21115","Meat of sheep, fresh or chilled","2024","2024","t","56528","A","Official value",""
"QCL","Crops and livestock products","404","Kenya","5312","Area harvested","0118","Millet","2024","2024","ha","112093","A","Official value",""
"QCL","Crops and livestock products","404","Kenya","5510","Production","0118","Millet","2024","2024","t","65762.58","A","Official value",""
"QCL","Crops and livestock products","404","Kenya","5510","Production","02910","Natural honey","2024","2024","t","19462","A","Official value",""
"QCL","Crops and livestock products","404","Kenya","5312","Area harvested","01653","Nutmeg, mace, cardamoms, raw","2024","2024","ha","89","I","Value imputed by a receiving agency",""
"QCL","Crops and livestock products","404","Kenya","5510","Production","01653","Nutmeg, mace, cardamoms, raw","2024","2024","t","60.82","E","Estimated value",""
"QCL","Crops and livestock products","404","Kenya","5312","Area harvested","0117","Oats","2024","2024","ha","3647","I","Value imputed by a receiving agency",""
"QCL","Crops and livestock products","404","Kenya","5510","Production","0117","Oats","2024","2024","t","3668.11","I","Value imputed by a receiving agency",""
"QCL","Crops and livestock products","404","Kenya","5312","Area harvested","01239.01","Okra","2024","2024","ha","1447","A","Official value",""
"QCL","Crops and livestock products","404","Kenya","5510","Production","01239.01","Okra","2024","2024","t","22106","A","Official value",""
"QCL","Crops and livestock products","404","Kenya","5312","Area harvested","01253.02","Onions and shallots, dry (excluding dehydrated)","2024","2024","ha","11881","A","Official value",""
"QCL","Crops and livestock products","404","Kenya","5510","Production","01253.02","Onions and shallots, dry (excluding dehydrated)","2024","2024","t","186851","A","Official value",""
"QCL","Crops and livestock products","404","Kenya","5312","Area harvested","01323","Oranges","2024","2024","ha","14003","A","Official value",""
"QCL","Crops and livestock products","404","Kenya","5510","Production","01323","Oranges","2024","2024","t","131282","A","Official value",""
"QCL","Crops and livestock products","404","Kenya","5312","Area harvested","01241.90","Other beans, green","2024","2024","ha","4196","E","Estimated value",""
"QCL","Crops and livestock products","404","Kenya","5510","Production","01241.90","Other beans, green","2024","2024","t","45424.99","E","Estimated value",""
"QCL","Crops and livestock products","404","Kenya","5312","Area harvested","01355.90","Other berries and fruits of the genus vaccinium n.e.c.","2024","2024","ha","226","E","Estimated value",""
"QCL","Crops and livestock products","404","Kenya","5510","Production","01355.90","Other berries and fruits of the genus vaccinium n.e.c.","2024","2024","t","623.21","I","Value imputed by a receiving agency",""
"QCL","Crops and livestock products","404","Kenya","5312","Area harvested","01329","Other citrus fruit, n.e.c.","2024","2024","ha","12624","E","Estimated value",""
"QCL","Crops and livestock products","404","Kenya","5510","Production","01329","Other citrus fruit, n.e.c.","2024","2024","t","88643.25","E","Estimated value",""
"QCL","Crops and livestock products","404","Kenya","5312","Area harvested","01359.90","Other fruits, n.e.c.","2024","2024","ha","10423","E","Estimated value",""
"QCL","Crops and livestock products","404","Kenya","5510","Production","01359.90","Other fruits, n.e.c.","2024","2024","t","126456.29","E","Estimated value",""
"QCL","Crops and livestock products","404","Kenya","5312","Area harvested","01379.90","Other nuts (excluding wild edible nuts and groundnuts), in shell, n.e.c.","2024","2024","ha","4309","E","Estimated value",""
"QCL","Crops and livestock products","404","Kenya","5510","Production","01379.90","Other nuts (excluding wild edible nuts and groundnuts), in shell, n.e.c.","2024","2024","t","24372.92","E","Estimated value",""
"QCL","Crops and livestock products","404","Kenya","5312","Area harvested","01449.90","Other oil seeds, n.e.c.","2024","2024","ha","97482","I","Value imputed by a receiving agency",""
"QCL","Crops and livestock products","404","Kenya","5510","Production","01449.90","Other oil seeds, n.e.c.","2024","2024","t","39818.41","I","Value imputed by a receiving agency",""
"QCL","Crops and livestock products","404","Kenya","5312","Area harvested","01709.90","Other pulses n.e.c.","2024","2024","ha","201246","E","Estimated value",""
"QCL","Crops and livestock products","404","Kenya","5510","Production","01709.90","Other pulses n.e.c.","2024","2024","t","118003.96","E","Estimated value",""
"QCL","Crops and livestock products","404","Kenya","5312","Area harvested","01699","Other stimulant, spice and aromatic crops, n.e.c.","2024","2024","ha","881","E","Estimated value",""
"QCL","Crops and livestock products","404","Kenya","5510","Production","01699","Other stimulant, spice and aromatic crops, n.e.c.","2024","2024","t","1221.04","E","Estimated value",""
"QCL","Crops and livestock products","404","Kenya","5312","Area harvested","01319","Other tropical fruits, n.e.c.","2024","2024","ha","4152","E","Estimated value",""
"QCL","Crops and livestock products","404","Kenya","5510","Production","01319","Other tropical fruits, n.e.c.","2024","2024","t","41564.52","E","Estimated value",""
"QCL","Crops and livestock products","404","Kenya","5312","Area harvested","01290.90","Other vegetables, fresh n.e.c.","2024","2024","ha","83340","E","Estimated value",""
"QCL","Crops and livestock products","404","Kenya","5510","Production","01290.90","Other vegetables, fresh n.e.c.","2024","2024","t","676660.44","E","Estimated value",""
"QCL","Crops and livestock products","404","Kenya","5312","Area harvested","01317","Papayas","2024","2024","ha","7722","A","Official value",""
"QCL","Crops and livestock products","404","Kenya","5510","Production","01317","Papayas","2024","2024","t","100537","A","Official value",""
"QCL","Crops and livestock products","404","Kenya","5312","Area harvested","01345","Peaches and nectarines","2024","2024","ha","100","A","Official value",""
"QCL","Crops and livestock products","404","Kenya","5510","Production","01345","Peaches and nectarines","2024","2024","t","1655","A","Official value",""
"QCL","Crops and livestock products","404","Kenya","5312","Area harvested","01342.01","Pears","2024","2024","ha","166","A","Official value",""
"QCL","Crops and livestock products","404","Kenya","5510","Production","01342.01","Pears","2024","2024","t","1725","A","Official value",""
"QCL","Crops and livestock products","404","Kenya","5312","Area harvested","01242","Peas, green","2024","2024","ha","24558","A","Official value",""
"QCL","Crops and livestock products","404","Kenya","5510","Production","01242","Peas, green","2024","2024","t","142608","A","Official value",""
"QCL","Crops and livestock products","404","Kenya","5312","Area harvested","01651","Pepper (Piper spp.), raw","2024","2024","ha","758","I","Value imputed by a receiving agency",""
"QCL","Crops and livestock products","404","Kenya","5510","Production","01651","Pepper (Piper spp.), raw","2024","2024","t","770.41","I","Value imputed by a receiving agency",""
"QCL","Crops and livestock products","404","Kenya","5312","Area harvested","01707","Pigeon peas, dry","2024","2024","ha","143645","A","Official value",""
"QCL","Crops and livestock products","404","Kenya","5510","Production","01707","Pigeon peas, dry","2024","2024","t","96799.9","A","Official value",""
"QCL","Crops and livestock products","404","Kenya","5312","Area harvested","01318","Pineapples","2024","2024","ha","6094","A","Official value",""
"QCL","Crops and livestock products","404","Kenya","5510","Production","01318","Pineapples","2024","2024","t","196039","A","Official value",""
"QCL","Crops and livestock products","404","Kenya","5312","Area harvested","01313","Plantains and cooking bananas","2024","2024","ha","2813","E","Estimated value",""
"QCL","Crops and livestock products","404","Kenya","5510","Production","01313","Plantains and cooking bananas","2024","2024","t","34533.09","E","Estimated value",""
"QCL","Crops and livestock products","404","Kenya","5312","Area harvested","01346","Plums and sloes","2024","2024","ha","233","A","Official value",""
"QCL","Crops and livestock products","404","Kenya","5510","Production","01346","Plums and sloes","2024","2024","t","3749","A","Official value",""
"QCL","Crops and livestock products","404","Kenya","5312","Area harvested","01321","Pomelos and grapefruits","2024","2024","ha","139","A","Official value",""
"QCL","Crops and livestock products","404","Kenya","5510","Production","01321","Pomelos and grapefruits","2024","2024","t","997","A","Official value",""
"QCL","Crops and livestock products","404","Kenya","5312","Area harvested","01510","Potatoes","2024","2024","ha","225948","A","Official value",""
"QCL","Crops and livestock products","404","Kenya","5510","Production","01510","Potatoes","2024","2024","t","2188110.04","A","Official value",""
"QCL","Crops and livestock products","404","Kenya","5312","Area harvested","01930.02","Pyrethrum, dried flowers","2024","2024","ha","3864","A","Official value",""
"QCL","Crops and livestock products","404","Kenya","5510","Production","01930.02","Pyrethrum, dried flowers","2024","2024","t","1634","A","Official value",""
"QCL","Crops and livestock products","404","Kenya","5312","Area harvested","01443","Rape or colza seed","2024","2024","ha","4313","A","Official value",""
"QCL","Crops and livestock products","404","Kenya","5510","Production","01443","Rape or colza seed","2024","2024","t","14385","A","Official value",""
"QCL","Crops and livestock products","404","Kenya","5510","Production","02951.01","Raw hides and skins of cattle","2024","2024","t","42133.45","I","Value imputed by a receiving agency",""
"QCL","Crops and livestock products","404","Kenya","5510","Production","02954","Raw hides and skins of goats or kids","2024","2024","t","31096.6","I","Value imputed by a receiving agency",""
"QCL","Crops and livestock products","404","Kenya","5510","Production","02953","Raw hides and skins of sheep or lambs","2024","2024","t","11305.6","I","Value imputed by a receiving agency",""
"QCL","Crops and livestock products","404","Kenya","5510","Production","02293","Raw milk of camel","2024","2024","t","1098082.31","I","Value imputed by a receiving agency",""
"QCL","Crops and livestock products","404","Kenya","5510","Production","02211","Raw milk of cattle","2024","2024","t","5494844","A","Official value",""
"QCL","Crops and livestock products","404","Kenya","5510","Production","02292","Raw milk of goats","2024","2024","t","279198.24","I","Value imputed by a receiving agency",""
"QCL","Crops and livestock products","404","Kenya","5510","Production","02291","Raw milk of sheep","2024","2024","t","99075.65","I","Value imputed by a receiving agency",""
"QCL","Crops and livestock products","404","Kenya","5312","Area harvested","0113","Rice","2024","2024","ha","43057","A","Official value",""
"QCL","Crops and livestock products","404","Kenya","5510","Production","0113","Rice","2024","2024","t","282152","A","Official value",""
"QCL","Crops and livestock products","404","Kenya","5312","Area harvested","01921.01","Seed cotton, unginned","2024","2024","ha","16469","A","Official value",""
"QCL","Crops and livestock products","404","Kenya","5510","Production","01921.01","Seed cotton, unginned","2024","2024","t","6234","A","Official value",""
"QCL","Crops and livestock products","404","Kenya","5312","Area harvested","01444","Sesame seed","2024","2024","ha","8687","A","Official value",""
"QCL","Crops and livestock products","404","Kenya","5510","Production","01444","Sesame seed","2024","2024","t","6005","A","Official value",""
"QCL","Crops and livestock products","404","Kenya","5510","Production","21514","Sheep fat, unrendered","2024","2024","t","1413.2","I","Value imputed by a receiving agency",""
"QCL","Crops and livestock products","404","Kenya","5510","Production","02941","Shorn wool, greasy, including fleece-washed shorn wool","2024","2024","t","2064.39","I","Value imputed by a receiving agency",""
"QCL","Crops and livestock products","404","Kenya","5312","Area harvested","01929.05","Sisal, raw","2024","2024","ha","33058","I","Value imputed by a receiving agency",""
"QCL","Crops and livestock products","404","Kenya","5510","Production","01929.05","Sisal, raw","2024","2024","t","20939.93","I","Value imputed by a receiving agency",""
"QCL","Crops and livestock products","404","Kenya","5312","Area harvested","0114","Sorghum","2024","2024","ha","250432","A","Official value",""
"QCL","Crops and livestock products","404","Kenya","5510","Production","0114","Sorghum","2024","2024","t","243000","A","Official value",""
"QCL","Crops and livestock products","404","Kenya","5312","Area harvested","0141","Soya beans","2024","2024","ha","17299","A","Official value",""
"QCL","Crops and livestock products","404","Kenya","5510","Production","0141","Soya beans","2024","2024","t","17417","A","Official value",""
"QCL","Crops and livestock products","404","Kenya","5312","Area harvested","01215","Spinach","2024","2024","ha","11842","A","Official value",""
"QCL","Crops and livestock products","404","Kenya","5510","Production","01215","Spinach","2024","2024","t","242720","A","Official value",""
"QCL","Crops and livestock products","404","Kenya","5312","Area harvested","01354","Strawberries","2024","2024","ha","23","A","Official value",""
"QCL","Crops and livestock products","404","Kenya","5510","Production","01354","Strawberries","2024","2024","t","110","A","Official value",""
"QCL","Crops and livestock products","404","Kenya","5312","Area harvested","01802","Sugar cane","2024","2024","ha","134900","A","Official value",""
"QCL","Crops and livestock products","404","Kenya","5510","Production","01802","Sugar cane","2024","2024","t","9365300","A","Official value",""
"QCL","Crops and livestock products","404","Kenya","5312","Area harvested","01445","Sunflower seed","2024","2024","ha","6000","X","Value from external organization","Unofficial figure"
"QCL","Crops and livestock products","404","Kenya","5510","Production","01445","Sunflower seed","2024","2024","t","6000","X","Value from external organization","Unofficial figure"
"QCL","Crops and livestock products","404","Kenya","5312","Area harvested","01530","Sweet potatoes","2024","2024","ha","68449","A","Official value",""
"QCL","Crops and livestock products","404","Kenya","5510","Production","01530","Sweet potatoes","2024","2024","t","862724.23","A","Official value",""
"QCL","Crops and livestock products","404","Kenya","5312","Area harvested","01324","Tangerines, mandarins, clementines","2024","2024","ha","3685","A","Official value",""
"QCL","Crops and livestock products","404","Kenya","5510","Production","01324","Tangerines, mandarins, clementines","2024","2024","t","36633","A","Official value",""
"QCL","Crops and livestock products","404","Kenya","5312","Area harvested","01620","Tea leaves","2024","2024","ha","228400","A","Official value",""
"QCL","Crops and livestock products","404","Kenya","5510","Production","01620","Tea leaves","2024","2024","t","2687200","A","Official value",""
"QCL","Crops and livestock products","404","Kenya","5312","Area harvested","01234","Tomatoes","2024","2024","ha","27823","A","Official value",""
"QCL","Crops and livestock products","404","Kenya","5510","Production","01234","Tomatoes","2024","2024","t","510902","A","Official value",""
"QCL","Crops and livestock products","404","Kenya","5312","Area harvested","01970","Unmanufactured tobacco","2024","2024","ha","21399","I","Value imputed by a receiving agency",""
"QCL","Crops and livestock products","404","Kenya","5510","Production","01970","Unmanufactured tobacco","2024","2024","t","12446","A","Official value",""
"QCL","Crops and livestock products","404","Kenya","5312","Area harvested","01658","Vanilla, raw","2024","2024","ha","21","E","Estimated value",""
"QCL","Crops and livestock products","404","Kenya","5510","Production","01658","Vanilla, raw","2024","2024","t","15.46","E","Estimated value",""
"QCL","Crops and livestock products","404","Kenya","5312","Area harvested","01221","Watermelons","2024","2024","ha","8843","A","Official value",""
"QCL","Crops and livestock products","404","Kenya","5510","Production","01221","Watermelons","2024","2024","t","169744","A","Official value",""
"QCL","Crops and livestock products","404","Kenya","5312","Area harvested","0111","Wheat","2024","2024","ha","102560","A","Official value",""
"QCL","Crops and livestock products","404","Kenya","5510","Production","0111","Wheat","2024","2024","t","312200","A","Official value",""
"QCL","Crops and livestock products","404","Kenya","5312","Area harvested","01540","Yams","2024","2024","ha","1392","A","Official value",""
"QCL","Crops and livestock products","404","Kenya","5510","Production","01540","Yams","2024","2024","t","12298","A","Official value",""
"QCL","Crops and livestock products","426","Lesotho","5312","Area harvested","0115","Barley","2024","2024","ha","840","E","Estimated value",""
"QCL","Crops and livestock products","426","Lesotho","5510","Production","0115","Barley","2024","2024","t","298.31","E","Estimated value",""
"QCL","Crops and livestock products","426","Lesotho","5312","Area harvested","01701","Beans, dry","2024","2024","ha","8953","A","Official value",""
"QCL","Crops and livestock products","426","Lesotho","5510","Production","01701","Beans, dry","2024","2024","t","1531","A","Official value",""
"QCL","Crops and livestock products","426","Lesotho","5510","Production","21512","Cattle fat, unrendered","2024","2024","t","36.08","I","Value imputed by a receiving agency",""
"QCL","Crops and livestock products","426","Lesotho","5510","Production","21151","Edible offal of cattle, fresh, chilled or frozen","2024","2024","t","192.42","I","Value imputed by a receiving agency",""
"QCL","Crops and livestock products","426","Lesotho","5510","Production","21156","Edible offal of goat, fresh, chilled or frozen","2024","2024","t","35.35","I","Value imputed by a receiving agency",""
"QCL","Crops and livestock products","426","Lesotho","5510","Production","21153","Edible offal of pigs, fresh, chilled or frozen","2024","2024","t","80.35","I","Value imputed by a receiving agency",""
"QCL","Crops and livestock products","426","Lesotho","5510","Production","21155","Edible offal of sheep, fresh, chilled or frozen","2024","2024","t","93.2","I","Value imputed by a receiving agency",""
"QCL","Crops and livestock products","426","Lesotho","5510","Production","21159.01","Edible offals of horses and other equines, fresh, chilled or frozen","2024","2024","t","7.95","I","Value imputed by a receiving agency",""
"QCL","Crops and livestock products","426","Lesotho","5510","Production","21511.01","Fat of pigs","2024","2024","t","69.02","I","Value imputed by a receiving agency",""
"QCL","Crops and livestock products","426","Lesotho","5510","Production","21170.02","Game meat, fresh, chilled or frozen","2024","2024","t","5733.21","E","Estimated value",""
"QCL","Crops and livestock products","426","Lesotho","5510","Production","21515","Goat fat, unrendered","2024","2024","t","4.51","I","Value imputed by a receiving agency",""
"QCL","Crops and livestock products","426","Lesotho","5510","Production","0231","Hen eggs in shell, fresh","2024","2024","t","1354.82","E","Estimated value",""
"QCL","Crops and livestock products","426","Lesotho","5513","Production","0231","Hen eggs in shell, fresh","2024","2024","1000 No","24633","E","Estimated value",""
"QCL","Crops and livestock products","426","Lesotho","5510","Production","21118.01","Horse meat, fresh or chilled","2024","2024","t","69.85","I","Value imputed by a receiving agency",""
"QCL","Crops and livestock products","426","Lesotho","5312","Area harvested","0112","Maize (corn)","2024","2024","ha","89206","A","Official value",""
"QCL","Crops and livestock products","426","Lesotho","5510","Production","0112","Maize (corn)","2024","2024","t","56443","A","Official value",""
"QCL","Crops and livestock products","426","Lesotho","5510","Production","21118.02","Meat of asses, fresh or chilled","2024","2024","t","41.62","I","Value imputed by a receiving agency",""
"QCL","Crops and livestock products","426","Lesotho","5510","Production","21111.01","Meat of cattle with the bone, fresh or chilled","2024","2024","t","1042.29","E","Estimated value",""
"QCL","Crops and livestock products","426","Lesotho","5510","Production","21121","Meat of chickens, fresh or chilled","2024","2024","t","568.52","I","Value imputed by a receiving agency",""
"QCL","Crops and livestock products","426","Lesotho","5510","Production","21116","Meat of goat, fresh or chilled","2024","2024","t","199.3","I","Value imputed by a receiving agency",""
"QCL","Crops and livestock products","426","Lesotho","5510","Production","21113.01","Meat of pig with the bone, fresh or chilled","2024","2024","t","751.97","E","Estimated value",""
"QCL","Crops and livestock products","426","Lesotho","5510","Production","21115","Meat of sheep, fresh or chilled","2024","2024","t","430.13","E","Estimated value",""
"QCL","Crops and livestock products","426","Lesotho","5312","Area harvested","0117","Oats","2024","2024","ha","222","E","Estimated value",""
"QCL","Crops and livestock products","426","Lesotho","5510","Production","0117","Oats","2024","2024","t","341.54","E","Estimated value",""
"QCL","Crops and livestock products","426","Lesotho","5312","Area harvested","01359.90","Other fruits, n.e.c.","2024","2024","ha","4212","I","Value imputed by a receiving agency",""
"QCL","Crops and livestock products","426","Lesotho","5510","Production","01359.90","Other fruits, n.e.c.","2024","2024","t","14984.08","E","Estimated value",""
"QCL","Crops and livestock products","426","Lesotho","5312","Area harvested","01290.90","Other vegetables, fresh n.e.c.","2024","2024","ha","3576","I","Value imputed by a receiving agency",""
"QCL","Crops and livestock products","426","Lesotho","5510","Production","01290.90","Other vegetables, fresh n.e.c.","2024","2024","t","32625.43","E","Estimated value",""
"QCL","Crops and livestock products","426","Lesotho","5312","Area harvested","01705","Peas, dry","2024","2024","ha","605","A","Official value",""
"QCL","Crops and livestock products","426","Lesotho","5510","Production","01705","Peas, dry","2024","2024","t","153","A","Official value",""
"QCL","Crops and livestock products","426","Lesotho","5312","Area harvested","01510","Potatoes","2024","2024","ha","7421","E","Estimated value",""
"QCL","Crops and livestock products","426","Lesotho","5510","Production","01510","Potatoes","2024","2024","t","132750.35","E","Estimated value",""
"QCL","Crops and livestock products","426","Lesotho","5510","Production","02951.01","Raw hides and skins of cattle","2024","2024","t","220.48","I","Value imputed by a receiving agency",""
"QCL","Crops and livestock products","426","Lesotho","5510","Production","02954","Raw hides and skins of goats or kids","2024","2024","t","33.09","I","Value imputed by a receiving agency",""
"QCL","Crops and livestock products","426","Lesotho","5510","Production","02953","Raw hides and skins of sheep or lambs","2024","2024","t","133.14","I","Value imputed by a receiving agency",""
"QCL","Crops and livestock products","426","Lesotho","5510","Production","02211","Raw milk of cattle","2024","2024","t","182000","E","Estimated value",""
"QCL","Crops and livestock products","426","Lesotho","5510","Production","21514","Sheep fat, unrendered","2024","2024","t","52.23","I","Value imputed by a receiving agency",""
"QCL","Crops and livestock products","426","Lesotho","5510","Production","02941","Shorn wool, greasy, including fleece-washed shorn wool","2024","2024","t","8165.41","I","Value imputed by a receiving agency",""
"QCL","Crops and livestock products","426","Lesotho","5312","Area harvested","0114","Sorghum","2024","2024","ha","15814","A","Official value",""
"QCL","Crops and livestock products","426","Lesotho","5510","Production","0114","Sorghum","2024","2024","t","6261","A","Official value",""
"QCL","Crops and livestock products","426","Lesotho","5312","Area harvested","0111","Wheat","2024","2024","ha","5814","A","Official value",""
"QCL","Crops and livestock products","426","Lesotho","5510","Production","0111","Wheat","2024","2024","t","4183","A","Official value",""
"QCL","Crops and livestock products","430","Liberia","5312","Area harvested","01312","Bananas","2024","2024","ha","13221","E","Estimated value",""
"QCL","Crops and livestock products","430","Liberia","5510","Production","01312","Bananas","2024","2024","t","142551.39","E","Estimated value",""
"QCL","Crops and livestock products","430","Liberia","5312","Area harvested","01520.01","Cassava, fresh","2024","2024","ha","80904","I","Value imputed by a receiving agency",""
"QCL","Crops and livestock products","430","Liberia","5510","Production","01520.01","Cassava, fresh","2024","2024","t","606958.45","E","Estimated value",""
"QCL","Crops and livestock products","430","Liberia","5510","Production","21512","Cattle fat, unrendered","2024","2024","t","19.37","I","Value imputed by a receiving agency",""
"QCL","Crops and livestock products","430","Liberia","5312","Area harvested","01640","Cocoa beans","2024","2024","ha","182495","I","Value imputed by a receiving agency",""
"QCL","Crops and livestock products","430","Liberia","5510","Production","01640","Cocoa beans","2024","2024","t","30000","X","Value from external organization","Unofficial figure"
"QCL","Crops and livestock products","430","Liberia","5312","Area harvested","01460","Coconuts, in shell","2024","2024","ha","3727","I","Value imputed by a receiving agency",""
"QCL","Crops and livestock products","430","Liberia","5510","Production","01460","Coconuts, in shell","2024","2024","t","10358.2","I","Value imputed by a receiving agency",""
"QCL","Crops and livestock products","430","Liberia","5312","Area harvested","01610","Coffee, green","2024","2024","ha","2753","I","Value imputed by a receiving agency",""
"QCL","Crops and livestock products","430","Liberia","5510","Production","01610","Coffee, green","2024","2024","t","653.22","I","Value imputed by a receiving agency",""
"QCL","Crops and livestock products","430","Liberia","5510","Production","21151","Edible offal of cattle, fresh, chilled or frozen","2024","2024","t","174.36","I","Value imputed by a receiving agency",""
"QCL","Crops and livestock products","430","Liberia","5510","Production","21156","Edible offal of goat, fresh, chilled or frozen","2024","2024","t","177.98","I","Value imputed by a receiving agency",""
"QCL","Crops and livestock products","430","Liberia","5510","Production","21153","Edible offal of pigs, fresh, chilled or frozen","2024","2024","t","462.31","I","Value imputed by a receiving agency",""
"QCL","Crops and livestock products","430","Liberia","5510","Production","21155","Edible offal of sheep, fresh, chilled or frozen","2024","2024","t","158.55","I","Value imputed by a receiving agency",""
"QCL","Crops and livestock products","430","Liberia","5510","Production","0232","Eggs from other birds in shell, fresh, n.e.c.","2024","2024","t","242","E","Estimated value",""
"QCL","Crops and livestock products","430","Liberia","5513","Production","0232","Eggs from other birds in shell, fresh, n.e.c.","2024","2024","1000 No","3965","E","Estimated value",""
"QCL","Crops and livestock products","430","Liberia","5510","Production","21511.01","Fat of pigs","2024","2024","t","577.89","I","Value imputed by a receiving agency",""
"QCL","Crops and livestock products","430","Liberia","5510","Production","21170.02","Game meat, fresh, chilled or frozen","2024","2024","t","8063.04","I","Value imputed by a receiving agency",""
"QCL","Crops and livestock products","430","Liberia","5510","Production","21515","Goat fat, unrendered","2024","2024","t","22","I","Value imputed by a receiving agency",""
"QCL","Crops and livestock products","430","Liberia","5312","Area harvested","01290.01","Green corn (maize)","2024","2024","ha","6736","I","Value imputed by a receiving agency",""
"QCL","Crops and livestock products","430","Liberia","5510","Production","01290.01","Green corn (maize)","2024","2024","t","24991.76","I","Value imputed by a receiving agency",""
"QCL","Crops and livestock products","430","Liberia","5312","Area harvested","0142","Groundnuts, excluding shelled","2024","2024","ha","8242","I","Value imputed by a receiving agency",""
"QCL","Crops and livestock products","430","Liberia","5510","Production","0142","Groundnuts, excluding shelled","2024","2024","t","6759.09","E","Estimated value",""
"QCL","Crops and livestock products","430","Liberia","5510","Production","0231","Hen eggs in shell, fresh","2024","2024","t","6328.81","I","Value imputed by a receiving agency",""
"QCL","Crops and livestock products","430","Liberia","5513","Production","0231","Hen eggs in shell, fresh","2024","2024","1000 No","121708","I","Value imputed by a receiving agency",""
"QCL","Crops and livestock products","430","Liberia","5510","Production","21111.01","Meat of cattle with the bone, fresh or chilled","2024","2024","t","968.67","I","Value imputed by a receiving agency",""
"QCL","Crops and livestock products","430","Liberia","5510","Production","21121","Meat of chickens, fresh or chilled","2024","2024","t","14204.35","I","Value imputed by a receiving agency",""
"QCL","Crops and livestock products","430","Liberia","5510","Production","21122","Meat of ducks, fresh or chilled","2024","2024","t","328.71","I","Value imputed by a receiving agency",""
"QCL","Crops and livestock products","430","Liberia","5510","Production","21116","Meat of goat, fresh or chilled","2024","2024","t","999.91","I","Value imputed by a receiving agency",""
"QCL","Crops and livestock products","430","Liberia","5510","Production","21113.01","Meat of pig with the bone, fresh or chilled","2024","2024","t","9246.27","I","Value imputed by a receiving agency",""
"QCL","Crops and livestock products","430","Liberia","5510","Production","21115","Meat of sheep, fresh or chilled","2024","2024","t","880.82","I","Value imputed by a receiving agency",""
"QCL","Crops and livestock products","430","Liberia","5312","Area harvested","01950.01","Natural rubber in primary forms","2024","2024","ha","163697","E","Estimated value",""
"QCL","Crops and livestock products","430","Liberia","5510","Production","01950.01","Natural rubber in primary forms","2024","2024","t","129900","X","Value from external organization","Unofficial figure"
"QCL","Crops and livestock products","430","Liberia","5312","Area harvested","01491.01","Oil palm fruit","2024","2024","ha","19512","I","Value imputed by a receiving agency",""
"QCL","Crops and livestock products","430","Liberia","5510","Production","01491.01","Oil palm fruit","2024","2024","t","191032.68","I","Value imputed by a receiving agency",""
"QCL","Crops and livestock products","430","Liberia","5312","Area harvested","01323","Oranges","2024","2024","ha","2110","E","Estimated value",""
"QCL","Crops and livestock products","430","Liberia","5510","Production","01323","Oranges","2024","2024","t","7659.26","I","Value imputed by a receiving agency",""
"QCL","Crops and livestock products","430","Liberia","5312","Area harvested","01379.90","Other nuts (excluding wild edible nuts and groundnuts), in shell, n.e.c.","2024","2024","ha","3046","E","Estimated value",""
"QCL","Crops and livestock products","430","Liberia","5510","Production","01379.90","Other nuts (excluding wild edible nuts and groundnuts), in shell, n.e.c.","2024","2024","t","2956.44","E","Estimated value",""
"QCL","Crops and livestock products","430","Liberia","5312","Area harvested","01709.90","Other pulses n.e.c.","2024","2024","ha","5347","I","Value imputed by a receiving agency",""
"QCL","Crops and livestock products","430","Liberia","5510","Production","01709.90","Other pulses n.e.c.","2024","2024","t","3911.08","E","Estimated value",""
"QCL","Crops and livestock products","430","Liberia","5312","Area harvested","01319","Other tropical fruits, n.e.c.","2024","2024","ha","585","I","Value imputed by a receiving agency",""
"QCL","Crops and livestock products","430","Liberia","5510","Production","01319","Other tropical fruits, n.e.c.","2024","2024","t","3240.28","I","Value imputed by a receiving agency",""
"QCL","Crops and livestock products","430","Liberia","5312","Area harvested","01290.90","Other vegetables, fresh n.e.c.","2024","2024","ha","17348","I","Value imputed by a receiving agency",""
"QCL","Crops and livestock products","430","Liberia","5510","Production","01290.90","Other vegetables, fresh n.e.c.","2024","2024","t","97464.31","I","Value imputed by a receiving agency",""
"QCL","Crops and livestock products","430","Liberia","5312","Area harvested","01318","Pineapples","2024","2024","ha","1712","E","Estimated value",""
"QCL","Crops and livestock products","430","Liberia","5510","Production","01318","Pineapples","2024","2024","t","9327.96","E","Estimated value",""
"QCL","Crops and livestock products","430","Liberia","5312","Area harvested","01313","Plantains and cooking bananas","2024","2024","ha","22840","E","Estimated value",""
"QCL","Crops and livestock products","430","Liberia","5510","Production","01313","Plantains and cooking bananas","2024","2024","t","50561.18","E","Estimated value",""
"QCL","Crops and livestock products","430","Liberia","5510","Production","02951.01","Raw hides and skins of cattle","2024","2024","t","154.99","I","Value imputed by a receiving agency",""
"QCL","Crops and livestock products","430","Liberia","5510","Production","02954","Raw hides and skins of goats or kids","2024","2024","t","219.98","I","Value imputed by a receiving agency",""
"QCL","Crops and livestock products","430","Liberia","5510","Production","02953","Raw hides and skins of sheep or lambs","2024","2024","t","246.63","I","Value imputed by a receiving agency",""
"QCL","Crops and livestock products","430","Liberia","5510","Production","02211","Raw milk of cattle","2024","2024","t","8368.1","I","Value imputed by a receiving agency",""
"QCL","Crops and livestock products","430","Liberia","5312","Area harvested","0113","Rice","2024","2024","ha","290000","E","Estimated value",""
"QCL","Crops and livestock products","430","Liberia","5510","Production","0113","Rice","2024","2024","t","322400","A","Official value",""
"QCL","Crops and livestock products","430","Liberia","5510","Production","21514","Sheep fat, unrendered","2024","2024","t","17.62","I","Value imputed by a receiving agency",""
"QCL","Crops and livestock products","430","Liberia","5312","Area harvested","0141","Soya beans","2024","2024","ha","7959","I","Value imputed by a receiving agency",""
"QCL","Crops and livestock products","430","Liberia","5510","Production","0141","Soya beans","2024","2024","t","3425.73","I","Value imputed by a receiving agency",""
"QCL","Crops and livestock products","430","Liberia","5312","Area harvested","01802","Sugar cane","2024","2024","ha","27491","I","Value imputed by a receiving agency",""
"QCL","Crops and livestock products","430","Liberia","5510","Production","01802","Sugar cane","2024","2024","t","279690.32","I","Value imputed by a receiving agency",""
"QCL","Crops and livestock products","430","Liberia","5312","Area harvested","01530","Sweet potatoes","2024","2024","ha","2193","I","Value imputed by a receiving agency",""
"QCL","Crops and livestock products","430","Liberia","5510","Production","01530","Sweet potatoes","2024","2024","t","24679.23","E","Estimated value",""
"QCL","Crops and livestock products","430","Liberia","5312","Area harvested","01550","Taro","2024","2024","ha","3150","I","Value imputed by a receiving agency",""
"QCL","Crops and livestock products","430","Liberia","5510","Production","01550","Taro","2024","2024","t","29018.73","I","Value imputed by a receiving agency",""
"QCL","Crops and livestock products","430","Liberia","5312","Area harvested","01234","Tomatoes","2024","2024","ha","270","E","Estimated value",""
"QCL","Crops and livestock products","430","Liberia","5510","Production","01234","Tomatoes","2024","2024","t","3569.88","E","Estimated value",""
"QCL","Crops and livestock products","430","Liberia","5312","Area harvested","01540","Yams","2024","2024","ha","2401","I","Value imputed by a receiving agency",""
"QCL","Crops and livestock products","430","Liberia","5510","Production","01540","Yams","2024","2024","t","20884.8","I","Value imputed by a receiving agency",""
"QCL","Crops and livestock products","450","Madagascar","5312","Area harvested","01654","Anise, badian, coriander, cumin, caraway, fennel and juniper berries, raw","2024","2024","ha","56","E","Estimated value",""
"QCL","Crops and livestock products","450","Madagascar","5510","Production","01654","Anise, badian, coriander, cumin, caraway, fennel and juniper berries, raw","2024","2024","t","77.03","E","Estimated value",""
"QCL","Crops and livestock products","450","Madagascar","5312","Area harvested","01341","Apples","2024","2024","ha","4681","I","Value imputed by a receiving agency",""
"QCL","Crops and livestock products","450","Madagascar","5510","Production","01341","Apples","2024","2024","t","7209.19","I","Value imputed by a receiving agency",""
"QCL","Crops and livestock products","450","Madagascar","5312","Area harvested","01343","Apricots","2024","2024","ha","185","E","Estimated value",""
"QCL","Crops and livestock products","450","Madagascar","5510","Production","01343","Apricots","2024","2024","t","1506.26","E","Estimated value",""
"QCL","Crops and livestock products","450","Madagascar","5312","Area harvested","01311","Avocados","2024","2024","ha","3424","I","Value imputed by a receiving agency",""
"QCL","Crops and livestock products","450","Madagascar","5510","Production","01311","Avocados","2024","2024","t","27904.42","I","Value imputed by a receiving agency",""
"QCL","Crops and livestock products","450","Madagascar","5312","Area harvested","01312","Bananas","2024","2024","ha","72365","E","Estimated value",""
"QCL","Crops and livestock products","450","Madagascar","5510","Production","01312","Bananas","2024","2024","t","399939.78","E","Estimated value",""
"QCL","Crops and livestock products","450","Madagascar","5312","Area harvested","01701","Beans, dry","2024","2024","ha","69767","I","Value imputed by a receiving agency",""
"QCL","Crops and livestock products","450","Madagascar","5510","Production","01701","Beans, dry","2024","2024","t","84149.91","I","Value imputed by a receiving agency",""
"QCL","Crops and livestock products","450","Madagascar","5510","Production","02960.01","Beeswax","2024","2024","t","422.77","I","Value imputed by a receiving agency",""
"QCL","Crops and livestock products","450","Madagascar","5312","Area harvested","01212","Cabbages","2024","2024","ha","888","E","Estimated value",""
"QCL","Crops and livestock products","450","Madagascar","5510","Production","01212","Cabbages","2024","2024","t","18608.36","E","Estimated value",""
"QCL","Crops and livestock products","450","Madagascar","5312","Area harvested","01251","Carrots and turnips","2024","2024","ha","2759","E","Estimated value",""
"QCL","Crops and livestock products","450","Madagascar","5510","Production","01251","Carrots and turnips","2024","2024","t","9661.86","E","Estimated value",""
"QCL","Crops and livestock products","450","Madagascar","5312","Area harvested","01372","Cashew nuts, in shell","2024","2024","ha","15866","I","Value imputed by a receiving agency",""
"QCL","Crops and livestock products","450","Madagascar","5510","Production","01372","Cashew nuts, in shell","2024","2024","t","7503.86","I","Value imputed by a receiving agency",""
"QCL","Crops and livestock products","450","Madagascar","5312","Area harvested","01359.02","Cashewapple","2024","2024","ha","27003","I","Value imputed by a receiving agency",""
"QCL","Crops and livestock products","450","Madagascar","5510","Production","01359.02","Cashewapple","2024","2024","t","77100.6","I","Value imputed by a receiving agency",""
"QCL","Crops and livestock products","450","Madagascar","5312","Area harvested","01520.01","Cassava, fresh","2024","2024","ha","322141","I","Value imputed by a receiving agency",""
"QCL","Crops and livestock products","450","Madagascar","5510","Production","01520.01","Cassava, fresh","2024","2024","t","2573530.6","I","Value imputed by a receiving agency",""
"QCL","Crops and livestock products","450","Madagascar","5312","Area harvested","01447","Castor oil seeds","2024","2024","ha","7891","I","Value imputed by a receiving agency",""
"QCL","Crops and livestock products","450","Madagascar","5510","Production","01447","Castor oil seeds","2024","2024","t","2820.58","I","Value imputed by a receiving agency",""
"QCL","Crops and livestock products","450","Madagascar","5510","Production","21512","Cattle fat, unrendered","2024","2024","t","749.36","I","Value imputed by a receiving agency",""
"QCL","Crops and livestock products","450","Madagascar","5312","Area harvested","01213","Cauliflowers and broccoli","2024","2024","ha","32","E","Estimated value",""
"QCL","Crops and livestock products","450","Madagascar","5510","Production","01213","Cauliflowers and broccoli","2024","2024","t","274.07","E","Estimated value",""
"QCL","Crops and livestock products","450","Madagascar","5312","Area harvested","01652","Chillies and peppers, dry (Capsicum spp., Pimenta spp.), raw","2024","2024","ha","1760","E","Estimated value",""
"QCL","Crops and livestock products","450","Madagascar","5510","Production","01652","Chillies and peppers, dry (Capsicum spp., Pimenta spp.), raw","2024","2024","t","1851.71","E","Estimated value",""
"QCL","Crops and livestock products","450","Madagascar","5312","Area harvested","01231","Chillies and peppers, green (Capsicum spp. and Pimenta spp.)","2024","2024","ha","87","I","Value imputed by a receiving agency",""
"QCL","Crops and livestock products","450","Madagascar","5510","Production","01231","Chillies and peppers, green (Capsicum spp. and Pimenta spp.)","2024","2024","t","579.96","I","Value imputed by a receiving agency",""
"QCL","Crops and livestock products","450","Madagascar","5312","Area harvested","01655","Cinnamon and cinnamon-tree flowers, raw","2024","2024","ha","1850","E","Estimated value",""
"QCL","Crops and livestock products","450","Madagascar","5510","Production","01655","Cinnamon and cinnamon-tree flowers, raw","2024","2024","t","3247.77","E","Estimated value",""
"QCL","Crops and livestock products","450","Madagascar","5312","Area harvested","01656","Cloves (whole stems), raw","2024","2024","ha","74650","I","Value imputed by a receiving agency",""
"QCL","Crops and livestock products","450","Madagascar","5510","Production","01656","Cloves (whole stems), raw","2024","2024","t","25114.45","I","Value imputed by a receiving agency",""
"QCL","Crops and livestock products","450","Madagascar","5312","Area harvested","01640","Cocoa beans","2024","2024","ha","23481","I","Value imputed by a receiving agency",""
"QCL","Crops and livestock products","450","Madagascar","5510","Production","01640","Cocoa beans","2024","2024","t","21000","X","Value from external organization","Unofficial figure"
"QCL","Crops and livestock products","450","Madagascar","5312","Area harvested","01460","Coconuts, in shell","2024","2024","ha","50224","I","Value imputed by a receiving agency",""
"QCL","Crops and livestock products","450","Madagascar","5510","Production","01460","Coconuts, in shell","2024","2024","t","67350.42","I","Value imputed by a receiving agency",""
"QCL","Crops and livestock products","450","Madagascar","5312","Area harvested","01610","Coffee, green","2024","2024","ha","87583","I","Value imputed by a receiving agency",""
"QCL","Crops and livestock products","450","Madagascar","5510","Production","01610","Coffee, green","2024","2024","t","49561.4","I","Value imputed by a receiving agency",""
"QCL","Crops and livestock products","450","Madagascar","5312","Area harvested","01706","Cow peas, dry","2024","2024","ha","33935","I","Value imputed by a receiving agency",""
"QCL","Crops and livestock products","450","Madagascar","5510","Production","01706","Cow peas, dry","2024","2024","t","31901.41","I","Value imputed by a receiving agency",""
"QCL","Crops and livestock products","450","Madagascar","5312","Area harvested","01232","Cucumbers and gherkins","2024","2024","ha","152","E","Estimated value",""
"QCL","Crops and livestock products","450","Madagascar","5510","Production","01232","Cucumbers and gherkins","2024","2024","t","624.75","E","Estimated value",""
"QCL","Crops and livestock products","450","Madagascar","5510","Production","21151","Edible offal of cattle, fresh, chilled or frozen","2024","2024","t","4995.71","I","Value imputed by a receiving agency",""
"QCL","Crops and livestock products","450","Madagascar","5510","Production","21156","Edible offal of goat, fresh, chilled or frozen","2024","2024","t","771.97","I","Value imputed by a receiving agency",""
"QCL","Crops and livestock products","450","Madagascar","5510","Production","21153","Edible offal of pigs, fresh, chilled or frozen","2024","2024","t","890.65","I","Value imputed by a receiving agency",""
"QCL","Crops and livestock products","450","Madagascar","5510","Production","21155","Edible offal of sheep, fresh, chilled or frozen","2024","2024","t","285.14","I","Value imputed by a receiving agency",""
"QCL","Crops and livestock products","450","Madagascar","5510","Production","21159.01","Edible offals of horses and other equines, fresh, chilled or frozen","2024","2024","t","0.36","I","Value imputed by a receiving agency",""
"QCL","Crops and livestock products","450","Madagascar","5312","Area harvested","01233","Eggplants (aubergines)","2024","2024","ha","440","E","Estimated value",""
"QCL","Crops and livestock products","450","Madagascar","5510","Production","01233","Eggplants (aubergines)","2024","2024","t","1827.75","E","Estimated value",""
"QCL","Crops and livestock products","450","Madagascar","5510","Production","0232","Eggs from other birds in shell, fresh, n.e.c.","2024","2024","t","4800","E","Estimated value",""
"QCL","Crops and livestock products","450","Madagascar","5513","Production","0232","Eggs from other birds in shell, fresh, n.e.c.","2024","2024","1000 No","92300","E","Estimated value",""
"QCL","Crops and livestock products","450","Madagascar","5510","Production","21511.01","Fat of pigs","2024","2024","t","445.33","I","Value imputed by a receiving agency",""
"QCL","Crops and livestock products","450","Madagascar","5510","Production","21170.02","Game meat, fresh, chilled or frozen","2024","2024","t","7698.07","I","Value imputed by a receiving agency",""
"QCL","Crops and livestock products","450","Madagascar","5312","Area harvested","01657","Ginger, raw","2024","2024","ha","153","I","Value imputed by a receiving agency",""
"QCL","Crops and livestock products","450","Madagascar","5510","Production","01657","Ginger, raw","2024","2024","t","505.86","I","Value imputed by a receiving agency",""
"QCL","Crops and livestock products","450","Madagascar","5510","Production","21515","Goat fat, unrendered","2024","2024","t","131.4","I","Value imputed by a receiving agency",""
"QCL","Crops and livestock products","450","Madagascar","5312","Area harvested","01330","Grapes","2024","2024","ha","2530","I","Value imputed by a receiving agency",""
"QCL","Crops and livestock products","450","Madagascar","5510","Production","01330","Grapes","2024","2024","t","13866.95","I","Value imputed by a receiving agency",""
"QCL","Crops and livestock products","450","Madagascar","5312","Area harvested","01252","Green garlic","2024","2024","ha","389","E","Estimated value",""
"QCL","Crops and livestock products","450","Madagascar","5510","Production","01252","Green garlic","2024","2024","t","2543.52","I","Value imputed by a receiving agency",""
"QCL","Crops and livestock products","450","Madagascar","5312","Area harvested","0142","Groundnuts, excluding shelled","2024","2024","ha","70192","I","Value imputed by a receiving agency",""
"QCL","Crops and livestock products","450","Madagascar","5510","Production","0142","Groundnuts, excluding shelled","2024","2024","t","58609.57","I","Value imputed by a receiving agency",""
"QCL","Crops and livestock products","450","Madagascar","5510","Production","0231","Hen eggs in shell, fresh","2024","2024","t","17641.91","E","Estimated value",""
"QCL","Crops and livestock products","450","Madagascar","5513","Production","0231","Hen eggs in shell, fresh","2024","2024","1000 No","420045","E","Estimated value",""
"QCL","Crops and livestock products","450","Madagascar","5510","Production","21118.01","Horse meat, fresh or chilled","2024","2024","t","5.29","I","Value imputed by a receiving agency",""
"QCL","Crops and livestock products","450","Madagascar","5312","Area harvested","01922.02","Kenaf, and other textile bast fibres, raw or retted","2024","2024","ha","412","E","Estimated value",""
"QCL","Crops and livestock products","450","Madagascar","5510","Production","01922.02","Kenaf, and other textile bast fibres, raw or retted","2024","2024","t","159.6","E","Estimated value",""
"QCL","Crops and livestock products","450","Madagascar","5312","Area harvested","01322","Lemons and limes","2024","2024","ha","1337","I","Value imputed by a receiving agency",""
"QCL","Crops and livestock products","450","Madagascar","5510","Production","01322","Lemons and limes","2024","2024","t","4407.83","E","Estimated value",""
"QCL","Crops and livestock products","450","Madagascar","5312","Area harvested","01704","Lentils, dry","2024","2024","ha","1277","I","Value imputed by a receiving agency",""
"QCL","Crops and livestock products","450","Madagascar","5510","Production","01704","Lentils, dry","2024","2024","t","876.3","I","Value imputed by a receiving agency",""
"QCL","Crops and livestock products","450","Madagascar","5312","Area harvested","01214","Lettuce and chicory","2024","2024","ha","174","E","Estimated value",""
"QCL","Crops and livestock products","450","Madagascar","5510","Production","01214","Lettuce and chicory","2024","2024","t","101.5","E","Estimated value",""
"QCL","Crops and livestock products","450","Madagascar","5312","Area harvested","0112","Maize (corn)","2024","2024","ha","144592","I","Value imputed by a receiving agency",""
"QCL","Crops and livestock products","450","Madagascar","5510","Production","0112","Maize (corn)","2024","2024","t","265000","X","Value from external organization","Unofficial figure"
"QCL","Crops and livestock products","450","Madagascar","5312","Area harvested","01316","Mangoes, guavas and mangosteens","2024","2024","ha","50543","E","Estimated value",""
"QCL","Crops and livestock products","450","Madagascar","5510","Production","01316","Mangoes, guavas and mangosteens","2024","2024","t","308343.23","E","Estimated value",""
"QCL","Crops and livestock products","450","Madagascar","5510","Production","21111.01","Meat of cattle with the bone, fresh or chilled","2024","2024","t","24978.54","I","Value imputed by a receiving agency",""
"QCL","Crops and livestock products","450","Madagascar","5510","Production","21121","Meat of chickens, fresh or chilled","2024","2024","t","55453.15","I","Value imputed by a receiving agency",""
"QCL","Crops and livestock products","450","Madagascar","5510","Production","21122","Meat of ducks, fresh or chilled","2024","2024","t","12756.78","I","Value imputed by a receiving agency",""
"QCL","Crops and livestock products","450","Madagascar","5510","Production","21123","Meat of geese, fresh or chilled","2024","2024","t","12730.35","I","Value imputed by a receiving agency",""
"QCL","Crops and livestock products","450","Madagascar","5510","Production","21116","Meat of goat, fresh or chilled","2024","2024","t","3777.74","I","Value imputed by a receiving agency",""
"QCL","Crops and livestock products","450","Madagascar","5510","Production","21113.01","Meat of pig with the bone, fresh or chilled","2024","2024","t","31577.6","I","Value imputed by a receiving agency",""
"QCL","Crops and livestock products","450","Madagascar","5510","Production","21114","Meat of rabbits and hares, fresh or chilled","2024","2024","t","798.49","I","Value imputed by a receiving agency",""
"QCL","Crops and livestock products","450","Madagascar","5510","Production","21115","Meat of sheep, fresh or chilled","2024","2024","t","1425.72","I","Value imputed by a receiving agency",""
"QCL","Crops and livestock products","450","Madagascar","5510","Production","21124","Meat of turkeys, fresh or chilled","2024","2024","t","10407.88","I","Value imputed by a receiving agency",""
"QCL","Crops and livestock products","450","Madagascar","5510","Production","01270","Mushrooms and truffles","2024","2024","t","3005.63","I","Value imputed by a receiving agency",""
"QCL","Crops and livestock products","450","Madagascar","5510","Production","02910","Natural honey","2024","2024","t","3995.28","I","Value imputed by a receiving agency",""
"QCL","Crops and livestock products","450","Madagascar","5312","Area harvested","01653","Nutmeg, mace, cardamoms, raw","2024","2024","ha","15","E","Estimated value",""
"QCL","Crops and livestock products","450","Madagascar","5510","Production","01653","Nutmeg, mace, cardamoms, raw","2024","2024","t","16.81","E","Estimated value",""
"QCL","Crops and livestock products","450","Madagascar","5312","Area harvested","01491.01","Oil palm fruit","2024","2024","ha","1812","I","Value imputed by a receiving agency",""
"QCL","Crops and livestock products","450","Madagascar","5510","Production","01491.01","Oil palm fruit","2024","2024","t","20990.91","I","Value imputed by a receiving agency",""
"QCL","Crops and livestock products","450","Madagascar","5312","Area harvested","01253.02","Onions and shallots, dry (excluding dehydrated)","2024","2024","ha","1983","E","Estimated value",""
"QCL","Crops and livestock products","450","Madagascar","5510","Production","01253.02","Onions and shallots, dry (excluding dehydrated)","2024","2024","t","10900.79","E","Estimated value",""
"QCL","Crops and livestock products","450","Madagascar","5312","Area harvested","01253.01","Onions and shallots, green","2024","2024","ha","185","E","Estimated value",""
"QCL","Crops and livestock products","450","Madagascar","5510","Production","01253.01","Onions and shallots, green","2024","2024","t","397.15","I","Value imputed by a receiving agency",""
"QCL","Crops and livestock products","450","Madagascar","5312","Area harvested","01323","Oranges","2024","2024","ha","13603","I","Value imputed by a receiving agency",""
"QCL","Crops and livestock products","450","Madagascar","5510","Production","01323","Oranges","2024","2024","t","83827.2","I","Value imputed by a receiving agency",""
"QCL","Crops and livestock products","450","Madagascar","5312","Area harvested","01241.90","Other beans, green","2024","2024","ha","458","E","Estimated value",""
"QCL","Crops and livestock products","450","Madagascar","5510","Production","01241.90","Other beans, green","2024","2024","t","1066.56","I","Value imputed by a receiving agency",""
"QCL","Crops and livestock products","450","Madagascar","5312","Area harvested","01929.90","Other fibre crops, raw, n.e.c.","2024","2024","ha","11346","I","Value imputed by a receiving agency",""
"QCL","Crops and livestock products","450","Madagascar","5510","Production","01929.90","Other fibre crops, raw, n.e.c.","2024","2024","t","6533.73","I","Value imputed by a receiving agency",""
"QCL","Crops and livestock products","450","Madagascar","5312","Area harvested","01359.90","Other fruits, n.e.c.","2024","2024","ha","1823","E","Estimated value",""
"QCL","Crops and livestock products","450","Madagascar","5510","Production","01359.90","Other fruits, n.e.c.","2024","2024","t","12532.23","E","Estimated value",""
"QCL","Crops and livestock products","450","Madagascar","5312","Area harvested","01379.90","Other nuts (excluding wild edible nuts and groundnuts), in shell, n.e.c.","2024","2024","ha","1029","I","Value imputed by a receiving agency",""
"QCL","Crops and livestock products","450","Madagascar","5510","Production","01379.90","Other nuts (excluding wild edible nuts and groundnuts), in shell, n.e.c.","2024","2024","t","4630.92","I","Value imputed by a receiving agency",""
"QCL","Crops and livestock products","450","Madagascar","5312","Area harvested","01449.90","Other oil seeds, n.e.c.","2024","2024","ha","515","I","Value imputed by a receiving agency",""
"QCL","Crops and livestock products","450","Madagascar","5510","Production","01449.90","Other oil seeds, n.e.c.","2024","2024","t","379.44","I","Value imputed by a receiving agency",""
"QCL","Crops and livestock products","450","Madagascar","5312","Area harvested","01709.90","Other pulses n.e.c.","2024","2024","ha","11932","E","Estimated value",""
"QCL","Crops and livestock products","450","Madagascar","5510","Production","01709.90","Other pulses n.e.c.","2024","2024","t","13954.79","E","Estimated value",""
"QCL","Crops and livestock products","450","Madagascar","5312","Area harvested","01699","Other stimulant, spice and aromatic crops, n.e.c.","2024","2024","ha","234","E","Estimated value",""
"QCL","Crops and livestock products","450","Madagascar","5510","Production","01699","Other stimulant, spice and aromatic crops, n.e.c.","2024","2024","t","430.75","E","Estimated value",""
"QCL","Crops and livestock products","450","Madagascar","5312","Area harvested","01319","Other tropical fruits, n.e.c.","2024","2024","ha","60244","I","Value imputed by a receiving agency",""
"QCL","Crops and livestock products","450","Madagascar","5510","Production","01319","Other tropical fruits, n.e.c.","2024","2024","t","252588","I","Value imputed by a receiving agency",""
"QCL","Crops and livestock products","450","Madagascar","5312","Area harvested","01290.90","Other vegetables, fresh n.e.c.","2024","2024","ha","34505","E","Estimated value",""
"QCL","Crops and livestock products","450","Madagascar","5510","Production","01290.90","Other vegetables, fresh n.e.c.","2024","2024","t","374746.15","I","Value imputed by a receiving agency",""
"QCL","Crops and livestock products","450","Madagascar","5312","Area harvested","01345","Peaches and nectarines","2024","2024","ha","3659","I","Value imputed by a receiving agency",""
"QCL","Crops and livestock products","450","Madagascar","5510","Production","01345","Peaches and nectarines","2024","2024","t","11343.22","I","Value imputed by a receiving agency",""
"QCL","Crops and livestock products","450","Madagascar","5312","Area harvested","01342.01","Pears","2024","2024","ha","1014","I","Value imputed by a receiving agency",""
"QCL","Crops and livestock products","450","Madagascar","5510","Production","01342.01","Pears","2024","2024","t","1443.98","E","Estimated value",""
"QCL","Crops and livestock products","450","Madagascar","5312","Area harvested","01705","Peas, dry","2024","2024","ha","16591","E","Estimated value",""
"QCL","Crops and livestock products","450","Madagascar","5510","Production","01705","Peas, dry","2024","2024","t","20399.12","E","Estimated value",""
"QCL","Crops and livestock products","450","Madagascar","5312","Area harvested","01242","Peas, green","2024","2024","ha","1362","E","Estimated value",""
"QCL","Crops and livestock products","450","Madagascar","5510","Production","01242","Peas, green","2024","2024","t","1439.21","E","Estimated value",""
"QCL","Crops and livestock products","450","Madagascar","5312","Area harvested","01651","Pepper (Piper spp.), raw","2024","2024","ha","8429","E","Estimated value",""
"QCL","Crops and livestock products","450","Madagascar","5510","Production","01651","Pepper (Piper spp.), raw","2024","2024","t","4836.14","E","Estimated value",""
"QCL","Crops and livestock products","450","Madagascar","5312","Area harvested","01318","Pineapples","2024","2024","ha","15899","E","Estimated value",""
"QCL","Crops and livestock products","450","Madagascar","5510","Production","01318","Pineapples","2024","2024","t","88423.89","E","Estimated value",""
"QCL","Crops and livestock products","450","Madagascar","5312","Area harvested","01375","Pistachios, in shell","2024","2024","ha","13236","E","Estimated value",""
"QCL","Crops and livestock products","450","Madagascar","5510","Production","01375","Pistachios, in shell","2024","2024","t","5034.29","E","Estimated value",""
"QCL","Crops and livestock products","450","Madagascar","5312","Area harvested","01346","Plums and sloes","2024","2024","ha","484","I","Value imputed by a receiving agency",""
"QCL","Crops and livestock products","450","Madagascar","5510","Production","01346","Plums and sloes","2024","2024","t","2366.57","E","Estimated value",""
"QCL","Crops and livestock products","450","Madagascar","5312","Area harvested","01321","Pomelos and grapefruits","2024","2024","ha","1611","E","Estimated value",""
"QCL","Crops and livestock products","450","Madagascar","5510","Production","01321","Pomelos and grapefruits","2024","2024","t","12630.06","E","Estimated value",""
"QCL","Crops and livestock products","450","Madagascar","5312","Area harvested","01510","Potatoes","2024","2024","ha","41109","I","Value imputed by a receiving agency",""
"QCL","Crops and livestock products","450","Madagascar","5510","Production","01510","Potatoes","2024","2024","t","248207.68","I","Value imputed by a receiving agency",""
"QCL","Crops and livestock products","450","Madagascar","5510","Production","02951.01","Raw hides and skins of cattle","2024","2024","t","3546.95","I","Value imputed by a receiving agency",""
"QCL","Crops and livestock products","450","Madagascar","5510","Production","02954","Raw hides and skins of goats or kids","2024","2024","t","517.39","I","Value imputed by a receiving agency",""
"QCL","Crops and livestock products","450","Madagascar","5510","Production","02953","Raw hides and skins of sheep or lambs","2024","2024","t","237.62","I","Value imputed by a receiving agency",""
"QCL","Crops and livestock products","450","Madagascar","5510","Production","02211","Raw milk of cattle","2024","2024","t","415932.56","I","Value imputed by a receiving agency",""
"QCL","Crops and livestock products","450","Madagascar","5312","Area harvested","0113","Rice","2024","2024","ha","2040884","I","Value imputed by a receiving agency",""
"QCL","Crops and livestock products","450","Madagascar","5510","Production","0113","Rice","2024","2024","t","4970000","X","Value from external organization","Unofficial figure"
"QCL","Crops and livestock products","450","Madagascar","5312","Area harvested","01921.01","Seed cotton, unginned","2024","2024","ha","13122","E","Estimated value",""
"QCL","Crops and livestock products","450","Madagascar","5510","Production","01921.01","Seed cotton, unginned","2024","2024","t","13850.66","E","Estimated value",""
"QCL","Crops and livestock products","450","Madagascar","5510","Production","21514","Sheep fat, unrendered","2024","2024","t","47.52","I","Value imputed by a receiving agency",""
"QCL","Crops and livestock products","450","Madagascar","5510","Production","02944","Silk-worm cocoons suitable for reeling","2024","2024","t","57","E","Estimated value",""
"QCL","Crops and livestock products","450","Madagascar","5312","Area harvested","01929.05","Sisal, raw","2024","2024","ha","13899","I","Value imputed by a receiving agency",""
"QCL","Crops and livestock products","450","Madagascar","5510","Production","01929.05","Sisal, raw","2024","2024","t","17592.36","I","Value imputed by a receiving agency",""
"QCL","Crops and livestock products","450","Madagascar","5312","Area harvested","0114","Sorghum","2024","2024","ha","2447","E","Estimated value",""
"QCL","Crops and livestock products","450","Madagascar","5510","Production","0114","Sorghum","2024","2024","t","1387.16","E","Estimated value",""
"QCL","Crops and livestock products","450","Madagascar","5312","Area harvested","0141","Soya beans","2024","2024","ha","79","I","Value imputed by a receiving agency",""
"QCL","Crops and livestock products","450","Madagascar","5510","Production","0141","Soya beans","2024","2024","t","47.91","I","Value imputed by a receiving agency",""
"QCL","Crops and livestock products","450","Madagascar","5312","Area harvested","01802","Sugar cane","2024","2024","ha","100974","E","Estimated value",""
"QCL","Crops and livestock products","450","Madagascar","5510","Production","01802","Sugar cane","2024","2024","t","3162265.26","E","Estimated value",""
"QCL","Crops and livestock products","450","Madagascar","5312","Area harvested","01530","Sweet potatoes","2024","2024","ha","150429","I","Value imputed by a receiving agency",""
"QCL","Crops and livestock products","450","Madagascar","5510","Production","01530","Sweet potatoes","2024","2024","t","1298146.95","I","Value imputed by a receiving agency",""
"QCL","Crops and livestock products","450","Madagascar","5312","Area harvested","01550","Taro","2024","2024","ha","39102","I","Value imputed by a receiving agency",""
"QCL","Crops and livestock products","450","Madagascar","5510","Production","01550","Taro","2024","2024","t","234693.42","I","Value imputed by a receiving agency",""
"QCL","Crops and livestock products","450","Madagascar","5312","Area harvested","01620","Tea leaves","2024","2024","ha","1052","E","Estimated value",""
"QCL","Crops and livestock products","450","Madagascar","5510","Production","01620","Tea leaves","2024","2024","t","397.07","I","Value imputed by a receiving agency",""
"QCL","Crops and livestock products","450","Madagascar","5312","Area harvested","01234","Tomatoes","2024","2024","ha","4926","E","Estimated value",""
"QCL","Crops and livestock products","450","Madagascar","5510","Production","01234","Tomatoes","2024","2024","t","41109.42","I","Value imputed by a receiving agency",""
"QCL","Crops and livestock products","450","Madagascar","5312","Area harvested","01499.02","Tung nuts","2024","2024","ha","4268","I","Value imputed by a receiving agency",""
"QCL","Crops and livestock products","450","Madagascar","5510","Production","01499.02","Tung nuts","2024","2024","t","2763.99","I","Value imputed by a receiving agency",""
"QCL","Crops and livestock products","450","Madagascar","5312","Area harvested","01970","Unmanufactured tobacco","2024","2024","ha","1481","E","Estimated value",""
"QCL","Crops and livestock products","450","Madagascar","5510","Production","01970","Unmanufactured tobacco","2024","2024","t","919.05","E","Estimated value",""
"QCL","Crops and livestock products","450","Madagascar","5312","Area harvested","01658","Vanilla, raw","2024","2024","ha","74482","E","Estimated value",""
"QCL","Crops and livestock products","450","Madagascar","5510","Production","01658","Vanilla, raw","2024","2024","t","3089.54","E","Estimated value",""
"QCL","Crops and livestock products","450","Madagascar","5312","Area harvested","0111","Wheat","2024","2024","ha","415","I","Value imputed by a receiving agency",""
"QCL","Crops and livestock products","450","Madagascar","5510","Production","0111","Wheat","2024","2024","t","1000","X","Value from external organization","Unofficial figure"
"QCL","Crops and livestock products","454","Malawi","5312","Area harvested","01654","Anise, badian, coriander, cumin, caraway, fennel and juniper berries, raw","2024","2024","ha","146","E","Estimated value",""
"QCL","Crops and livestock products","454","Malawi","5510","Production","01654","Anise, badian, coriander, cumin, caraway, fennel and juniper berries, raw","2024","2024","t","82.85","E","Estimated value",""
"QCL","Crops and livestock products","454","Malawi","5312","Area harvested","01341","Apples","2024","2024","ha","736","I","Value imputed by a receiving agency",""
"QCL","Crops and livestock products","454","Malawi","5510","Production","01341","Apples","2024","2024","t","2947.8","E","Estimated value",""
"QCL","Crops and livestock products","454","Malawi","5312","Area harvested","01311","Avocados","2024","2024","ha","23247","I","Value imputed by a receiving agency",""
"QCL","Crops and livestock products","454","Malawi","5510","Production","01311","Avocados","2024","2024","t","122546.71","I","Value imputed by a receiving agency",""
"QCL","Crops and livestock products","454","Malawi","5312","Area harvested","01312","Bananas","2024","2024","ha","58474","I","Value imputed by a receiving agency",""
"QCL","Crops and livestock products","454","Malawi","5510","Production","01312","Bananas","2024","2024","t","1131259.42","I","Value imputed by a receiving agency",""
"QCL","Crops and livestock products","454","Malawi","5312","Area harvested","01701","Beans, dry","2024","2024","ha","388909","I","Value imputed by a receiving agency",""
"QCL","Crops and livestock products","454","Malawi","5510","Production","01701","Beans, dry","2024","2024","t","239773.51","I","Value imputed by a receiving agency",""
"QCL","Crops and livestock products","454","Malawi","5312","Area harvested","01243","Broad beans and horse beans, green","2024","2024","ha","151","E","Estimated value",""
"QCL","Crops and livestock products","454","Malawi","5510","Production","01243","Broad beans and horse beans, green","2024","2024","t","1328.25","E","Estimated value",""
"QCL","Crops and livestock products","454","Malawi","5312","Area harvested","01212","Cabbages","2024","2024","ha","11441","I","Value imputed by a receiving agency",""
"QCL","Crops and livestock products","454","Malawi","5510","Production","01212","Cabbages","2024","2024","t","252426.95","I","Value imputed by a receiving agency",""
"QCL","Crops and livestock products","454","Malawi","5312","Area harvested","01251","Carrots and turnips","2024","2024","ha","205","I","Value imputed by a receiving agency",""
"QCL","Crops and livestock products","454","Malawi","5510","Production","01251","Carrots and turnips","2024","2024","t","4107.71","I","Value imputed by a receiving agency",""
"QCL","Crops and livestock products","454","Malawi","5312","Area harvested","01372","Cashew nuts, in shell","2024","2024","ha","100","I","Value imputed by a receiving agency",""
"QCL","Crops and livestock products","454","Malawi","5510","Production","01372","Cashew nuts, in shell","2024","2024","t","215.6","I","Value imputed by a receiving agency",""
"QCL","Crops and livestock products","454","Malawi","5312","Area harvested","01520.01","Cassava, fresh","2024","2024","ha","246235","I","Value imputed by a receiving agency",""
"QCL","Crops and livestock products","454","Malawi","5510","Production","01520.01","Cassava, fresh","2024","2024","t","6278880.49","I","Value imputed by a receiving agency",""
"QCL","Crops and livestock products","454","Malawi","5510","Production","21512","Cattle fat, unrendered","2024","2024","t","1473.23","I","Value imputed by a receiving agency",""
"QCL","Crops and livestock products","454","Malawi","5312","Area harvested","01703","Chick peas, dry","2024","2024","ha","2019","I","Value imputed by a receiving agency",""
"QCL","Crops and livestock products","454","Malawi","5510","Production","01703","Chick peas, dry","2024","2024","t","1758.38","I","Value imputed by a receiving agency",""
"QCL","Crops and livestock products","454","Malawi","5312","Area harvested","01652","Chillies and peppers, dry (Capsicum spp., Pimenta spp.), raw","2024","2024","ha","2021","E","Estimated value",""
"QCL","Crops and livestock products","454","Malawi","5510","Production","01652","Chillies and peppers, dry (Capsicum spp., Pimenta spp.), raw","2024","2024","t","1323.39","E","Estimated value",""
"QCL","Crops and livestock products","454","Malawi","5312","Area harvested","01231","Chillies and peppers, green (Capsicum spp. and Pimenta spp.)","2024","2024","ha","177","E","Estimated value",""
"QCL","Crops and livestock products","454","Malawi","5510","Production","01231","Chillies and peppers, green (Capsicum spp. and Pimenta spp.)","2024","2024","t","726.94","E","Estimated value",""
"QCL","Crops and livestock products","454","Malawi","5312","Area harvested","01610","Coffee, green","2024","2024","ha","3762","I","Value imputed by a receiving agency",""
"QCL","Crops and livestock products","454","Malawi","5510","Production","01610","Coffee, green","2024","2024","t","11223.46","I","Value imputed by a receiving agency",""
"QCL","Crops and livestock products","454","Malawi","5312","Area harvested","01706","Cow peas, dry","2024","2024","ha","124813","I","Value imputed by a receiving agency",""
"QCL","Crops and livestock products","454","Malawi","5510","Production","01706","Cow peas, dry","2024","2024","t","58270.42","I","Value imputed by a receiving agency",""
"QCL","Crops and livestock products","454","Malawi","5312","Area harvested","01232","Cucumbers and gherkins","2024","2024","ha","992","E","Estimated value",""
"QCL","Crops and livestock products","454","Malawi","5510","Production","01232","Cucumbers and gherkins","2024","2024","t","23484.79","E","Estimated value",""
"QCL","Crops and livestock products","454","Malawi","5510","Production","21151","Edible offal of cattle, fresh, chilled or frozen","2024","2024","t","8839.38","I","Value imputed by a receiving agency",""
"QCL","Crops and livestock products","454","Malawi","5510","Production","21156","Edible offal of goat, fresh, chilled or frozen","2024","2024","t","14371.69","I","Value imputed by a receiving agency",""
"QCL","Crops and livestock products","454","Malawi","5510","Production","21153","Edible offal of pigs, fresh, chilled or frozen","2024","2024","t","17802.72","I","Value imputed by a receiving agency",""
"QCL","Crops and livestock products","454","Malawi","5510","Production","21155","Edible offal of sheep, fresh, chilled or frozen","2024","2024","t","327.99","I","Value imputed by a receiving agency",""
"QCL","Crops and livestock products","454","Malawi","5312","Area harvested","01233","Eggplants (aubergines)","2024","2024","ha","973","E","Estimated value",""
"QCL","Crops and livestock products","454","Malawi","5510","Production","01233","Eggplants (aubergines)","2024","2024","t","29502.65","E","Estimated value",""
"QCL","Crops and livestock products","454","Malawi","5510","Production","21511.01","Fat of pigs","2024","2024","t","26704.08","I","Value imputed by a receiving agency",""
"QCL","Crops and livestock products","454","Malawi","5510","Production","21515","Goat fat, unrendered","2024","2024","t","2586.9","I","Value imputed by a receiving agency",""
"QCL","Crops and livestock products","454","Malawi","5312","Area harvested","01330","Grapes","2024","2024","ha","38","E","Estimated value",""
"QCL","Crops and livestock products","454","Malawi","5510","Production","01330","Grapes","2024","2024","t","209","I","Value imputed by a receiving agency",""
"QCL","Crops and livestock products","454","Malawi","5312","Area harvested","01252","Green garlic","2024","2024","ha","46","E","Estimated value",""
"QCL","Crops and livestock products","454","Malawi","5510","Production","01252","Green garlic","2024","2024","t","333.31","E","Estimated value",""
"QCL","Crops and livestock products","454","Malawi","5312","Area harvested","0142","Groundnuts, excluding shelled","2024","2024","ha","400000","X","Value from external organization","Unofficial figure"
"QCL","Crops and livestock products","454","Malawi","5510","Production","0142","Groundnuts, excluding shelled","2024","2024","t","350000","X","Value from external organization","Unofficial figure"
"QCL","Crops and livestock products","454","Malawi","5510","Production","0231","Hen eggs in shell, fresh","2024","2024","t","24315.67","I","Value imputed by a receiving agency",""
"QCL","Crops and livestock products","454","Malawi","5513","Production","0231","Hen eggs in shell, fresh","2024","2024","1000 No","565481","I","Value imputed by a receiving agency",""
"QCL","Crops and livestock products","454","Malawi","5312","Area harvested","01322","Lemons and limes","2024","2024","ha","4251","I","Value imputed by a receiving agency",""
"QCL","Crops and livestock products","454","Malawi","5510","Production","01322","Lemons and limes","2024","2024","t","24133.3","I","Value imputed by a receiving agency",""
"QCL","Crops and livestock products","454","Malawi","5312","Area harvested","01704","Lentils, dry","2024","2024","ha","2343","I","Value imputed by a receiving agency",""
"QCL","Crops and livestock products","454","Malawi","5510","Production","01704","Lentils, dry","2024","2024","t","1237.75","I","Value imputed by a receiving agency",""
"QCL","Crops and livestock products","454","Malawi","5312","Area harvested","0112","Maize (corn)","2024","2024","ha","1500000","X","Value from external organization","Unofficial figure"
"QCL","Crops and livestock products","454","Malawi","5510","Production","0112","Maize (corn)","2024","2024","t","3000000","X","Value from external organization","Unofficial figure"
"QCL","Crops and livestock products","454","Malawi","5312","Area harvested","01316","Mangoes, guavas and mangosteens","2024","2024","ha","36552","I","Value imputed by a receiving agency",""
"QCL","Crops and livestock products","454","Malawi","5510","Production","01316","Mangoes, guavas and mangosteens","2024","2024","t","1384976.44","I","Value imputed by a receiving agency",""
"QCL","Crops and livestock products","454","Malawi","5510","Production","21111.01","Meat of cattle with the bone, fresh or chilled","2024","2024","t","73661.51","I","Value imputed by a receiving agency",""
"QCL","Crops and livestock products","454","Malawi","5510","Production","21121","Meat of chickens, fresh or chilled","2024","2024","t","111034.91","I","Value imputed by a receiving agency",""
"QCL","Crops and livestock products","454","Malawi","5510","Production","21116","Meat of goat, fresh or chilled","2024","2024","t","77607.13","I","Value imputed by a receiving agency",""
"QCL","Crops and livestock products","454","Malawi","5510","Production","21113.01","Meat of pig with the bone, fresh or chilled","2024","2024","t","438709.82","I","Value imputed by a receiving agency",""
"QCL","Crops and livestock products","454","Malawi","5510","Production","21115","Meat of sheep, fresh or chilled","2024","2024","t","2087.18","I","Value imputed by a receiving agency",""
"QCL","Crops and livestock products","454","Malawi","5312","Area harvested","0118","Millet","2024","2024","ha","69059","I","Value imputed by a receiving agency",""
"QCL","Crops and livestock products","454","Malawi","5510","Production","0118","Millet","2024","2024","t","50144.54","I","Value imputed by a receiving agency",""
"QCL","Crops and livestock products","454","Malawi","5312","Area harvested","01653","Nutmeg, mace, cardamoms, raw","2024","2024","ha","144","E","Estimated value",""
"QCL","Crops and livestock products","454","Malawi","5510","Production","01653","Nutmeg, mace, cardamoms, raw","2024","2024","t","90.83","E","Estimated value",""
"QCL","Crops and livestock products","454","Malawi","5312","Area harvested","01239.01","Okra","2024","2024","ha","1442","I","Value imputed by a receiving agency",""
"QCL","Crops and livestock products","454","Malawi","5510","Production","01239.01","Okra","2024","2024","t","2874.55","E","Estimated value",""
"QCL","Crops and livestock products","454","Malawi","5312","Area harvested","01253.02","Onions and shallots, dry (excluding dehydrated)","2024","2024","ha","15447","I","Value imputed by a receiving agency",""
"QCL","Crops and livestock products","454","Malawi","5510","Production","01253.02","Onions and shallots, dry (excluding dehydrated)","2024","2024","t","311481.99","I","Value imputed by a receiving agency",""
"QCL","Crops and livestock products","454","Malawi","5312","Area harvested","01323","Oranges","2024","2024","ha","13928","I","Value imputed by a receiving agency",""
"QCL","Crops and livestock products","454","Malawi","5510","Production","01323","Oranges","2024","2024","t","95945.1","I","Value imputed by a receiving agency",""
"QCL","Crops and livestock products","454","Malawi","5312","Area harvested","01329","Other citrus fruit, n.e.c.","2024","2024","ha","426","E","Estimated value",""
"QCL","Crops and livestock products","454","Malawi","5510","Production","01329","Other citrus fruit, n.e.c.","2024","2024","t","2705.6","I","Value imputed by a receiving agency",""
"QCL","Crops and livestock products","454","Malawi","5312","Area harvested","01359.90","Other fruits, n.e.c.","2024","2024","ha","48730","E","Estimated value",""
"QCL","Crops and livestock products","454","Malawi","5510","Production","01359.90","Other fruits, n.e.c.","2024","2024","t","249109.56","E","Estimated value",""
"QCL","Crops and livestock products","454","Malawi","5312","Area harvested","01379.90","Other nuts (excluding wild edible nuts and groundnuts), in shell, n.e.c.","2024","2024","ha","5035","E","Estimated value",""
"QCL","Crops and livestock products","454","Malawi","5510","Production","01379.90","Other nuts (excluding wild edible nuts and groundnuts), in shell, n.e.c.","2024","2024","t","4957.39","E","Estimated value",""
"QCL","Crops and livestock products","454","Malawi","5312","Area harvested","01709.90","Other pulses n.e.c.","2024","2024","ha","24331","I","Value imputed by a receiving agency",""
"QCL","Crops and livestock products","454","Malawi","5510","Production","01709.90","Other pulses n.e.c.","2024","2024","t","24177.88","I","Value imputed by a receiving agency",""
"QCL","Crops and livestock products","454","Malawi","5312","Area harvested","01699","Other stimulant, spice and aromatic crops, n.e.c.","2024","2024","ha","908","I","Value imputed by a receiving agency",""
"QCL","Crops and livestock products","454","Malawi","5510","Production","01699","Other stimulant, spice and aromatic crops, n.e.c.","2024","2024","t","774.22","E","Estimated value",""
"QCL","Crops and livestock products","454","Malawi","5312","Area harvested","01319","Other tropical fruits, n.e.c.","2024","2024","ha","3782","E","Estimated value",""
"QCL","Crops and livestock products","454","Malawi","5510","Production","01319","Other tropical fruits, n.e.c.","2024","2024","t","16461.72","E","Estimated value",""
"QCL","Crops and livestock products","454","Malawi","5312","Area harvested","01290.90","Other vegetables, fresh n.e.c.","2024","2024","ha","71849","E","Estimated value",""
"QCL","Crops and livestock products","454","Malawi","5510","Production","01290.90","Other vegetables, fresh n.e.c.","2024","2024","t","235986.83","E","Estimated value",""
"QCL","Crops and livestock products","454","Malawi","5312","Area harvested","01317","Papayas","2024","2024","ha","5020","E","Estimated value",""
"QCL","Crops and livestock products","454","Malawi","5510","Production","01317","Papayas","2024","2024","t","60739.84","E","Estimated value",""
"QCL","Crops and livestock products","454","Malawi","5312","Area harvested","01345","Peaches and nectarines","2024","2024","ha","1683","E","Estimated value",""
"QCL","Crops and livestock products","454","Malawi","5510","Production","01345","Peaches and nectarines","2024","2024","t","12315.29","E","Estimated value",""
"QCL","Crops and livestock products","454","Malawi","5312","Area harvested","01705","Peas, dry","2024","2024","ha","49885","I","Value imputed by a receiving agency",""
"QCL","Crops and livestock products","454","Malawi","5510","Production","01705","Peas, dry","2024","2024","t","43817.04","I","Value imputed by a receiving agency",""
"QCL","Crops and livestock products","454","Malawi","5312","Area harvested","01242","Peas, green","2024","2024","ha","1137","E","Estimated value",""
"QCL","Crops and livestock products","454","Malawi","5510","Production","01242","Peas, green","2024","2024","t","2352.12","E","Estimated value",""
"QCL","Crops and livestock products","454","Malawi","5312","Area harvested","01651","Pepper (Piper spp.), raw","2024","2024","ha","463","E","Estimated value",""
"QCL","Crops and livestock products","454","Malawi","5510","Production","01651","Pepper (Piper spp.), raw","2024","2024","t","346.08","E","Estimated value",""
"QCL","Crops and livestock products","454","Malawi","5312","Area harvested","01707","Pigeon peas, dry","2024","2024","ha","263902","I","Value imputed by a receiving agency",""
"QCL","Crops and livestock products","454","Malawi","5510","Production","01707","Pigeon peas, dry","2024","2024","t","473662.07","I","Value imputed by a receiving agency",""
"QCL","Crops and livestock products","454","Malawi","5312","Area harvested","01318","Pineapples","2024","2024","ha","9074","E","Estimated value",""
"QCL","Crops and livestock products","454","Malawi","5510","Production","01318","Pineapples","2024","2024","t","384714.46","I","Value imputed by a receiving agency",""
"QCL","Crops and livestock products","454","Malawi","5312","Area harvested","01313","Plantains and cooking bananas","2024","2024","ha","36821","I","Value imputed by a receiving agency",""
"QCL","Crops and livestock products","454","Malawi","5510","Production","01313","Plantains and cooking bananas","2024","2024","t","397654.11","E","Estimated value",""
"QCL","Crops and livestock products","454","Malawi","5312","Area harvested","01346","Plums and sloes","2024","2024","ha","26","E","Estimated value",""
"QCL","Crops and livestock products","454","Malawi","5510","Production","01346","Plums and sloes","2024","2024","t","148.83","I","Value imputed by a receiving agency",""
"QCL","Crops and livestock products","454","Malawi","5312","Area harvested","01510","Potatoes","2024","2024","ha","75977","I","Value imputed by a receiving agency",""
"QCL","Crops and livestock products","454","Malawi","5510","Production","01510","Potatoes","2024","2024","t","1457542.38","I","Value imputed by a receiving agency",""
"QCL","Crops and livestock products","454","Malawi","5312","Area harvested","01235","Pumpkins, squash and gourds","2024","2024","ha","19156","E","Estimated value",""
"QCL","Crops and livestock products","454","Malawi","5510","Production","01235","Pumpkins, squash and gourds","2024","2024","t","421379.99","E","Estimated value",""
"QCL","Crops and livestock products","454","Malawi","5510","Production","02951.01","Raw hides and skins of cattle","2024","2024","t","7366.15","I","Value imputed by a receiving agency",""
"QCL","Crops and livestock products","454","Malawi","5510","Production","02954","Raw hides and skins of goats or kids","2024","2024","t","13653.11","I","Value imputed by a receiving agency",""
"QCL","Crops and livestock products","454","Malawi","5510","Production","02953","Raw hides and skins of sheep or lambs","2024","2024","t","313.08","I","Value imputed by a receiving agency",""
"QCL","Crops and livestock products","454","Malawi","5510","Production","02211","Raw milk of cattle","2024","2024","t","71318.05","I","Value imputed by a receiving agency",""
"QCL","Crops and livestock products","454","Malawi","5510","Production","02292","Raw milk of goats","2024","2024","t","153864.85","I","Value imputed by a receiving agency",""
"QCL","Crops and livestock products","454","Malawi","5510","Production","02291","Raw milk of sheep","2024","2024","t","7580.76","I","Value imputed by a receiving agency",""
"QCL","Crops and livestock products","454","Malawi","5312","Area harvested","0113","Rice","2024","2024","ha","80100","A","Official value",""
"QCL","Crops and livestock products","454","Malawi","5510","Production","0113","Rice","2024","2024","t","127000","A","Official value",""
"QCL","Crops and livestock products","454","Malawi","5312","Area harvested","01921.01","Seed cotton, unginned","2024","2024","ha","41892","I","Value imputed by a receiving agency",""
"QCL","Crops and livestock products","454","Malawi","5510","Production","01921.01","Seed cotton, unginned","2024","2024","t","24398.01","I","Value imputed by a receiving agency",""
"QCL","Crops and livestock products","454","Malawi","5312","Area harvested","01444","Sesame seed","2024","2024","ha","26327","I","Value imputed by a receiving agency",""
"QCL","Crops and livestock products","454","Malawi","5510","Production","01444","Sesame seed","2024","2024","t","10933.97","I","Value imputed by a receiving agency",""
"QCL","Crops and livestock products","454","Malawi","5510","Production","21514","Sheep fat, unrendered","2024","2024","t","59.63","I","Value imputed by a receiving agency",""
"QCL","Crops and livestock products","454","Malawi","5312","Area harvested","01929.05","Sisal, raw","2024","2024","ha","614","I","Value imputed by a receiving agency",""
"QCL","Crops and livestock products","454","Malawi","5510","Production","01929.05","Sisal, raw","2024","2024","t","142.61","E","Estimated value",""
"QCL","Crops and livestock products","454","Malawi","5312","Area harvested","0114","Sorghum","2024","2024","ha","96872","I","Value imputed by a receiving agency",""
"QCL","Crops and livestock products","454","Malawi","5510","Production","0114","Sorghum","2024","2024","t","102000","X","Value from external organization","Unofficial figure"
"QCL","Crops and livestock products","454","Malawi","5312","Area harvested","0141","Soya beans","2024","2024","ha","260000","X","Value from external organization","Unofficial figure"
"QCL","Crops and livestock products","454","Malawi","5510","Production","0141","Soya beans","2024","2024","t","305000","X","Value from external organization","Unofficial figure"
"QCL","Crops and livestock products","454","Malawi","5312","Area harvested","01354","Strawberries","2024","2024","ha","143","I","Value imputed by a receiving agency",""
"QCL","Crops and livestock products","454","Malawi","5510","Production","01354","Strawberries","2024","2024","t","133.54","I","Value imputed by a receiving agency",""
"QCL","Crops and livestock products","454","Malawi","5312","Area harvested","01241.01","String beans","2024","2024","ha","726","I","Value imputed by a receiving agency",""
"QCL","Crops and livestock products","454","Malawi","5510","Production","01241.01","String beans","2024","2024","t","18329.69","I","Value imputed by a receiving agency",""
"QCL","Crops and livestock products","454","Malawi","5312","Area harvested","01802","Sugar cane","2024","2024","ha","27584","I","Value imputed by a receiving agency",""
"QCL","Crops and livestock products","454","Malawi","5510","Production","01802","Sugar cane","2024","2024","t","2965639.29","I","Value imputed by a receiving agency",""
"QCL","Crops and livestock products","454","Malawi","5312","Area harvested","01445","Sunflower seed","2024","2024","ha","20000","X","Value from external organization","Unofficial figure"
"QCL","Crops and livestock products","454","Malawi","5510","Production","01445","Sunflower seed","2024","2024","t","22000","X","Value from external organization","Unofficial figure"
"QCL","Crops and livestock products","454","Malawi","5312","Area harvested","01530","Sweet potatoes","2024","2024","ha","314753","I","Value imputed by a receiving agency",""
"QCL","Crops and livestock products","454","Malawi","5510","Production","01530","Sweet potatoes","2024","2024","t","7980472.78","I","Value imputed by a receiving agency",""
"QCL","Crops and livestock products","454","Malawi","5312","Area harvested","01324","Tangerines, mandarins, clementines","2024","2024","ha","31516","I","Value imputed by a receiving agency",""
"QCL","Crops and livestock products","454","Malawi","5510","Production","01324","Tangerines, mandarins, clementines","2024","2024","t","285422.89","I","Value imputed by a receiving agency",""
"QCL","Crops and livestock products","454","Malawi","5312","Area harvested","01620","Tea leaves","2024","2024","ha","19883","I","Value imputed by a receiving agency",""
"QCL","Crops and livestock products","454","Malawi","5510","Production","01620","Tea leaves","2024","2024","t","247669.75","I","Value imputed by a receiving agency",""
"QCL","Crops and livestock products","454","Malawi","5312","Area harvested","01234","Tomatoes","2024","2024","ha","24410","I","Value imputed by a receiving agency",""
"QCL","Crops and livestock products","454","Malawi","5510","Production","01234","Tomatoes","2024","2024","t","680945.61","I","Value imputed by a receiving agency",""
"QCL","Crops and livestock products","454","Malawi","5312","Area harvested","01499.02","Tung nuts","2024","2024","ha","3833","I","Value imputed by a receiving agency",""
"QCL","Crops and livestock products","454","Malawi","5510","Production","01499.02","Tung nuts","2024","2024","t","4566.12","E","Estimated value",""
"QCL","Crops and livestock products","454","Malawi","5312","Area harvested","01970","Unmanufactured tobacco","2024","2024","ha","114292","I","Value imputed by a receiving agency",""
"QCL","Crops and livestock products","454","Malawi","5510","Production","01970","Unmanufactured tobacco","2024","2024","t","119957.29","I","Value imputed by a receiving agency",""
"QCL","Crops and livestock products","454","Malawi","5312","Area harvested","01658","Vanilla, raw","2024","2024","ha","76","I","Value imputed by a receiving agency",""
"QCL","Crops and livestock products","454","Malawi","5510","Production","01658","Vanilla, raw","2024","2024","t","19.86","I","Value imputed by a receiving agency",""
"QCL","Crops and livestock products","454","Malawi","5312","Area harvested","01221","Watermelons","2024","2024","ha","86","E","Estimated value",""
"QCL","Crops and livestock products","454","Malawi","5510","Production","01221","Watermelons","2024","2024","t","3049.92","E","Estimated value",""
"QCL","Crops and livestock products","454","Malawi","5312","Area harvested","0111","Wheat","2024","2024","ha","658","I","Value imputed by a receiving agency",""
"QCL","Crops and livestock products","454","Malawi","5510","Production","0111","Wheat","2024","2024","t","320.68","I","Value imputed by a receiving agency",""
"QCL","Crops and livestock products","478","Mauritania","5312","Area harvested","0115","Barley","2024","2024","ha","477","I","Value imputed by a receiving agency",""
"QCL","Crops and livestock products","478","Mauritania","5510","Production","0115","Barley","2024","2024","t","1475.88","E","Estimated value",""
"QCL","Crops and livestock products","478","Mauritania","5312","Area harvested","01701","Beans, dry","2024","2024","ha","11362","I","Value imputed by a receiving agency",""
"QCL","Crops and livestock products","478","Mauritania","5510","Production","01701","Beans, dry","2024","2024","t","13791.7","E","Estimated value",""
"QCL","Crops and livestock products","478","Mauritania","5510","Production","21512","Cattle fat, unrendered","2024","2024","t","899.44","I","Value imputed by a receiving agency",""
"QCL","Crops and livestock products","478","Mauritania","5312","Area harvested","01706","Cow peas, dry","2024","2024","ha","22493","I","Value imputed by a receiving agency",""
"QCL","Crops and livestock products","478","Mauritania","5510","Production","01706","Cow peas, dry","2024","2024","t","7948.09","I","Value imputed by a receiving agency",""
"QCL","Crops and livestock products","478","Mauritania","5312","Area harvested","01314","Dates","2024","2024","ha","9336","E","Estimated value",""
"QCL","Crops and livestock products","478","Mauritania","5510","Production","01314","Dates","2024","2024","t","22275.92","I","Value imputed by a receiving agency",""
"QCL","Crops and livestock products","478","Mauritania","5510","Production","21151","Edible offal of cattle, fresh, chilled or frozen","2024","2024","t","6088.51","I","Value imputed by a receiving agency",""
"QCL","Crops and livestock products","478","Mauritania","5510","Production","21156","Edible offal of goat, fresh, chilled or frozen","2024","2024","t","2550.53","I","Value imputed by a receiving agency",""
"QCL","Crops and livestock products","478","Mauritania","5510","Production","21153","Edible offal of pigs, fresh, chilled or frozen","2024","2024","t","","M","Missing value; data cannot exist",""
"QCL","Crops and livestock products","478","Mauritania","5510","Production","21155","Edible offal of sheep, fresh, chilled or frozen","2024","2024","t","6126.9","I","Value imputed by a receiving agency",""
"QCL","Crops and livestock products","478","Mauritania","5510","Production","21159.02","Edible offals of camels and other camelids, fresh, chilled or frozen","2024","2024","t","4764.54","I","Value imputed by a receiving agency",""
"QCL","Crops and livestock products","478","Mauritania","5510","Production","21159.01","Edible offals of horses and other equines, fresh, chilled or frozen","2024","2024","t","36.89","I","Value imputed by a receiving agency",""
"QCL","Crops and livestock products","478","Mauritania","5510","Production","21519.02","Fat of camels","2024","2024","t","805.27","I","Value imputed by a receiving agency",""
"QCL","Crops and livestock products","478","Mauritania","5510","Production","21511.01","Fat of pigs","2024","2024","t","","M","Missing value; data cannot exist",""
"QCL","Crops and livestock products","478","Mauritania","5510","Production","21515","Goat fat, unrendered","2024","2024","t","380.68","I","Value imputed by a receiving agency",""
"QCL","Crops and livestock products","478","Mauritania","5312","Area harvested","0142","Groundnuts, excluding shelled","2024","2024","ha","1082","E","Estimated value",""
"QCL","Crops and livestock products","478","Mauritania","5510","Production","0142","Groundnuts, excluding shelled","2024","2024","t","848.82","E","Estimated value",""
"QCL","Crops and livestock products","478","Mauritania","5510","Production","0231","Hen eggs in shell, fresh","2024","2024","t","5666.57","I","Value imputed by a receiving agency",""
"QCL","Crops and livestock products","478","Mauritania","5513","Production","0231","Hen eggs in shell, fresh","2024","2024","1000 No","157405","I","Value imputed by a receiving agency",""
"QCL","Crops and livestock products","478","Mauritania","5510","Production","21118.01","Horse meat, fresh or chilled","2024","2024","t","446.54","I","Value imputed by a receiving agency",""
"QCL","Crops and livestock products","478","Mauritania","5312","Area harvested","0112","Maize (corn)","2024","2024","ha","28000","X","Value from external organization","Unofficial figure"
"QCL","Crops and livestock products","478","Mauritania","5510","Production","0112","Maize (corn)","2024","2024","t","18000","X","Value from external organization","Unofficial figure"
"QCL","Crops and livestock products","478","Mauritania","5510","Production","21118.02","Meat of asses, fresh or chilled","2024","2024","t","3988.24","I","Value imputed by a receiving agency",""
"QCL","Crops and livestock products","478","Mauritania","5510","Production","21117.01","Meat of camels, fresh or chilled","2024","2024","t","28855.68","I","Value imputed by a receiving agency",""
"QCL","Crops and livestock products","478","Mauritania","5510","Production","21111.01","Meat of cattle with the bone, fresh or chilled","2024","2024","t","31134.44","I","Value imputed by a receiving agency",""
"QCL","Crops and livestock products","478","Mauritania","5510","Production","21121","Meat of chickens, fresh or chilled","2024","2024","t","4933.76","I","Value imputed by a receiving agency",""
"QCL","Crops and livestock products","478","Mauritania","5510","Production","21116","Meat of goat, fresh or chilled","2024","2024","t","19033.8","I","Value imputed by a receiving agency",""
"QCL","Crops and livestock products","478","Mauritania","5510","Production","21113.01","Meat of pig with the bone, fresh or chilled","2024","2024","t","","M","Missing value; data cannot exist",""
"QCL","Crops and livestock products","478","Mauritania","5510","Production","21115","Meat of sheep, fresh or chilled","2024","2024","t","45723.12","I","Value imputed by a receiving agency",""
"QCL","Crops and livestock products","478","Mauritania","5312","Area harvested","01449.01","Melonseed","2024","2024","ha","4222","I","Value imputed by a receiving agency",""
"QCL","Crops and livestock products","478","Mauritania","5510","Production","01449.01","Melonseed","2024","2024","t","2448.55","I","Value imputed by a receiving agency",""
"QCL","Crops and livestock products","478","Mauritania","5312","Area harvested","0118","Millet","2024","2024","ha","13000","X","Value from external organization","Unofficial figure"
"QCL","Crops and livestock products","478","Mauritania","5510","Production","0118","Millet","2024","2024","t","3000","X","Value from external organization","Unofficial figure"
"QCL","Crops and livestock products","478","Mauritania","5312","Area harvested","01359.90","Other fruits, n.e.c.","2024","2024","ha","846","E","Estimated value",""
"QCL","Crops and livestock products","478","Mauritania","5510","Production","01359.90","Other fruits, n.e.c.","2024","2024","t","3079.7","I","Value imputed by a receiving agency",""
"QCL","Crops and livestock products","478","Mauritania","5312","Area harvested","01709.90","Other pulses n.e.c.","2024","2024","ha","32825","E","Estimated value",""
"QCL","Crops and livestock products","478","Mauritania","5510","Production","01709.90","Other pulses n.e.c.","2024","2024","t","22182.55","E","Estimated value",""
"QCL","Crops and livestock products","478","Mauritania","5312","Area harvested","01290.90","Other vegetables, fresh n.e.c.","2024","2024","ha","895","E","Estimated value",""
"QCL","Crops and livestock products","478","Mauritania","5510","Production","01290.90","Other vegetables, fresh n.e.c.","2024","2024","t","4924.65","I","Value imputed by a receiving agency",""
"QCL","Crops and livestock products","478","Mauritania","5312","Area harvested","01705","Peas, dry","2024","2024","ha","30219","E","Estimated value",""
"QCL","Crops and livestock products","478","Mauritania","5510","Production","01705","Peas, dry","2024","2024","t","9050.05","E","Estimated value",""
"QCL","Crops and livestock products","478","Mauritania","5312","Area harvested","01510","Potatoes","2024","2024","ha","405","I","Value imputed by a receiving agency",""
"QCL","Crops and livestock products","478","Mauritania","5510","Production","01510","Potatoes","2024","2024","t","2393.42","E","Estimated value",""
"QCL","Crops and livestock products","478","Mauritania","5510","Production","02951.01","Raw hides and skins of cattle","2024","2024","t","4566.38","I","Value imputed by a receiving agency",""
"QCL","Crops and livestock products","478","Mauritania","5510","Production","02954","Raw hides and skins of goats or kids","2024","2024","t","2284.06","I","Value imputed by a receiving agency",""
"QCL","Crops and livestock products","478","Mauritania","5510","Production","02953","Raw hides and skins of sheep or lambs","2024","2024","t","6126.9","I","Value imputed by a receiving agency",""
"QCL","Crops and livestock products","478","Mauritania","5510","Production","02293","Raw milk of camel","2024","2024","t","26874.92","I","Value imputed by a receiving agency",""
"QCL","Crops and livestock products","478","Mauritania","5510","Production","02211","Raw milk of cattle","2024","2024","t","150882.93","I","Value imputed by a receiving agency",""
"QCL","Crops and livestock products","478","Mauritania","5510","Production","02292","Raw milk of goats","2024","2024","t","106336.87","I","Value imputed by a receiving agency",""
"QCL","Crops and livestock products","478","Mauritania","5510","Production","02291","Raw milk of sheep","2024","2024","t","79662.67","I","Value imputed by a receiving agency",""
"QCL","Crops and livestock products","478","Mauritania","5312","Area harvested","0113","Rice","2024","2024","ha","88500","E","Estimated value",""
"QCL","Crops and livestock products","478","Mauritania","5510","Production","0113","Rice","2024","2024","t","431700","A","Official value",""
"QCL","Crops and livestock products","478","Mauritania","5510","Production","21514","Sheep fat, unrendered","2024","2024","t","914.46","I","Value imputed by a receiving agency",""
"QCL","Crops and livestock products","478","Mauritania","5312","Area harvested","0114","Sorghum","2024","2024","ha","240000","X","Value from external organization","Unofficial figure"
"QCL","Crops and livestock products","478","Mauritania","5510","Production","0114","Sorghum","2024","2024","t","114000","X","Value from external organization","Unofficial figure"
"QCL","Crops and livestock products","478","Mauritania","5312","Area harvested","01530","Sweet potatoes","2024","2024","ha","2933","I","Value imputed by a receiving agency",""
"QCL","Crops and livestock products","478","Mauritania","5510","Production","01530","Sweet potatoes","2024","2024","t","5313.47","E","Estimated value",""
"QCL","Crops and livestock products","478","Mauritania","5312","Area harvested","01221","Watermelons","2024","2024","ha","4709","E","Estimated value",""
"QCL","Crops and livestock products","478","Mauritania","5510","Production","01221","Watermelons","2024","2024","t","2626.66","E","Estimated value",""
"QCL","Crops and livestock products","478","Mauritania","5312","Area harvested","0111","Wheat","2024","2024","ha","933","I","Value imputed by a receiving agency",""
"QCL","Crops and livestock products","478","Mauritania","5510","Production","0111","Wheat","2024","2024","t","2050.8","I","Value imputed by a receiving agency",""
"QCL","Crops and livestock products","478","Mauritania","5312","Area harvested","01540","Yams","2024","2024","ha","485","I","Value imputed by a receiving agency",""
"QCL","Crops and livestock products","478","Mauritania","5510","Production","01540","Yams","2024","2024","t","3033.28","I","Value imputed by a receiving agency",""
"QCL","Crops and livestock products","508","Mozambique","5312","Area harvested","01312","Bananas","2024","2024","ha","68825","I","Value imputed by a receiving agency",""
"QCL","Crops and livestock products","508","Mozambique","5510","Production","01312","Bananas","2024","2024","t","387740","A","Official value",""
"QCL","Crops and livestock products","508","Mozambique","5312","Area harvested","01701","Beans, dry","2024","2024","ha","1206809","A","Official value",""
"QCL","Crops and livestock products","508","Mozambique","5510","Production","01701","Beans, dry","2024","2024","t","628707","A","Official value",""
"QCL","Crops and livestock products","508","Mozambique","5510","Production","02960.01","Beeswax","2024","2024","t","91.41","E","Estimated value",""
"QCL","Crops and livestock products","508","Mozambique","5312","Area harvested","01372","Cashew nuts, in shell","2024","2024","ha","168452","I","Value imputed by a receiving agency",""
"QCL","Crops and livestock products","508","Mozambique","5510","Production","01372","Cashew nuts, in shell","2024","2024","t","142250","A","Official value",""
"QCL","Crops and livestock products","508","Mozambique","5312","Area harvested","01520.01","Cassava, fresh","2024","2024","ha","926390","A","Official value",""
"QCL","Crops and livestock products","508","Mozambique","5510","Production","01520.01","Cassava, fresh","2024","2024","t","8522790","A","Official value",""
"QCL","Crops and livestock products","508","Mozambique","5312","Area harvested","01447","Castor oil seeds","2024","2024","ha","201430","E","Estimated value",""
"QCL","Crops and livestock products","508","Mozambique","5510","Production","01447","Castor oil seeds","2024","2024","t","73598.22","E","Estimated value",""
"QCL","Crops and livestock products","508","Mozambique","5510","Production","21512","Cattle fat, unrendered","2024","2024","t","669.33","I","Value imputed by a receiving agency",""
"QCL","Crops and livestock products","508","Mozambique","5312","Area harvested","01460","Coconuts, in shell","2024","2024","ha","77875","I","Value imputed by a receiving agency",""
"QCL","Crops and livestock products","508","Mozambique","5510","Production","01460","Coconuts, in shell","2024","2024","t","291381.3","I","Value imputed by a receiving agency",""
"QCL","Crops and livestock products","508","Mozambique","5312","Area harvested","01610","Coffee, green","2024","2024","ha","819","E","Estimated value",""
"QCL","Crops and livestock products","508","Mozambique","5510","Production","01610","Coffee, green","2024","2024","t","803.7","I","Value imputed by a receiving agency",""
"QCL","Crops and livestock products","508","Mozambique","5312","Area harvested","01706","Cow peas, dry","2024","2024","ha","351267","E","Estimated value",""
"QCL","Crops and livestock products","508","Mozambique","5510","Production","01706","Cow peas, dry","2024","2024","t","83169.57","E","Estimated value",""
"QCL","Crops and livestock products","508","Mozambique","5510","Production","21151","Edible offal of cattle, fresh, chilled or frozen","2024","2024","t","3472.17","I","Value imputed by a receiving agency",""
"QCL","Crops and livestock products","508","Mozambique","5510","Production","21156","Edible offal of goat, fresh, chilled or frozen","2024","2024","t","709.14","I","Value imputed by a receiving agency",""
"QCL","Crops and livestock products","508","Mozambique","5510","Production","21153","Edible offal of pigs, fresh, chilled or frozen","2024","2024","t","6343.37","I","Value imputed by a receiving agency",""
"QCL","Crops and livestock products","508","Mozambique","5510","Production","21155","Edible offal of sheep, fresh, chilled or frozen","2024","2024","t","119.6","I","Value imputed by a receiving agency",""
"QCL","Crops and livestock products","508","Mozambique","5312","Area harvested","01599.10","Edible roots and tubers with high starch or inulin content, n.e.c., fresh","2024","2024","ha","1388","E","Estimated value",""
"QCL","Crops and livestock products","508","Mozambique","5510","Production","01599.10","Edible roots and tubers with high starch or inulin content, n.e.c., fresh","2024","2024","t","9860.16","E","Estimated value",""
"QCL","Crops and livestock products","508","Mozambique","5510","Production","21511.01","Fat of pigs","2024","2024","t","9515.05","I","Value imputed by a receiving agency",""
"QCL","Crops and livestock products","508","Mozambique","5510","Production","21515","Goat fat, unrendered","2024","2024","t","100.2","I","Value imputed by a receiving agency",""
"QCL","Crops and livestock products","508","Mozambique","5312","Area harvested","0142","Groundnuts, excluding shelled","2024","2024","ha","591338","A","Official value",""
"QCL","Crops and livestock products","508","Mozambique","5510","Production","0142","Groundnuts, excluding shelled","2024","2024","t","242449","A","Official value",""
"QCL","Crops and livestock products","508","Mozambique","5510","Production","0231","Hen eggs in shell, fresh","2024","2024","t","16342.87","E","Estimated value",""
"QCL","Crops and livestock products","508","Mozambique","5513","Production","0231","Hen eggs in shell, fresh","2024","2024","1000 No","355280","A","Official value",""
"QCL","Crops and livestock products","508","Mozambique","5312","Area harvested","01922.02","Kenaf, and other textile bast fibres, raw or retted","2024","2024","ha","6973","I","Value imputed by a receiving agency",""
"QCL","Crops and livestock products","508","Mozambique","5510","Production","01922.02","Kenaf, and other textile bast fibres, raw or retted","2024","2024","t","3680.78","I","Value imputed by a receiving agency",""
"QCL","Crops and livestock products","508","Mozambique","5312","Area harvested","01322","Lemons and limes","2024","2024","ha","903","I","Value imputed by a receiving agency",""
"QCL","Crops and livestock products","508","Mozambique","5510","Production","01322","Lemons and limes","2024","2024","t","3067.84","I","Value imputed by a receiving agency",""
"QCL","Crops and livestock products","508","Mozambique","5312","Area harvested","0112","Maize (corn)","2024","2024","ha","2862895","A","Official value",""
"QCL","Crops and livestock products","508","Mozambique","5510","Production","0112","Maize (corn)","2024","2024","t","2318945","A","Official value",""
"QCL","Crops and livestock products","508","Mozambique","5312","Area harvested","01316","Mangoes, guavas and mangosteens","2024","2024","ha","5109","E","Estimated value",""
"QCL","Crops and livestock products","508","Mozambique","5510","Production","01316","Mangoes, guavas and mangosteens","2024","2024","t","28546.71","I","Value imputed by a receiving agency",""
"QCL","Crops and livestock products","508","Mozambique","5510","Production","21111.01","Meat of cattle with the bone, fresh or chilled","2024","2024","t","21335","A","Official value",""
"QCL","Crops and livestock products","508","Mozambique","5510","Production","21121","Meat of chickens, fresh or chilled","2024","2024","t","135022","A","Official value",""
"QCL","Crops and livestock products","508","Mozambique","5510","Production","21122","Meat of ducks, fresh or chilled","2024","2024","t","3995.17","I","Value imputed by a receiving agency",""
"QCL","Crops and livestock products","508","Mozambique","5510","Production","21116","Meat of goat, fresh or chilled","2024","2024","t","3854","A","Official value",""
"QCL","Crops and livestock products","508","Mozambique","5510","Production","21113.01","Meat of pig with the bone, fresh or chilled","2024","2024","t","158584.17","I","Value imputed by a receiving agency",""
"QCL","Crops and livestock products","508","Mozambique","5510","Production","21114","Meat of rabbits and hares, fresh or chilled","2024","2024","t","368.96","I","Value imputed by a receiving agency",""
"QCL","Crops and livestock products","508","Mozambique","5510","Production","21115","Meat of sheep, fresh or chilled","2024","2024","t","598","A","Official value",""
"QCL","Crops and livestock products","508","Mozambique","5312","Area harvested","0118","Millet","2024","2024","ha","29669","A","Official value",""
"QCL","Crops and livestock products","508","Mozambique","5510","Production","0118","Millet","2024","2024","t","17615","A","Official value",""
"QCL","Crops and livestock products","508","Mozambique","5510","Production","02910","Natural honey","2024","2024","t","599.74","I","Value imputed by a receiving agency",""
"QCL","Crops and livestock products","508","Mozambique","5312","Area harvested","01253.02","Onions and shallots, dry (excluding dehydrated)","2024","2024","ha","30144","A","Official value",""
"QCL","Crops and livestock products","508","Mozambique","5510","Production","01253.02","Onions and shallots, dry (excluding dehydrated)","2024","2024","t","272092","A","Official value",""
"QCL","Crops and livestock products","508","Mozambique","5312","Area harvested","01323","Oranges","2024","2024","ha","2680","I","Value imputed by a receiving agency",""
"QCL","Crops and livestock products","508","Mozambique","5510","Production","01323","Oranges","2024","2024","t","67000","X","Value from external organization","Unofficial figure"
"QCL","Crops and livestock products","508","Mozambique","5312","Area harvested","01359.90","Other fruits, n.e.c.","2024","2024","ha","29389","I","Value imputed by a receiving agency",""
"QCL","Crops and livestock products","508","Mozambique","5510","Production","01359.90","Other fruits, n.e.c.","2024","2024","t","135222.66","I","Value imputed by a receiving agency",""
"QCL","Crops and livestock products","508","Mozambique","5312","Area harvested","01449.90","Other oil seeds, n.e.c.","2024","2024","ha","125273","I","Value imputed by a receiving agency",""
"QCL","Crops and livestock products","508","Mozambique","5510","Production","01449.90","Other oil seeds, n.e.c.","2024","2024","t","31170.49","I","Value imputed by a receiving agency",""
"QCL","Crops and livestock products","508","Mozambique","5312","Area harvested","01709.90","Other pulses n.e.c.","2024","2024","ha","453755","I","Value imputed by a receiving agency",""
"QCL","Crops and livestock products","508","Mozambique","5510","Production","01709.90","Other pulses n.e.c.","2024","2024","t","321692.74","I","Value imputed by a receiving agency",""
"QCL","Crops and livestock products","508","Mozambique","5312","Area harvested","01319","Other tropical fruits, n.e.c.","2024","2024","ha","2971","E","Estimated value",""
"QCL","Crops and livestock products","508","Mozambique","5510","Production","01319","Other tropical fruits, n.e.c.","2024","2024","t","23776.27","E","Estimated value",""
"QCL","Crops and livestock products","508","Mozambique","5312","Area harvested","01290.90","Other vegetables, fresh n.e.c.","2024","2024","ha","49947","I","Value imputed by a receiving agency",""
"QCL","Crops and livestock products","508","Mozambique","5510","Production","01290.90","Other vegetables, fresh n.e.c.","2024","2024","t","213840.07","I","Value imputed by a receiving agency",""
"QCL","Crops and livestock products","508","Mozambique","5312","Area harvested","01317","Papayas","2024","2024","ha","4329","I","Value imputed by a receiving agency",""
"QCL","Crops and livestock products","508","Mozambique","5510","Production","01317","Papayas","2024","2024","t","43330.52","I","Value imputed by a receiving agency",""
"QCL","Crops and livestock products","508","Mozambique","5312","Area harvested","01318","Pineapples","2024","2024","ha","8702","I","Value imputed by a receiving agency",""
"QCL","Crops and livestock products","508","Mozambique","5510","Production","01318","Pineapples","2024","2024","t","53229.63","I","Value imputed by a receiving agency",""
"QCL","Crops and livestock products","508","Mozambique","5312","Area harvested","01321","Pomelos and grapefruits","2024","2024","ha","2582","E","Estimated value",""
"QCL","Crops and livestock products","508","Mozambique","5510","Production","01321","Pomelos and grapefruits","2024","2024","t","8716.35","E","Estimated value",""
"QCL","Crops and livestock products","508","Mozambique","5312","Area harvested","01510","Potatoes","2024","2024","ha","44713","A","Official value",""
"QCL","Crops and livestock products","508","Mozambique","5510","Production","01510","Potatoes","2024","2024","t","552561","A","Official value",""
"QCL","Crops and livestock products","508","Mozambique","5312","Area harvested","01235","Pumpkins, squash and gourds","2024","2024","ha","622","E","Estimated value",""
"QCL","Crops and livestock products","508","Mozambique","5510","Production","01235","Pumpkins, squash and gourds","2024","2024","t","1075.01","E","Estimated value",""
"QCL","Crops and livestock products","508","Mozambique","5510","Production","02951.01","Raw hides and skins of cattle","2024","2024","t","2886.5","I","Value imputed by a receiving agency",""
"QCL","Crops and livestock products","508","Mozambique","5510","Production","02954","Raw hides and skins of goats or kids","2024","2024","t","770.8","I","Value imputed by a receiving agency",""
"QCL","Crops and livestock products","508","Mozambique","5510","Production","02953","Raw hides and skins of sheep or lambs","2024","2024","t","143.52","I","Value imputed by a receiving agency",""
"QCL","Crops and livestock products","508","Mozambique","5510","Production","02211","Raw milk of cattle","2024","2024","t","3063","A","Official value",""
"QCL","Crops and livestock products","508","Mozambique","5510","Production","02292","Raw milk of goats","2024","2024","t","20505.6","I","Value imputed by a receiving agency",""
"QCL","Crops and livestock products","508","Mozambique","5312","Area harvested","0113","Rice","2024","2024","ha","273082","A","Official value",""
"QCL","Crops and livestock products","508","Mozambique","5510","Production","0113","Rice","2024","2024","t","169311","A","Official value",""
"QCL","Crops and livestock products","508","Mozambique","5312","Area harvested","01921.01","Seed cotton, unginned","2024","2024","ha","96523","A","Official value",""
"QCL","Crops and livestock products","508","Mozambique","5510","Production","01921.01","Seed cotton, unginned","2024","2024","t","59451.31","I","Value imputed by a receiving agency",""
"QCL","Crops and livestock products","508","Mozambique","5312","Area harvested","01444","Sesame seed","2024","2024","ha","355517","A","Official value",""
"QCL","Crops and livestock products","508","Mozambique","5510","Production","01444","Sesame seed","2024","2024","t","173819","A","Official value",""
"QCL","Crops and livestock products","508","Mozambique","5510","Production","21514","Sheep fat, unrendered","2024","2024","t","20.33","I","Value imputed by a receiving agency",""
"QCL","Crops and livestock products","508","Mozambique","5312","Area harvested","01929.05","Sisal, raw","2024","2024","ha","1950","E","Estimated value",""
"QCL","Crops and livestock products","508","Mozambique","5510","Production","01929.05","Sisal, raw","2024","2024","t","612.57","E","Estimated value",""
"QCL","Crops and livestock products","508","Mozambique","5312","Area harvested","0114","Sorghum","2024","2024","ha","239352","A","Official value",""
"QCL","Crops and livestock products","508","Mozambique","5510","Production","0114","Sorghum","2024","2024","t","145192","A","Official value",""
"QCL","Crops and livestock products","508","Mozambique","5312","Area harvested","0141","Soya beans","2024","2024","ha","60000","X","Value from external organization","Unofficial figure"
"QCL","Crops and livestock products","508","Mozambique","5510","Production","0141","Soya beans","2024","2024","t","70000","X","Value from external organization","Unofficial figure"
"QCL","Crops and livestock products","508","Mozambique","5312","Area harvested","01802","Sugar cane","2024","2024","ha","32150","A","Official value",""
"QCL","Crops and livestock products","508","Mozambique","5510","Production","01802","Sugar cane","2024","2024","t","1787640","A","Official value",""
"QCL","Crops and livestock products","508","Mozambique","5312","Area harvested","01445","Sunflower seed","2024","2024","ha","20957","A","Official value",""
"QCL","Crops and livestock products","508","Mozambique","5510","Production","01445","Sunflower seed","2024","2024","t","9155","A","Official value",""
"QCL","Crops and livestock products","508","Mozambique","5312","Area harvested","01530","Sweet potatoes","2024","2024","ha","100470","A","Official value",""
"QCL","Crops and livestock products","508","Mozambique","5510","Production","01530","Sweet potatoes","2024","2024","t","502352","A","Official value",""
"QCL","Crops and livestock products","508","Mozambique","5312","Area harvested","01324","Tangerines, mandarins, clementines","2024","2024","ha","105","E","Estimated value",""
"QCL","Crops and livestock products","508","Mozambique","5510","Production","01324","Tangerines, mandarins, clementines","2024","2024","t","412.27","E","Estimated value",""
"QCL","Crops and livestock products","508","Mozambique","5312","Area harvested","01620","Tea leaves","2024","2024","ha","7228","I","Value imputed by a receiving agency",""
"QCL","Crops and livestock products","508","Mozambique","5510","Production","01620","Tea leaves","2024","2024","t","8128.78","I","Value imputed by a receiving agency",""
"QCL","Crops and livestock products","508","Mozambique","5312","Area harvested","01234","Tomatoes","2024","2024","ha","52360","A","Official value",""
"QCL","Crops and livestock products","508","Mozambique","5510","Production","01234","Tomatoes","2024","2024","t","1012428","A","Official value",""
"QCL","Crops and livestock products","508","Mozambique","5312","Area harvested","01970","Unmanufactured tobacco","2024","2024","ha","69856","A","Official value",""
"QCL","Crops and livestock products","508","Mozambique","5510","Production","01970","Unmanufactured tobacco","2024","2024","t","92343","A","Official value",""
"QCL","Crops and livestock products","508","Mozambique","5312","Area harvested","0111","Wheat","2024","2024","ha","16000","X","Value from external organization","Unofficial figure"
"QCL","Crops and livestock products","508","Mozambique","5510","Production","0111","Wheat","2024","2024","t","5000","X","Value from external organization","Unofficial figure"
"QCL","Crops and livestock products","566","Nigeria","5312","Area harvested","01312","Bananas","2024","2024","ha","468358","I","Value imputed by a receiving agency",""
"QCL","Crops and livestock products","566","Nigeria","5510","Production","01312","Bananas","2024","2024","t","6907142.4","I","Value imputed by a receiving agency",""
"QCL","Crops and livestock products","566","Nigeria","5312","Area harvested","01251","Carrots and turnips","2024","2024","ha","26682","I","Value imputed by a receiving agency",""
"QCL","Crops and livestock products","566","Nigeria","5510","Production","01251","Carrots and turnips","2024","2024","t","237587.51","I","Value imputed by a receiving agency",""
"QCL","Crops and livestock products","566","Nigeria","5312","Area harvested","01372","Cashew nuts, in shell","2024","2024","ha","170224","I","Value imputed by a receiving agency",""
"QCL","Crops and livestock products","566","Nigeria","5510","Production","01372","Cashew nuts, in shell","2024","2024","t","80943.66","I","Value imputed by a receiving agency",""
"QCL","Crops and livestock products","566","Nigeria","5312","Area harvested","01520.01","Cassava, fresh","2024","2024","ha","10722539","I","Value imputed by a receiving agency",""
"QCL","Crops and livestock products","566","Nigeria","5510","Production","01520.01","Cassava, fresh","2024","2024","t","62624946.19","E","Estimated value",""
"QCL","Crops and livestock products","566","Nigeria","5510","Production","21512","Cattle fat, unrendered","2024","2024","t","9058.54","I","Value imputed by a receiving agency",""
"QCL","Crops and livestock products","566","Nigeria","5312","Area harvested","01652","Chillies and peppers, dry (Capsicum spp., Pimenta spp.), raw","2024","2024","ha","37087","I","Value imputed by a receiving agency",""
"QCL","Crops and livestock products","566","Nigeria","5510","Production","01652","Chillies and peppers, dry (Capsicum spp., Pimenta spp.), raw","2024","2024","t","65284.39","I","Value imputed by a receiving agency",""
"QCL","Crops and livestock products","566","Nigeria","5312","Area harvested","01231","Chillies and peppers, green (Capsicum spp. and Pimenta spp.)","2024","2024","ha","105485","I","Value imputed by a receiving agency",""
"QCL","Crops and livestock products","566","Nigeria","5510","Production","01231","Chillies and peppers, green (Capsicum spp. and Pimenta spp.)","2024","2024","t","777184.69","I","Value imputed by a receiving agency",""
"QCL","Crops and livestock products","566","Nigeria","5312","Area harvested","01640","Cocoa beans","2024","2024","ha","1300407","I","Value imputed by a receiving agency",""
"QCL","Crops and livestock products","566","Nigeria","5510","Production","01640","Cocoa beans","2024","2024","t","350000","X","Value from external organization","Unofficial figure"
"QCL","Crops and livestock products","566","Nigeria","5312","Area harvested","01460","Coconuts, in shell","2024","2024","ha","36232","I","Value imputed by a receiving agency",""
"QCL","Crops and livestock products","566","Nigeria","5510","Production","01460","Coconuts, in shell","2024","2024","t","289806.86","I","Value imputed by a receiving agency",""
"QCL","Crops and livestock products","566","Nigeria","5312","Area harvested","01610","Coffee, green","2024","2024","ha","1379","E","Estimated value",""
"QCL","Crops and livestock products","566","Nigeria","5510","Production","01610","Coffee, green","2024","2024","t","1808.66","E","Estimated value",""
"QCL","Crops and livestock products","566","Nigeria","5312","Area harvested","01706","Cow peas, dry","2024","2024","ha","5142986","I","Value imputed by a receiving agency",""
"QCL","Crops and livestock products","566","Nigeria","5510","Production","01706","Cow peas, dry","2024","2024","t","4287630.86","I","Value imputed by a receiving agency",""
"QCL","Crops and livestock products","566","Nigeria","5510","Production","21151","Edible offal of cattle, fresh, chilled or frozen","2024","2024","t","47880.84","I","Value imputed by a receiving agency",""
"QCL","Crops and livestock products","566","Nigeria","5510","Production","21156","Edible offal of goat, fresh, chilled or frozen","2024","2024","t","46784.92","I","Value imputed by a receiving agency",""
"QCL","Crops and livestock products","566","Nigeria","5510","Production","21153","Edible offal of pigs, fresh, chilled or frozen","2024","2024","t","17155.43","I","Value imputed by a receiving agency",""
"QCL","Crops and livestock products","566","Nigeria","5510","Production","21155","Edible offal of sheep, fresh, chilled or frozen","2024","2024","t","29620.72","I","Value imputed by a receiving agency",""
"QCL","Crops and livestock products","566","Nigeria","5510","Production","21511.01","Fat of pigs","2024","2024","t","21444.29","I","Value imputed by a receiving agency",""
"QCL","Crops and livestock products","566","Nigeria","5312","Area harvested","01193","Fonio","2024","2024","ha","175029","I","Value imputed by a receiving agency",""
"QCL","Crops and livestock products","566","Nigeria","5510","Production","01193","Fonio","2024","2024","t","85252.22","I","Value imputed by a receiving agency",""
"QCL","Crops and livestock products","566","Nigeria","5510","Production","21170.02","Game meat, fresh, chilled or frozen","2024","2024","t","178445.7","E","Estimated value",""
"QCL","Crops and livestock products","566","Nigeria","5312","Area harvested","01657","Ginger, raw","2024","2024","ha","89430","I","Value imputed by a receiving agency",""
"QCL","Crops and livestock products","566","Nigeria","5510","Production","01657","Ginger, raw","2024","2024","t","768922.05","I","Value imputed by a receiving agency",""
"QCL","Crops and livestock products","566","Nigeria","5510","Production","21515","Goat fat, unrendered","2024","2024","t","7017.74","I","Value imputed by a receiving agency",""
"QCL","Crops and livestock products","566","Nigeria","5312","Area harvested","01290.01","Green corn (maize)","2024","2024","ha","201276","I","Value imputed by a receiving agency",""
"QCL","Crops and livestock products","566","Nigeria","5510","Production","01290.01","Green corn (maize)","2024","2024","t","799511.1","I","Value imputed by a receiving agency",""
"QCL","Crops and livestock products","566","Nigeria","5312","Area harvested","01252","Green garlic","2024","2024","ha","156","E","Estimated value",""
"QCL","Crops and livestock products","566","Nigeria","5510","Production","01252","Green garlic","2024","2024","t","2042.11","E","Estimated value",""
"QCL","Crops and livestock products","566","Nigeria","5312","Area harvested","0142","Groundnuts, excluding shelled","2024","2024","ha","3450000","X","Value from external organization","Unofficial figure"
"QCL","Crops and livestock products","566","Nigeria","5510","Production","0142","Groundnuts, excluding shelled","2024","2024","t","4300000","X","Value from external organization","Unofficial figure"
"QCL","Crops and livestock products","566","Nigeria","5510","Production","0231","Hen eggs in shell, fresh","2024","2024","t","658008.28","E","Estimated value",""
"QCL","Crops and livestock products","566","Nigeria","5513","Production","0231","Hen eggs in shell, fresh","2024","2024","1000 No","16450207","E","Estimated value",""
"QCL","Crops and livestock products","566","Nigeria","5312","Area harvested","01499.01","Karite nuts (sheanuts)","2024","2024","ha","405262","E","Estimated value",""
"QCL","Crops and livestock products","566","Nigeria","5510","Production","01499.01","Karite nuts (sheanuts)","2024","2024","t","358609.31","I","Value imputed by a receiving agency",""
"QCL","Crops and livestock products","566","Nigeria","5312","Area harvested","01922.02","Kenaf, and other textile bast fibres, raw or retted","2024","2024","ha","1013","I","Value imputed by a receiving agency",""
"QCL","Crops and livestock products","566","Nigeria","5510","Production","01922.02","Kenaf, and other textile bast fibres, raw or retted","2024","2024","t","1552.16","E","Estimated value",""
"QCL","Crops and livestock products","566","Nigeria","5312","Area harvested","01379.02","Kola nuts","2024","2024","ha","246416","I","Value imputed by a receiving agency",""
"QCL","Crops and livestock products","566","Nigeria","5510","Production","01379.02","Kola nuts","2024","2024","t","179043.58","I","Value imputed by a receiving agency",""
"QCL","Crops and livestock products","566","Nigeria","5312","Area harvested","0112","Maize (corn)","2024","2024","ha","5500000","X","Value from external organization","Unofficial figure"
"QCL","Crops and livestock products","566","Nigeria","5510","Production","0112","Maize (corn)","2024","2024","t","11164000","X","Value from external organization","Unofficial figure"
"QCL","Crops and livestock products","566","Nigeria","5312","Area harvested","01316","Mangoes, guavas and mangosteens","2024","2024","ha","130757","I","Value imputed by a receiving agency",""
"QCL","Crops and livestock products","566","Nigeria","5510","Production","01316","Mangoes, guavas and mangosteens","2024","2024","t","960530.46","E","Estimated value",""
"QCL","Crops and livestock products","566","Nigeria","5510","Production","21111.01","Meat of cattle with the bone, fresh or chilled","2024","2024","t","317048.8","I","Value imputed by a receiving agency",""
"QCL","Crops and livestock products","566","Nigeria","5510","Production","21121","Meat of chickens, fresh or chilled","2024","2024","t","342932.82","I","Value imputed by a receiving agency",""
"QCL","Crops and livestock products","566","Nigeria","5510","Production","21116","Meat of goat, fresh or chilled","2024","2024","t","292405.76","I","Value imputed by a receiving agency",""
"QCL","Crops and livestock products","566","Nigeria","5510","Production","21113.01","Meat of pig with the bone, fresh or chilled","2024","2024","t","385997.25","I","Value imputed by a receiving agency",""
"QCL","Crops and livestock products","566","Nigeria","5510","Production","21115","Meat of sheep, fresh or chilled","2024","2024","t","162751.23","I","Value imputed by a receiving agency",""
"QCL","Crops and livestock products","566","Nigeria","5312","Area harvested","01449.01","Melonseed","2024","2024","ha","902028","E","Estimated value",""
"QCL","Crops and livestock products","566","Nigeria","5510","Production","01449.01","Melonseed","2024","2024","t","582595.02","E","Estimated value",""
"QCL","Crops and livestock products","566","Nigeria","5312","Area harvested","0118","Millet","2024","2024","ha","1900000","X","Value from external organization","Unofficial figure"
"QCL","Crops and livestock products","566","Nigeria","5510","Production","0118","Millet","2024","2024","t","1550000","X","Value from external organization","Unofficial figure"
"QCL","Crops and livestock products","566","Nigeria","5312","Area harvested","01950.01","Natural rubber in primary forms","2024","2024","ha","172383","I","Value imputed by a receiving agency",""
"QCL","Crops and livestock products","566","Nigeria","5510","Production","01950.01","Natural rubber in primary forms","2024","2024","t","65300","X","Value from external organization","Unofficial figure"
"QCL","Crops and livestock products","566","Nigeria","5312","Area harvested","01491.01","Oil palm fruit","2024","2024","ha","4488839","I","Value imputed by a receiving agency",""
"QCL","Crops and livestock products","566","Nigeria","5510","Production","01491.01","Oil palm fruit","2024","2024","t","11517077.61","I","Value imputed by a receiving agency",""
"QCL","Crops and livestock products","566","Nigeria","5312","Area harvested","01239.01","Okra","2024","2024","ha","2094633","I","Value imputed by a receiving agency",""
"QCL","Crops and livestock products","566","Nigeria","5510","Production","01239.01","Okra","2024","2024","t","1807284.29","I","Value imputed by a receiving agency",""
"QCL","Crops and livestock products","566","Nigeria","5312","Area harvested","01253.02","Onions and shallots, dry (excluding dehydrated)","2024","2024","ha","612609","I","Value imputed by a receiving agency",""
"QCL","Crops and livestock products","566","Nigeria","5510","Production","01253.02","Onions and shallots, dry (excluding dehydrated)","2024","2024","t","1673861.72","I","Value imputed by a receiving agency",""
"QCL","Crops and livestock products","566","Nigeria","5312","Area harvested","01253.01","Onions and shallots, green","2024","2024","ha","14417","E","Estimated value",""
"QCL","Crops and livestock products","566","Nigeria","5510","Production","01253.01","Onions and shallots, green","2024","2024","t","244347.71","E","Estimated value",""
"QCL","Crops and livestock products","566","Nigeria","5312","Area harvested","01329","Other citrus fruit, n.e.c.","2024","2024","ha","857308","E","Estimated value",""
"QCL","Crops and livestock products","566","Nigeria","5510","Production","01329","Other citrus fruit, n.e.c.","2024","2024","t","4196845.49","E","Estimated value",""
"QCL","Crops and livestock products","566","Nigeria","5312","Area harvested","01929.90","Other fibre crops, raw, n.e.c.","2024","2024","ha","","M","Missing value; data cannot exist",""
"QCL","Crops and livestock products","566","Nigeria","5510","Production","01929.90","Other fibre crops, raw, n.e.c.","2024","2024","t","","M","Missing value; data cannot exist",""
"QCL","Crops and livestock products","566","Nigeria","5312","Area harvested","01359.90","Other fruits, n.e.c.","2024","2024","ha","181728","I","Value imputed by a receiving agency",""
"QCL","Crops and livestock products","566","Nigeria","5510","Production","01359.90","Other fruits, n.e.c.","2024","2024","t","1247571.84","I","Value imputed by a receiving agency",""
"QCL","Crops and livestock products","566","Nigeria","5312","Area harvested","01379.90","Other nuts (excluding wild edible nuts and groundnuts), in shell, n.e.c.","2024","2024","ha","2773","I","Value imputed by a receiving agency",""
"QCL","Crops and livestock products","566","Nigeria","5510","Production","01379.90","Other nuts (excluding wild edible nuts and groundnuts), in shell, n.e.c.","2024","2024","t","7462.31","E","Estimated value",""
"QCL","Crops and livestock products","566","Nigeria","5312","Area harvested","01449.90","Other oil seeds, n.e.c.","2024","2024","ha","210","I","Value imputed by a receiving agency",""
"QCL","Crops and livestock products","566","Nigeria","5510","Production","01449.90","Other oil seeds, n.e.c.","2024","2024","t","589.95","I","Value imputed by a receiving agency",""
"QCL","Crops and livestock products","566","Nigeria","5312","Area harvested","01709.90","Other pulses n.e.c.","2024","2024","ha","152867","E","Estimated value",""
"QCL","Crops and livestock products","566","Nigeria","5510","Production","01709.90","Other pulses n.e.c.","2024","2024","t","68531.71","E","Estimated value",""
"QCL","Crops and livestock products","566","Nigeria","5312","Area harvested","01699","Other stimulant, spice and aromatic crops, n.e.c.","2024","2024","ha","6925","I","Value imputed by a receiving agency",""
"QCL","Crops and livestock products","566","Nigeria","5510","Production","01699","Other stimulant, spice and aromatic crops, n.e.c.","2024","2024","t","10869.14","I","Value imputed by a receiving agency",""
"QCL","Crops and livestock products","566","Nigeria","5312","Area harvested","01290.90","Other vegetables, fresh n.e.c.","2024","2024","ha","789715","E","Estimated value",""
"QCL","Crops and livestock products","566","Nigeria","5510","Production","01290.90","Other vegetables, fresh n.e.c.","2024","2024","t","7062625.73","E","Estimated value",""
"QCL","Crops and livestock products","566","Nigeria","5312","Area harvested","01317","Papayas","2024","2024","ha","95363","I","Value imputed by a receiving agency",""
"QCL","Crops and livestock products","566","Nigeria","5510","Production","01317","Papayas","2024","2024","t","886528.62","I","Value imputed by a receiving agency",""
"QCL","Crops and livestock products","566","Nigeria","5312","Area harvested","01318","Pineapples","2024","2024","ha","198573","I","Value imputed by a receiving agency",""
"QCL","Crops and livestock products","566","Nigeria","5510","Production","01318","Pineapples","2024","2024","t","1611660.86","E","Estimated value",""
"QCL","Crops and livestock products","566","Nigeria","5312","Area harvested","01313","Plantains and cooking bananas","2024","2024","ha","","M","Missing value; data cannot exist",""
"QCL","Crops and livestock products","566","Nigeria","5510","Production","01313","Plantains and cooking bananas","2024","2024","t","","M","Missing value; data cannot exist",""
"QCL","Crops and livestock products","566","Nigeria","5312","Area harvested","01510","Potatoes","2024","2024","ha","327188","E","Estimated value",""
"QCL","Crops and livestock products","566","Nigeria","5510","Production","01510","Potatoes","2024","2024","t","1228588.13","E","Estimated value",""
"QCL","Crops and livestock products","566","Nigeria","5510","Production","02951.01","Raw hides and skins of cattle","2024","2024","t","38175.26","I","Value imputed by a receiving agency",""
"QCL","Crops and livestock products","566","Nigeria","5510","Production","02954","Raw hides and skins of goats or kids","2024","2024","t","46784.92","I","Value imputed by a receiving agency",""
"QCL","Crops and livestock products","566","Nigeria","5510","Production","02953","Raw hides and skins of sheep or lambs","2024","2024","t","29620.72","I","Value imputed by a receiving agency",""
"QCL","Crops and livestock products","566","Nigeria","5510","Production","02211","Raw milk of cattle","2024","2024","t","527765.07","I","Value imputed by a receiving agency",""
"QCL","Crops and livestock products","566","Nigeria","5312","Area harvested","0113","Rice","2024","2024","ha","4572900","A","Official value",""
"QCL","Crops and livestock products","566","Nigeria","5510","Production","0113","Rice","2024","2024","t","9129900","A","Official value",""
"QCL","Crops and livestock products","566","Nigeria","5312","Area harvested","01921.01","Seed cotton, unginned","2024","2024","ha","588813","I","Value imputed by a receiving agency",""
"QCL","Crops and livestock products","566","Nigeria","5510","Production","01921.01","Seed cotton, unginned","2024","2024","t","223000","X","Value from external organization","Unofficial figure"
"QCL","Crops and livestock products","566","Nigeria","5312","Area harvested","01444","Sesame seed","2024","2024","ha","350000","X","Value from external organization","Unofficial figure"
"QCL","Crops and livestock products","566","Nigeria","5510","Production","01444","Sesame seed","2024","2024","t","450000","X","Value from external organization","Unofficial figure"
"QCL","Crops and livestock products","566","Nigeria","5510","Production","21514","Sheep fat, unrendered","2024","2024","t","4557.03","I","Value imputed by a receiving agency",""
"QCL","Crops and livestock products","566","Nigeria","5312","Area harvested","0114","Sorghum","2024","2024","ha","6100000","X","Value from external organization","Unofficial figure"
"QCL","Crops and livestock products","566","Nigeria","5510","Production","0114","Sorghum","2024","2024","t","6500000","X","Value from external organization","Unofficial figure"
"QCL","Crops and livestock products","566","Nigeria","5312","Area harvested","0141","Soya beans","2024","2024","ha","1130000","X","Value from external organization","Unofficial figure"
"QCL","Crops and livestock products","566","Nigeria","5510","Production","0141","Soya beans","2024","2024","t","1150000","X","Value from external organization","Unofficial figure"
"QCL","Crops and livestock products","566","Nigeria","5312","Area harvested","01802","Sugar cane","2024","2024","ha","88518","E","Estimated value",""
"QCL","Crops and livestock products","566","Nigeria","5510","Production","01802","Sugar cane","2024","2024","t","1509132.57","E","Estimated value",""
"QCL","Crops and livestock products","566","Nigeria","5312","Area harvested","01530","Sweet potatoes","2024","2024","ha","1509659","E","Estimated value",""
"QCL","Crops and livestock products","566","Nigeria","5510","Production","01530","Sweet potatoes","2024","2024","t","4091239.04","E","Estimated value",""
"QCL","Crops and livestock products","566","Nigeria","5312","Area harvested","01550","Taro","2024","2024","ha","1393692","I","Value imputed by a receiving agency",""
"QCL","Crops and livestock products","566","Nigeria","5510","Production","01550","Taro","2024","2024","t","8605587.3","I","Value imputed by a receiving agency",""
"QCL","Crops and livestock products","566","Nigeria","5312","Area harvested","01234","Tomatoes","2024","2024","ha","822140","E","Estimated value",""
"QCL","Crops and livestock products","566","Nigeria","5510","Production","01234","Tomatoes","2024","2024","t","3726166.42","I","Value imputed by a receiving agency",""
"QCL","Crops and livestock products","566","Nigeria","5312","Area harvested","01970","Unmanufactured tobacco","2024","2024","ha","9525","E","Estimated value",""
"QCL","Crops and livestock products","566","Nigeria","5510","Production","01970","Unmanufactured tobacco","2024","2024","t","5577.52","E","Estimated value",""
"QCL","Crops and livestock products","566","Nigeria","5312","Area harvested","0111","Wheat","2024","2024","ha","27906","I","Value imputed by a receiving agency",""
"QCL","Crops and livestock products","566","Nigeria","5510","Production","0111","Wheat","2024","2024","t","43926.98","I","Value imputed by a receiving agency",""
"QCL","Crops and livestock products","566","Nigeria","5312","Area harvested","01540","Yams","2024","2024","ha","8015649","I","Value imputed by a receiving agency",""
"QCL","Crops and livestock products","566","Nigeria","5510","Production","01540","Yams","2024","2024","t","65322031.57","E","Estimated value",""
"QCL","Crops and livestock products","646","Rwanda","5312","Area harvested","01311","Avocados","2024","2024","ha","1354","A","Official value",""
"QCL","Crops and livestock products","646","Rwanda","5510","Production","01311","Avocados","2024","2024","t","9464.07","A","Official value",""
"QCL","Crops and livestock products","646","Rwanda","5312","Area harvested","01312","Bananas","2024","2024","ha","202488","A","Official value",""
"QCL","Crops and livestock products","646","Rwanda","5510","Production","01312","Bananas","2024","2024","t","2437236","A","Official value",""
"QCL","Crops and livestock products","646","Rwanda","5312","Area harvested","0115","Barley","2024","2024","ha","","M","Missing value; data cannot exist",""
"QCL","Crops and livestock products","646","Rwanda","5510","Production","0115","Barley","2024","2024","t","","M","Missing value; data cannot exist",""
"QCL","Crops and livestock products","646","Rwanda","5312","Area harvested","01701","Beans, dry","2024","2024","ha","660495","A","Official value",""
"QCL","Crops and livestock products","646","Rwanda","5510","Production","01701","Beans, dry","2024","2024","t","478344.26","A","Official value",""
"QCL","Crops and livestock products","646","Rwanda","5510","Production","02960.01","Beeswax","2024","2024","t","47.17","I","Value imputed by a receiving agency",""
"QCL","Crops and livestock products","646","Rwanda","5312","Area harvested","01212","Cabbages","2024","2024","ha","5684","A","Official value",""
"QCL","Crops and livestock products","646","Rwanda","5510","Production","01212","Cabbages","2024","2024","t","76978.5","A","Official value",""
"QCL","Crops and livestock products","646","Rwanda","5312","Area harvested","01251","Carrots and turnips","2024","2024","ha","5249","A","Official value",""
"QCL","Crops and livestock products","646","Rwanda","5510","Production","01251","Carrots and turnips","2024","2024","t","46347.31","A","Official value",""
"QCL","Crops and livestock products","646","Rwanda","5312","Area harvested","01520.01","Cassava, fresh","2024","2024","ha","93511","A","Official value",""
"QCL","Crops and livestock products","646","Rwanda","5510","Production","01520.01","Cassava, fresh","2024","2024","t","1301324.78","A","Official value",""
"QCL","Crops and livestock products","646","Rwanda","5510","Production","21512","Cattle fat, unrendered","2024","2024","t","1216.05","I","Value imputed by a receiving agency",""
"QCL","Crops and livestock products","646","Rwanda","5312","Area harvested","01231","Chillies and peppers, green (Capsicum spp. and Pimenta spp.)","2024","2024","ha","2153","A","Official value",""
"QCL","Crops and livestock products","646","Rwanda","5510","Production","01231","Chillies and peppers, green (Capsicum spp. and Pimenta spp.)","2024","2024","t","9099.85","A","Official value",""
"QCL","Crops and livestock products","646","Rwanda","5312","Area harvested","01610","Coffee, green","2024","2024","ha","15432","I","Value imputed by a receiving agency",""
"QCL","Crops and livestock products","646","Rwanda","5510","Production","01610","Coffee, green","2024","2024","t","17839.78","A","Official value",""
"QCL","Crops and livestock products","646","Rwanda","5510","Production","21151","Edible offal of cattle, fresh, chilled or frozen","2024","2024","t","8418.84","I","Value imputed by a receiving agency",""
"QCL","Crops and livestock products","646","Rwanda","5510","Production","21156","Edible offal of goat, fresh, chilled or frozen","2024","2024","t","2377.51","I","Value imputed by a receiving agency",""
"QCL","Crops and livestock products","646","Rwanda","5510","Production","21153","Edible offal of pigs, fresh, chilled or frozen","2024","2024","t","317.95","I","Value imputed by a receiving agency",""
"QCL","Crops and livestock products","646","Rwanda","5510","Production","21155","Edible offal of sheep, fresh, chilled or frozen","2024","2024","t","465.41","I","Value imputed by a receiving agency",""
"QCL","Crops and livestock products","646","Rwanda","5312","Area harvested","01233","Eggplants (aubergines)","2024","2024","ha","9578","A","Official value",""
"QCL","Crops and livestock products","646","Rwanda","5510","Production","01233","Eggplants (aubergines)","2024","2024","t","83501.11","A","Official value",""
"QCL","Crops and livestock products","646","Rwanda","5510","Production","21511.01","Fat of pigs","2024","2024","t","476.93","I","Value imputed by a receiving agency",""
"QCL","Crops and livestock products","646","Rwanda","5510","Production","21170.02","Game meat, fresh, chilled or frozen","2024","2024","t","17036.27","E","Estimated value",""
"QCL","Crops and livestock products","646","Rwanda","5510","Production","21515","Goat fat, unrendered","2024","2024","t","332.85","I","Value imputed by a receiving agency",""
"QCL","Crops and livestock products","646","Rwanda","5312","Area harvested","0142","Groundnuts, excluding shelled","2024","2024","ha","30663","A","Official value",""
"QCL","Crops and livestock products","646","Rwanda","5510","Production","0142","Groundnuts, excluding shelled","2024","2024","t","14393.94","A","Official value",""
"QCL","Crops and livestock products","646","Rwanda","5510","Production","0231","Hen eggs in shell, fresh","2024","2024","t","7754.32","E","Estimated value",""
"QCL","Crops and livestock products","646","Rwanda","5513","Production","0231","Hen eggs in shell, fresh","2024","2024","1000 No","221552","E","Estimated value",""
"QCL","Crops and livestock products","646","Rwanda","5312","Area harvested","01254","Leeks and other alliaceous vegetables","2024","2024","ha","14956","E","Estimated value",""
"QCL","Crops and livestock products","646","Rwanda","5510","Production","01254","Leeks and other alliaceous vegetables","2024","2024","t","2559.68","E","Estimated value",""
"QCL","Crops and livestock products","646","Rwanda","5312","Area harvested","01322","Lemons and limes","2024","2024","ha","1453","E","Estimated value",""
"QCL","Crops and livestock products","646","Rwanda","5510","Production","01322","Lemons and limes","2024","2024","t","6121.83","E","Estimated value",""
"QCL","Crops and livestock products","646","Rwanda","5312","Area harvested","0112","Maize (corn)","2024","2024","ha","342024","A","Official value",""
"QCL","Crops and livestock products","646","Rwanda","5510","Production","0112","Maize (corn)","2024","2024","t","627086.15","A","Official value",""
"QCL","Crops and livestock products","646","Rwanda","5312","Area harvested","01316","Mangoes, guavas and mangosteens","2024","2024","ha","597","A","Official value",""
"QCL","Crops and livestock products","646","Rwanda","5510","Production","01316","Mangoes, guavas and mangosteens","2024","2024","t","5249.88","A","Official value",""
"QCL","Crops and livestock products","646","Rwanda","5510","Production","21111.01","Meat of cattle with the bone, fresh or chilled","2024","2024","t","42094.2","I","Value imputed by a receiving agency",""
"QCL","Crops and livestock products","646","Rwanda","5510","Production","21121","Meat of chickens, fresh or chilled","2024","2024","t","15043.11","I","Value imputed by a receiving agency",""
"QCL","Crops and livestock products","646","Rwanda","5510","Production","21116","Meat of goat, fresh or chilled","2024","2024","t","11887.54","I","Value imputed by a receiving agency",""
"QCL","Crops and livestock products","646","Rwanda","5510","Production","21113.01","Meat of pig with the bone, fresh or chilled","2024","2024","t","7948.81","E","Estimated value",""
"QCL","Crops and livestock products","646","Rwanda","5510","Production","21114","Meat of rabbits and hares, fresh or chilled","2024","2024","t","2646.16","E","Estimated value",""
"QCL","Crops and livestock products","646","Rwanda","5510","Production","21115","Meat of sheep, fresh or chilled","2024","2024","t","2420.13","I","Value imputed by a receiving agency",""
"QCL","Crops and livestock products","646","Rwanda","5312","Area harvested","0118","Millet","2024","2024","ha","2424","A","Official value",""
"QCL","Crops and livestock products","646","Rwanda","5510","Production","0118","Millet","2024","2024","t","1997.45","A","Official value",""
"QCL","Crops and livestock products","646","Rwanda","5510","Production","02910","Natural honey","2024","2024","t","5676.92","E","Estimated value",""
"QCL","Crops and livestock products","646","Rwanda","5312","Area harvested","01253.02","Onions and shallots, dry (excluding dehydrated)","2024","2024","ha","3227","A","Official value",""
"QCL","Crops and livestock products","646","Rwanda","5510","Production","01253.02","Onions and shallots, dry (excluding dehydrated)","2024","2024","t","30670.23","A","Official value",""
"QCL","Crops and livestock products","646","Rwanda","5312","Area harvested","01323","Oranges","2024","2024","ha","1686","E","Estimated value",""
"QCL","Crops and livestock products","646","Rwanda","5510","Production","01323","Oranges","2024","2024","t","3227.65","E","Estimated value",""
"QCL","Crops and livestock products","646","Rwanda","5312","Area harvested","01241.90","Other beans, green","2024","2024","ha","958","E","Estimated value",""
"QCL","Crops and livestock products","646","Rwanda","5510","Production","01241.90","Other beans, green","2024","2024","t","7422.99","E","Estimated value",""
"QCL","Crops and livestock products","646","Rwanda","5312","Area harvested","01359.90","Other fruits, n.e.c.","2024","2024","ha","11281","I","Value imputed by a receiving agency",""
"QCL","Crops and livestock products","646","Rwanda","5510","Production","01359.90","Other fruits, n.e.c.","2024","2024","t","84067.13","E","Estimated value",""
"QCL","Crops and livestock products","646","Rwanda","5312","Area harvested","01699","Other stimulant, spice and aromatic crops, n.e.c.","2024","2024","ha","55","E","Estimated value",""
"QCL","Crops and livestock products","646","Rwanda","5510","Production","01699","Other stimulant, spice and aromatic crops, n.e.c.","2024","2024","t","138.07","E","Estimated value",""
"QCL","Crops and livestock products","646","Rwanda","5312","Area harvested","01319","Other tropical fruits, n.e.c.","2024","2024","ha","2110","E","Estimated value",""
"QCL","Crops and livestock products","646","Rwanda","5510","Production","01319","Other tropical fruits, n.e.c.","2024","2024","t","25582.19","E","Estimated value",""
"QCL","Crops and livestock products","646","Rwanda","5312","Area harvested","01290.90","Other vegetables, fresh n.e.c.","2024","2024","ha","10583","E","Estimated value",""
"QCL","Crops and livestock products","646","Rwanda","5510","Production","01290.90","Other vegetables, fresh n.e.c.","2024","2024","t","74756.14","E","Estimated value",""
"QCL","Crops and livestock products","646","Rwanda","5312","Area harvested","01317","Papayas","2024","2024","ha","15","A","Official value",""
"QCL","Crops and livestock products","646","Rwanda","5510","Production","01317","Papayas","2024","2024","t","133.73","A","Official value",""
"QCL","Crops and livestock products","646","Rwanda","5312","Area harvested","01705","Peas, dry","2024","2024","ha","19015","A","Official value",""
"QCL","Crops and livestock products","646","Rwanda","5510","Production","01705","Peas, dry","2024","2024","t","12218.26","A","Official value",""
"QCL","Crops and livestock products","646","Rwanda","5312","Area harvested","01651","Pepper (Piper spp.), raw","2024","2024","ha","782","I","Value imputed by a receiving agency",""
"QCL","Crops and livestock products","646","Rwanda","5510","Production","01651","Pepper (Piper spp.), raw","2024","2024","t","2776.12","I","Value imputed by a receiving agency",""
"QCL","Crops and livestock products","646","Rwanda","5312","Area harvested","01318","Pineapples","2024","2024","ha","5730","A","Official value",""
"QCL","Crops and livestock products","646","Rwanda","5510","Production","01318","Pineapples","2024","2024","t","22427.56","A","Official value",""
"QCL","Crops and livestock products","646","Rwanda","5312","Area harvested","01510","Potatoes","2024","2024","ha","104518","A","Official value",""
"QCL","Crops and livestock products","646","Rwanda","5510","Production","01510","Potatoes","2024","2024","t","827355.28","A","Official value",""
"QCL","Crops and livestock products","646","Rwanda","5312","Area harvested","01235","Pumpkins, squash and gourds","2024","2024","ha","51880","I","Value imputed by a receiving agency",""
"QCL","Crops and livestock products","646","Rwanda","5510","Production","01235","Pumpkins, squash and gourds","2024","2024","t","269329.2","E","Estimated value",""
"QCL","Crops and livestock products","646","Rwanda","5312","Area harvested","01930.02","Pyrethrum, dried flowers","2024","2024","ha","3907","A","Official value",""
"QCL","Crops and livestock products","646","Rwanda","5510","Production","01930.02","Pyrethrum, dried flowers","2024","2024","t","1132.29","A","Official value",""
"QCL","Crops and livestock products","646","Rwanda","5510","Production","02951.01","Raw hides and skins of cattle","2024","2024","t","6080.27","I","Value imputed by a receiving agency",""
"QCL","Crops and livestock products","646","Rwanda","5510","Production","02954","Raw hides and skins of goats or kids","2024","2024","t","2615.26","I","Value imputed by a receiving agency",""
"QCL","Crops and livestock products","646","Rwanda","5510","Production","02953","Raw hides and skins of sheep or lambs","2024","2024","t","558.49","I","Value imputed by a receiving agency",""
"QCL","Crops and livestock products","646","Rwanda","5510","Production","02211","Raw milk of cattle","2024","2024","t","190796.31","I","Value imputed by a receiving agency",""
"QCL","Crops and livestock products","646","Rwanda","5510","Production","02292","Raw milk of goats","2024","2024","t","49438.01","I","Value imputed by a receiving agency",""
"QCL","Crops and livestock products","646","Rwanda","5510","Production","02291","Raw milk of sheep","2024","2024","t","5213.31","I","Value imputed by a receiving agency",""
"QCL","Crops and livestock products","646","Rwanda","5312","Area harvested","0113","Rice","2024","2024","ha","34551","A","Official value",""
"QCL","Crops and livestock products","646","Rwanda","5510","Production","0113","Rice","2024","2024","t","141932.4","A","Official value",""
"QCL","Crops and livestock products","646","Rwanda","5312","Area harvested","01921.01","Seed cotton, unginned","2024","2024","ha","","M","Missing value; data cannot exist",""
"QCL","Crops and livestock products","646","Rwanda","5510","Production","01921.01","Seed cotton, unginned","2024","2024","t","","M","Missing value; data cannot exist",""
"QCL","Crops and livestock products","646","Rwanda","5510","Production","21514","Sheep fat, unrendered","2024","2024","t","79.12","I","Value imputed by a receiving agency",""
"QCL","Crops and livestock products","646","Rwanda","5312","Area harvested","0114","Sorghum","2024","2024","ha","154724","A","Official value",""
"QCL","Crops and livestock products","646","Rwanda","5510","Production","0114","Sorghum","2024","2024","t","187766.21","A","Official value",""
"QCL","Crops and livestock products","646","Rwanda","5312","Area harvested","0141","Soya beans","2024","2024","ha","72087","A","Official value",""
"QCL","Crops and livestock products","646","Rwanda","5510","Production","0141","Soya beans","2024","2024","t","36704.73","A","Official value",""
"QCL","Crops and livestock products","646","Rwanda","5312","Area harvested","01802","Sugar cane","2024","2024","ha","7279","A","Official value",""
"QCL","Crops and livestock products","646","Rwanda","5510","Production","01802","Sugar cane","2024","2024","t","156258.74","A","Official value",""
"QCL","Crops and livestock products","646","Rwanda","5312","Area harvested","01530","Sweet potatoes","2024","2024","ha","179717","A","Official value",""
"QCL","Crops and livestock products","646","Rwanda","5510","Production","01530","Sweet potatoes","2024","2024","t","1398268.09","A","Official value",""
"QCL","Crops and livestock products","646","Rwanda","5312","Area harvested","01550","Taro","2024","2024","ha","28816","A","Official value",""
"QCL","Crops and livestock products","646","Rwanda","5510","Production","01550","Taro","2024","2024","t","203676.06","A","Official value",""
"QCL","Crops and livestock products","646","Rwanda","5312","Area harvested","01620","Tea leaves","2024","2024","ha","35050","A","Official value",""
"QCL","Crops and livestock products","646","Rwanda","5510","Production","01620","Tea leaves","2024","2024","t","160591.77","A","Official value",""
"QCL","Crops and livestock products","646","Rwanda","5312","Area harvested","01234","Tomatoes","2024","2024","ha","10046","A","Official value",""
"QCL","Crops and livestock products","646","Rwanda","5510","Production","01234","Tomatoes","2024","2024","t","80525.48","A","Official value",""
"QCL","Crops and livestock products","646","Rwanda","5312","Area harvested","01970","Unmanufactured tobacco","2024","2024","ha","4064","I","Value imputed by a receiving agency",""
"QCL","Crops and livestock products","646","Rwanda","5510","Production","01970","Unmanufactured tobacco","2024","2024","t","4684.49","E","Estimated value",""
"QCL","Crops and livestock products","646","Rwanda","5312","Area harvested","0111","Wheat","2024","2024","ha","12910","A","Official value",""
"QCL","Crops and livestock products","646","Rwanda","5510","Production","0111","Wheat","2024","2024","t","16416.6","A","Official value",""
"QCL","Crops and livestock products","646","Rwanda","5312","Area harvested","01540","Yams","2024","2024","ha","6439","E","Estimated value",""
"QCL","Crops and livestock products","646","Rwanda","5510","Production","01540","Yams","2024","2024","t","57418.93","E","Estimated value",""
"QCL","Crops and livestock products","694","Sierra Leone","5510","Production","02960.01","Beeswax","2024","2024","t","156.02","E","Estimated value",""
"QCL","Crops and livestock products","694","Sierra Leone","5312","Area harvested","01702","Broad beans and horse beans, dry","2024","2024","ha","28252","A","Official value",""
"QCL","Crops and livestock products","694","Sierra Leone","5510","Production","01702","Broad beans and horse beans, dry","2024","2024","t","14085.7","A","Official value",""
"QCL","Crops and livestock products","694","Sierra Leone","5312","Area harvested","01212","Cabbages","2024","2024","ha","50","E","Estimated value",""
"QCL","Crops and livestock products","694","Sierra Leone","5510","Production","01212","Cabbages","2024","2024","t","340","E","Estimated value",""
"QCL","Crops and livestock products","694","Sierra Leone","5312","Area harvested","01372","Cashew nuts, in shell","2024","2024","ha","13500","E","Estimated value",""
"QCL","Crops and livestock products","694","Sierra Leone","5510","Production","01372","Cashew nuts, in shell","2024","2024","t","2800","E","Estimated value",""
"QCL","Crops and livestock products","694","Sierra Leone","5312","Area harvested","01520.01","Cassava, fresh","2024","2024","ha","262326","A","Official value",""
"QCL","Crops and livestock products","694","Sierra Leone","5510","Production","01520.01","Cassava, fresh","2024","2024","t","2855435.8","A","Official value",""
"QCL","Crops and livestock products","694","Sierra Leone","5510","Production","21512","Cattle fat, unrendered","2024","2024","t","405.97","I","Value imputed by a receiving agency",""
"QCL","Crops and livestock products","694","Sierra Leone","5312","Area harvested","01199.90","Cereals n.e.c.","2024","2024","ha","17550","I","Value imputed by a receiving agency",""
"QCL","Crops and livestock products","694","Sierra Leone","5510","Production","01199.90","Cereals n.e.c.","2024","2024","t","15905.76","I","Value imputed by a receiving agency",""
"QCL","Crops and livestock products","694","Sierra Leone","5312","Area harvested","01652","Chillies and peppers, dry (Capsicum spp., Pimenta spp.), raw","2024","2024","ha","950","E","Estimated value",""
"QCL","Crops and livestock products","694","Sierra Leone","5510","Production","01652","Chillies and peppers, dry (Capsicum spp., Pimenta spp.), raw","2024","2024","t","4322.1","I","Value imputed by a receiving agency",""
"QCL","Crops and livestock products","694","Sierra Leone","5312","Area harvested","01231","Chillies and peppers, green (Capsicum spp. and Pimenta spp.)","2024","2024","ha","29121","A","Official value",""
"QCL","Crops and livestock products","694","Sierra Leone","5510","Production","01231","Chillies and peppers, green (Capsicum spp. and Pimenta spp.)","2024","2024","t","35477.8","A","Official value",""
"QCL","Crops and livestock products","694","Sierra Leone","5312","Area harvested","01640","Cocoa beans","2024","2024","ha","198714","A","Official value",""
"QCL","Crops and livestock products","694","Sierra Leone","5510","Production","01640","Cocoa beans","2024","2024","t","93749.6","A","Official value",""
"QCL","Crops and livestock products","694","Sierra Leone","5312","Area harvested","01460","Coconuts, in shell","2024","2024","ha","7744","I","Value imputed by a receiving agency",""
"QCL","Crops and livestock products","694","Sierra Leone","5510","Production","01460","Coconuts, in shell","2024","2024","t","7837.7","I","Value imputed by a receiving agency",""
"QCL","Crops and livestock products","694","Sierra Leone","5312","Area harvested","01610","Coffee, green","2024","2024","ha","1499","I","Value imputed by a receiving agency",""
"QCL","Crops and livestock products","694","Sierra Leone","5510","Production","01610","Coffee, green","2024","2024","t","2208.05","I","Value imputed by a receiving agency",""
"QCL","Crops and livestock products","694","Sierra Leone","5312","Area harvested","01232","Cucumbers and gherkins","2024","2024","ha","46477","A","Official value",""
"QCL","Crops and livestock products","694","Sierra Leone","5510","Production","01232","Cucumbers and gherkins","2024","2024","t","184938.7","A","Official value",""
"QCL","Crops and livestock products","694","Sierra Leone","5510","Production","21151","Edible offal of cattle, fresh, chilled or frozen","2024","2024","t","3383.06","I","Value imputed by a receiving agency",""
"QCL","Crops and livestock products","694","Sierra Leone","5510","Production","21156","Edible offal of goat, fresh, chilled or frozen","2024","2024","t","392.1","I","Value imputed by a receiving agency",""
"QCL","Crops and livestock products","694","Sierra Leone","5510","Production","21153","Edible offal of pigs, fresh, chilled or frozen","2024","2024","t","82.69","I","Value imputed by a receiving agency",""
"QCL","Crops and livestock products","694","Sierra Leone","5510","Production","21155","Edible offal of sheep, fresh, chilled or frozen","2024","2024","t","376.03","I","Value imputed by a receiving agency",""
"QCL","Crops and livestock products","694","Sierra Leone","5312","Area harvested","01233","Eggplants (aubergines)","2024","2024","ha","420","E","Estimated value",""
"QCL","Crops and livestock products","694","Sierra Leone","5510","Production","01233","Eggplants (aubergines)","2024","2024","t","3000","E","Estimated value",""
"QCL","Crops and livestock products","694","Sierra Leone","5510","Production","0232","Eggs from other birds in shell, fresh, n.e.c.","2024","2024","t","10","E","Estimated value",""
"QCL","Crops and livestock products","694","Sierra Leone","5513","Production","0232","Eggs from other birds in shell, fresh, n.e.c.","2024","2024","1000 No","250","E","Estimated value",""
"QCL","Crops and livestock products","694","Sierra Leone","5510","Production","21511.01","Fat of pigs","2024","2024","t","101.59","I","Value imputed by a receiving agency",""
"QCL","Crops and livestock products","694","Sierra Leone","5510","Production","21170.02","Game meat, fresh, chilled or frozen","2024","2024","t","3421.55","E","Estimated value",""
"QCL","Crops and livestock products","694","Sierra Leone","5510","Production","21515","Goat fat, unrendered","2024","2024","t","39.21","I","Value imputed by a receiving agency",""
"QCL","Crops and livestock products","694","Sierra Leone","5312","Area harvested","0142","Groundnuts, excluding shelled","2024","2024","ha","125530","A","Official value",""
"QCL","Crops and livestock products","694","Sierra Leone","5510","Production","0142","Groundnuts, excluding shelled","2024","2024","t","101388.6","A","Official value",""
"QCL","Crops and livestock products","694","Sierra Leone","5510","Production","0231","Hen eggs in shell, fresh","2024","2024","t","11579.76","E","Estimated value",""
"QCL","Crops and livestock products","694","Sierra Leone","5513","Production","0231","Hen eggs in shell, fresh","2024","2024","1000 No","246378","E","Estimated value",""
"QCL","Crops and livestock products","694","Sierra Leone","5312","Area harvested","01379.02","Kola nuts","2024","2024","ha","19417","A","Official value",""
"QCL","Crops and livestock products","694","Sierra Leone","5510","Production","01379.02","Kola nuts","2024","2024","t","4790.3","A","Official value",""
"QCL","Crops and livestock products","694","Sierra Leone","5312","Area harvested","01704","Lentils, dry","2024","2024","ha","3000","E","Estimated value",""
"QCL","Crops and livestock products","694","Sierra Leone","5510","Production","01704","Lentils, dry","2024","2024","t","2600","E","Estimated value",""
"QCL","Crops and livestock products","694","Sierra Leone","5312","Area harvested","0112","Maize (corn)","2024","2024","ha","16108","I","Value imputed by a receiving agency",""
"QCL","Crops and livestock products","694","Sierra Leone","5510","Production","0112","Maize (corn)","2024","2024","t","27442.91","I","Value imputed by a receiving agency",""
"QCL","Crops and livestock products","694","Sierra Leone","5312","Area harvested","01316","Mangoes, guavas and mangosteens","2024","2024","ha","10226","I","Value imputed by a receiving agency",""
"QCL","Crops and livestock products","694","Sierra Leone","5510","Production","01316","Mangoes, guavas and mangosteens","2024","2024","t","32986.27","I","Value imputed by a receiving agency",""
"QCL","Crops and livestock products","694","Sierra Leone","5510","Production","21111.01","Meat of cattle with the bone, fresh or chilled","2024","2024","t","11276.86","I","Value imputed by a receiving agency",""
"QCL","Crops and livestock products","694","Sierra Leone","5510","Production","21121","Meat of chickens, fresh or chilled","2024","2024","t","18321.5","I","Value imputed by a receiving agency",""
"QCL","Crops and livestock products","694","Sierra Leone","5510","Production","21122","Meat of ducks, fresh or chilled","2024","2024","t","2132.62","I","Value imputed by a receiving agency",""
"QCL","Crops and livestock products","694","Sierra Leone","5510","Production","21116","Meat of goat, fresh or chilled","2024","2024","t","1764.44","I","Value imputed by a receiving agency",""
"QCL","Crops and livestock products","694","Sierra Leone","5510","Production","21113.01","Meat of pig with the bone, fresh or chilled","2024","2024","t","1937.36","I","Value imputed by a receiving agency",""
"QCL","Crops and livestock products","694","Sierra Leone","5510","Production","21114","Meat of rabbits and hares, fresh or chilled","2024","2024","t","7981.49","I","Value imputed by a receiving agency",""
"QCL","Crops and livestock products","694","Sierra Leone","5510","Production","21115","Meat of sheep, fresh or chilled","2024","2024","t","1880.14","I","Value imputed by a receiving agency",""
"QCL","Crops and livestock products","694","Sierra Leone","5312","Area harvested","0118","Millet","2024","2024","ha","14773","A","Official value",""
"QCL","Crops and livestock products","694","Sierra Leone","5510","Production","0118","Millet","2024","2024","t","7444.5","A","Official value",""
"QCL","Crops and livestock products","694","Sierra Leone","5510","Production","02910","Natural honey","2024","2024","t","2240.35","A","Official value",""
"QCL","Crops and livestock products","694","Sierra Leone","5312","Area harvested","01491.01","Oil palm fruit","2024","2024","ha","51556","I","Value imputed by a receiving agency",""
"QCL","Crops and livestock products","694","Sierra Leone","5510","Production","01491.01","Oil palm fruit","2024","2024","t","401641.84","I","Value imputed by a receiving agency",""
"QCL","Crops and livestock products","694","Sierra Leone","5312","Area harvested","01239.01","Okra","2024","2024","ha","26265","A","Official value",""
"QCL","Crops and livestock products","694","Sierra Leone","5510","Production","01239.01","Okra","2024","2024","t","84287.4","A","Official value",""
"QCL","Crops and livestock products","694","Sierra Leone","5312","Area harvested","01329","Other citrus fruit, n.e.c.","2024","2024","ha","19966","E","Estimated value",""
"QCL","Crops and livestock products","694","Sierra Leone","5510","Production","01329","Other citrus fruit, n.e.c.","2024","2024","t","113690.15","E","Estimated value",""
"QCL","Crops and livestock products","694","Sierra Leone","5312","Area harvested","01929.90","Other fibre crops, raw, n.e.c.","2024","2024","ha","2039","I","Value imputed by a receiving agency",""
"QCL","Crops and livestock products","694","Sierra Leone","5510","Production","01929.90","Other fibre crops, raw, n.e.c.","2024","2024","t","9504.56","I","Value imputed by a receiving agency",""
"QCL","Crops and livestock products","694","Sierra Leone","5312","Area harvested","01359.90","Other fruits, n.e.c.","2024","2024","ha","17574","E","Estimated value",""
"QCL","Crops and livestock products","694","Sierra Leone","5510","Production","01359.90","Other fruits, n.e.c.","2024","2024","t","98172.99","E","Estimated value",""
"QCL","Crops and livestock products","694","Sierra Leone","5312","Area harvested","01709.90","Other pulses n.e.c.","2024","2024","ha","119429","I","Value imputed by a receiving agency",""
"QCL","Crops and livestock products","694","Sierra Leone","5510","Production","01709.90","Other pulses n.e.c.","2024","2024","t","76035","I","Value imputed by a receiving agency",""
"QCL","Crops and livestock products","694","Sierra Leone","5312","Area harvested","01699","Other stimulant, spice and aromatic crops, n.e.c.","2024","2024","ha","13877","A","Official value",""
"QCL","Crops and livestock products","694","Sierra Leone","5510","Production","01699","Other stimulant, spice and aromatic crops, n.e.c.","2024","2024","t","30634","A","Official value",""
"QCL","Crops and livestock products","694","Sierra Leone","5312","Area harvested","01290.90","Other vegetables, fresh n.e.c.","2024","2024","ha","15000","E","Estimated value",""
"QCL","Crops and livestock products","694","Sierra Leone","5510","Production","01290.90","Other vegetables, fresh n.e.c.","2024","2024","t","150000","E","Estimated value",""
"QCL","Crops and livestock products","694","Sierra Leone","5312","Area harvested","01705","Peas, dry","2024","2024","ha","4357","I","Value imputed by a receiving agency",""
"QCL","Crops and livestock products","694","Sierra Leone","5510","Production","01705","Peas, dry","2024","2024","t","3754.47","I","Value imputed by a receiving agency",""
"QCL","Crops and livestock products","694","Sierra Leone","5312","Area harvested","01313","Plantains and cooking bananas","2024","2024","ha","8509","E","Estimated value",""
"QCL","Crops and livestock products","694","Sierra Leone","5510","Production","01313","Plantains and cooking bananas","2024","2024","t","47238.03","E","Estimated value",""
"QCL","Crops and livestock products","694","Sierra Leone","5312","Area harvested","01235","Pumpkins, squash and gourds","2024","2024","ha","160","E","Estimated value",""
"QCL","Crops and livestock products","694","Sierra Leone","5510","Production","01235","Pumpkins, squash and gourds","2024","2024","t","1020","E","Estimated value",""
"QCL","Crops and livestock products","694","Sierra Leone","5510","Production","02951.01","Raw hides and skins of cattle","2024","2024","t","2480.91","I","Value imputed by a receiving agency",""
"QCL","Crops and livestock products","694","Sierra Leone","5510","Production","02954","Raw hides and skins of goats or kids","2024","2024","t","548.94","I","Value imputed by a receiving agency",""
"QCL","Crops and livestock products","694","Sierra Leone","5510","Production","02953","Raw hides and skins of sheep or lambs","2024","2024","t","341.84","I","Value imputed by a receiving agency",""
"QCL","Crops and livestock products","694","Sierra Leone","5510","Production","02211","Raw milk of cattle","2024","2024","t","153284.53","I","Value imputed by a receiving agency",""
"QCL","Crops and livestock products","694","Sierra Leone","5312","Area harvested","0113","Rice","2024","2024","ha","987345","I","Value imputed by a receiving agency",""
"QCL","Crops and livestock products","694","Sierra Leone","5510","Production","0113","Rice","2024","2024","t","1390800","A","Official value",""
"QCL","Crops and livestock products","694","Sierra Leone","5312","Area harvested","01444","Sesame seed","2024","2024","ha","9099","I","Value imputed by a receiving agency",""
"QCL","Crops and livestock products","694","Sierra Leone","5510","Production","01444","Sesame seed","2024","2024","t","7042.6","A","Official value",""
"QCL","Crops and livestock products","694","Sierra Leone","5510","Production","21514","Sheep fat, unrendered","2024","2024","t","51.28","I","Value imputed by a receiving agency",""
"QCL","Crops and livestock products","694","Sierra Leone","5312","Area harvested","0114","Sorghum","2024","2024","ha","60000","X","Value from external organization","Unofficial figure"
"QCL","Crops and livestock products","694","Sierra Leone","5510","Production","0114","Sorghum","2024","2024","t","60000","X","Value from external organization","Unofficial figure"
"QCL","Crops and livestock products","694","Sierra Leone","5312","Area harvested","0141","Soya beans","2024","2024","ha","11184","A","Official value",""
"QCL","Crops and livestock products","694","Sierra Leone","5510","Production","0141","Soya beans","2024","2024","t","7485.4","A","Official value",""
"QCL","Crops and livestock products","694","Sierra Leone","5312","Area harvested","01802","Sugar cane","2024","2024","ha","1193","I","Value imputed by a receiving agency",""
"QCL","Crops and livestock products","694","Sierra Leone","5510","Production","01802","Sugar cane","2024","2024","t","83182.13","I","Value imputed by a receiving agency",""
"QCL","Crops and livestock products","694","Sierra Leone","5312","Area harvested","01530","Sweet potatoes","2024","2024","ha","31045","I","Value imputed by a receiving agency",""
"QCL","Crops and livestock products","694","Sierra Leone","5510","Production","01530","Sweet potatoes","2024","2024","t","254822.83","I","Value imputed by a receiving agency",""
"QCL","Crops and livestock products","694","Sierra Leone","5312","Area harvested","01550","Taro","2024","2024","ha","1144","E","Estimated value",""
"QCL","Crops and livestock products","694","Sierra Leone","5510","Production","01550","Taro","2024","2024","t","2932.96","E","Estimated value",""
"QCL","Crops and livestock products","694","Sierra Leone","5312","Area harvested","01620","Tea leaves","2024","2024","ha","640","E","Estimated value",""
"QCL","Crops and livestock products","694","Sierra Leone","5510","Production","01620","Tea leaves","2024","2024","t","4800","E","Estimated value",""
"QCL","Crops and livestock products","694","Sierra Leone","5312","Area harvested","01234","Tomatoes","2024","2024","ha","2365","I","Value imputed by a receiving agency",""
"QCL","Crops and livestock products","694","Sierra Leone","5510","Production","01234","Tomatoes","2024","2024","t","20448.05","I","Value imputed by a receiving agency",""
"QCL","Crops and livestock products","694","Sierra Leone","5312","Area harvested","01970","Unmanufactured tobacco","2024","2024","ha","101","E","Estimated value",""
"QCL","Crops and livestock products","694","Sierra Leone","5510","Production","01970","Unmanufactured tobacco","2024","2024","t","47.85","E","Estimated value",""
"QCL","Crops and livestock products","694","Sierra Leone","5312","Area harvested","01540","Yams","2024","2024","ha","19771","A","Official value",""
"QCL","Crops and livestock products","694","Sierra Leone","5510","Production","01540","Yams","2024","2024","t","87620.1","A","Official value",""
"QCL","Crops and livestock products","800","Uganda","5312","Area harvested","01312","Bananas","2024","2024","ha","","M","Missing value; data cannot exist",""
"QCL","Crops and livestock products","800","Uganda","5510","Production","01312","Bananas","2024","2024","t","","M","Missing value; data cannot exist",""
"QCL","Crops and livestock products","800","Uganda","5312","Area harvested","01701","Beans, dry","2024","2024","ha","863246","I","Value imputed by a receiving agency",""
"QCL","Crops and livestock products","800","Uganda","5510","Production","01701","Beans, dry","2024","2024","t","793122.97","I","Value imputed by a receiving agency",""
"QCL","Crops and livestock products","800","Uganda","5510","Production","02960.01","Beeswax","2024","2024","t","613.91","I","Value imputed by a receiving agency",""
"QCL","Crops and livestock products","800","Uganda","5312","Area harvested","01520.01","Cassava, fresh","2024","2024","ha","826544","I","Value imputed by a receiving agency",""
"QCL","Crops and livestock products","800","Uganda","5510","Production","01520.01","Cassava, fresh","2024","2024","t","1628999.06","I","Value imputed by a receiving agency",""
"QCL","Crops and livestock products","800","Uganda","5312","Area harvested","01447","Castor oil seeds","2024","2024","ha","3000","X","Value from external organization","Unofficial figure"
"QCL","Crops and livestock products","800","Uganda","5510","Production","01447","Castor oil seeds","2024","2024","t","1000","X","Value from external organization","Unofficial figure"
"QCL","Crops and livestock products","800","Uganda","5510","Production","21512","Cattle fat, unrendered","2024","2024","t","4948.8","I","Value imputed by a receiving agency",""
"QCL","Crops and livestock products","800","Uganda","5312","Area harvested","01703","Chick peas, dry","2024","2024","ha","9024","E","Estimated value",""
"QCL","Crops and livestock products","800","Uganda","5510","Production","01703","Chick peas, dry","2024","2024","t","5600.03","E","Estimated value",""
"QCL","Crops and livestock products","800","Uganda","5312","Area harvested","01652","Chillies and peppers, dry (Capsicum spp., Pimenta spp.), raw","2024","2024","ha","3182","I","Value imputed by a receiving agency",""
"QCL","Crops and livestock products","800","Uganda","5510","Production","01652","Chillies and peppers, dry (Capsicum spp., Pimenta spp.), raw","2024","2024","t","3226.52","I","Value imputed by a receiving agency",""
"QCL","Crops and livestock products","800","Uganda","5312","Area harvested","01640","Cocoa beans","2024","2024","ha","103197","I","Value imputed by a receiving agency",""
"QCL","Crops and livestock products","800","Uganda","5510","Production","01640","Cocoa beans","2024","2024","t","55000","X","Value from external organization","Unofficial figure"
"QCL","Crops and livestock products","800","Uganda","5312","Area harvested","01610","Coffee, green","2024","2024","ha","736547","I","Value imputed by a receiving agency",""
"QCL","Crops and livestock products","800","Uganda","5510","Production","01610","Coffee, green","2024","2024","t","402000","X","Value from external organization","Unofficial figure"
"QCL","Crops and livestock products","800","Uganda","5312","Area harvested","01706","Cow peas, dry","2024","2024","ha","25929","E","Estimated value",""
"QCL","Crops and livestock products","800","Uganda","5510","Production","01706","Cow peas, dry","2024","2024","t","12561.17","E","Estimated value",""
"QCL","Crops and livestock products","800","Uganda","5510","Production","21151","Edible offal of cattle, fresh, chilled or frozen","2024","2024","t","40085.32","I","Value imputed by a receiving agency",""
"QCL","Crops and livestock products","800","Uganda","5510","Production","21156","Edible offal of goat, fresh, chilled or frozen","2024","2024","t","9500.04","I","Value imputed by a receiving agency",""
"QCL","Crops and livestock products","800","Uganda","5510","Production","21153","Edible offal of pigs, fresh, chilled or frozen","2024","2024","t","17229.37","I","Value imputed by a receiving agency",""
"QCL","Crops and livestock products","800","Uganda","5510","Production","21155","Edible offal of sheep, fresh, chilled or frozen","2024","2024","t","1064.05","I","Value imputed by a receiving agency",""
"QCL","Crops and livestock products","800","Uganda","5510","Production","21511.01","Fat of pigs","2024","2024","t","17229.37","I","Value imputed by a receiving agency",""
"QCL","Crops and livestock products","800","Uganda","5312","Area harvested","01657","Ginger, raw","2024","2024","ha","355","I","Value imputed by a receiving agency",""
"QCL","Crops and livestock products","800","Uganda","5510","Production","01657","Ginger, raw","2024","2024","t","1231.74","I","Value imputed by a receiving agency",""
"QCL","Crops and livestock products","800","Uganda","5510","Production","21515","Goat fat, unrendered","2024","2024","t","1076.67","I","Value imputed by a receiving agency",""
"QCL","Crops and livestock products","800","Uganda","5312","Area harvested","0142","Groundnuts, excluding shelled","2024","2024","ha","330000","X","Value from external organization","Unofficial figure"
"QCL","Crops and livestock products","800","Uganda","5510","Production","0142","Groundnuts, excluding shelled","2024","2024","t","150000","X","Value from external organization","Unofficial figure"
"QCL","Crops and livestock products","800","Uganda","5510","Production","0231","Hen eggs in shell, fresh","2024","2024","t","44022.31","I","Value imputed by a receiving agency",""
"QCL","Crops and livestock products","800","Uganda","5513","Production","0231","Hen eggs in shell, fresh","2024","2024","1000 No","1023775","I","Value imputed by a receiving agency",""
"QCL","Crops and livestock products","800","Uganda","5312","Area harvested","0112","Maize (corn)","2024","2024","ha","2300000","X","Value from external organization","Unofficial figure"
"QCL","Crops and livestock products","800","Uganda","5510","Production","0112","Maize (corn)","2024","2024","t","5000000","X","Value from external organization","Unofficial figure"
"QCL","Crops and livestock products","800","Uganda","5510","Production","21111.01","Meat of cattle with the bone, fresh or chilled","2024","2024","t","237542.63","I","Value imputed by a receiving agency",""
"QCL","Crops and livestock products","800","Uganda","5510","Production","21121","Meat of chickens, fresh or chilled","2024","2024","t","132768.44","I","Value imputed by a receiving agency",""
"QCL","Crops and livestock products","800","Uganda","5510","Production","21116","Meat of goat, fresh or chilled","2024","2024","t","31033.47","I","Value imputed by a receiving agency",""
"QCL","Crops and livestock products","800","Uganda","5510","Production","21113.01","Meat of pig with the bone, fresh or chilled","2024","2024","t","205723.83","E","Estimated value",""
"QCL","Crops and livestock products","800","Uganda","5510","Production","21115","Meat of sheep, fresh or chilled","2024","2024","t","4739.85","E","Estimated value",""
"QCL","Crops and livestock products","800","Uganda","5312","Area harvested","0118","Millet","2024","2024","ha","88368","I","Value imputed by a receiving agency",""
"QCL","Crops and livestock products","800","Uganda","5510","Production","0118","Millet","2024","2024","t","120000","X","Value from external organization","Unofficial figure"
"QCL","Crops and livestock products","800","Uganda","5510","Production","02910","Natural honey","2024","2024","t","21635.16","I","Value imputed by a receiving agency",""
"QCL","Crops and livestock products","800","Uganda","5312","Area harvested","01253.02","Onions and shallots, dry (excluding dehydrated)","2024","2024","ha","82799","E","Estimated value",""
"QCL","Crops and livestock products","800","Uganda","5510","Production","01253.02","Onions and shallots, dry (excluding dehydrated)","2024","2024","t","330574.73","E","Estimated value",""
"QCL","Crops and livestock products","800","Uganda","5312","Area harvested","01359.90","Other fruits, n.e.c.","2024","2024","ha","7913","I","Value imputed by a receiving agency",""
"QCL","Crops and livestock products","800","Uganda","5510","Production","01359.90","Other fruits, n.e.c.","2024","2024","t","52430.97","I","Value imputed by a receiving agency",""
"QCL","Crops and livestock products","800","Uganda","5510","Production","21119.90","Other meat of mammals, fresh or chilled","2024","2024","t","30556.38","E","Estimated value",""
"QCL","Crops and livestock products","800","Uganda","5312","Area harvested","01449.90","Other oil seeds, n.e.c.","2024","2024","ha","55203","E","Estimated value",""
"QCL","Crops and livestock products","800","Uganda","5510","Production","01449.90","Other oil seeds, n.e.c.","2024","2024","t","48779.99","E","Estimated value",""
"QCL","Crops and livestock products","800","Uganda","5312","Area harvested","01290.90","Other vegetables, fresh n.e.c.","2024","2024","ha","154980","I","Value imputed by a receiving agency",""
"QCL","Crops and livestock products","800","Uganda","5510","Production","01290.90","Other vegetables, fresh n.e.c.","2024","2024","t","1024855.24","I","Value imputed by a receiving agency",""
"QCL","Crops and livestock products","800","Uganda","5312","Area harvested","01705","Peas, dry","2024","2024","ha","25418","I","Value imputed by a receiving agency",""
"QCL","Crops and livestock products","800","Uganda","5510","Production","01705","Peas, dry","2024","2024","t","12189.96","I","Value imputed by a receiving agency",""
"QCL","Crops and livestock products","800","Uganda","5312","Area harvested","01651","Pepper (Piper spp.), raw","2024","2024","ha","1689","I","Value imputed by a receiving agency",""
"QCL","Crops and livestock products","800","Uganda","5510","Production","01651","Pepper (Piper spp.), raw","2024","2024","t","2216.78","I","Value imputed by a receiving agency",""
"QCL","Crops and livestock products","800","Uganda","5312","Area harvested","01707","Pigeon peas, dry","2024","2024","ha","40117","E","Estimated value",""
"QCL","Crops and livestock products","800","Uganda","5510","Production","01707","Pigeon peas, dry","2024","2024","t","13513.61","E","Estimated value",""
"QCL","Crops and livestock products","800","Uganda","5312","Area harvested","01318","Pineapples","2024","2024","ha","1038","I","Value imputed by a receiving agency",""
"QCL","Crops and livestock products","800","Uganda","5510","Production","01318","Pineapples","2024","2024","t","8828.37","I","Value imputed by a receiving agency",""
"QCL","Crops and livestock products","800","Uganda","5312","Area harvested","01313","Plantains and cooking bananas","2024","2024","ha","2694018","I","Value imputed by a receiving agency",""
"QCL","Crops and livestock products","800","Uganda","5510","Production","01313","Plantains and cooking bananas","2024","2024","t","11834262.18","I","Value imputed by a receiving agency",""
"QCL","Crops and livestock products","800","Uganda","5312","Area harvested","01510","Potatoes","2024","2024","ha","67279","E","Estimated value",""
"QCL","Crops and livestock products","800","Uganda","5510","Production","01510","Potatoes","2024","2024","t","461361.34","I","Value imputed by a receiving agency",""
"QCL","Crops and livestock products","800","Uganda","5510","Production","02951.01","Raw hides and skins of cattle","2024","2024","t","33651.87","I","Value imputed by a receiving agency",""
"QCL","Crops and livestock products","800","Uganda","5510","Production","02954","Raw hides and skins of goats or kids","2024","2024","t","6333.36","I","Value imputed by a receiving agency",""
"QCL","Crops and livestock products","800","Uganda","5510","Production","02953","Raw hides and skins of sheep or lambs","2024","2024","t","831.89","I","Value imputed by a receiving agency",""
"QCL","Crops and livestock products","800","Uganda","5510","Production","02211","Raw milk of cattle","2024","2024","t","3850000","E","Estimated value",""
"QCL","Crops and livestock products","800","Uganda","5312","Area harvested","0113","Rice","2024","2024","ha","230000","X","Value from external organization","Unofficial figure"
"QCL","Crops and livestock products","800","Uganda","5510","Production","0113","Rice","2024","2024","t","300000","X","Value from external organization","Unofficial figure"
"QCL","Crops and livestock products","800","Uganda","5312","Area harvested","01921.01","Seed cotton, unginned","2024","2024","ha","97000","X","Value from external organization","Unofficial figure"
"QCL","Crops and livestock products","800","Uganda","5510","Production","01921.01","Seed cotton, unginned","2024","2024","t","149307.85","I","Value imputed by a receiving agency",""
"QCL","Crops and livestock products","800","Uganda","5312","Area harvested","01444","Sesame seed","2024","2024","ha","215000","X","Value from external organization","Unofficial figure"
"QCL","Crops and livestock products","800","Uganda","5510","Production","01444","Sesame seed","2024","2024","t","140000","X","Value from external organization","Unofficial figure"
"QCL","Crops and livestock products","800","Uganda","5510","Production","21514","Sheep fat, unrendered","2024","2024","t","106.4","I","Value imputed by a receiving agency",""
"QCL","Crops and livestock products","800","Uganda","5312","Area harvested","01929.05","Sisal, raw","2024","2024","ha","2","I","Value imputed by a receiving agency",""
"QCL","Crops and livestock products","800","Uganda","5510","Production","01929.05","Sisal, raw","2024","2024","t","4.4","E","Estimated value",""
"QCL","Crops and livestock products","800","Uganda","5312","Area harvested","0114","Sorghum","2024","2024","ha","320000","X","Value from external organization","Unofficial figure"
"QCL","Crops and livestock products","800","Uganda","5510","Production","0114","Sorghum","2024","2024","t","225000","X","Value from external organization","Unofficial figure"
"QCL","Crops and livestock products","800","Uganda","5312","Area harvested","0141","Soya beans","2024","2024","ha","210000","X","Value from external organization","Unofficial figure"
"QCL","Crops and livestock products","800","Uganda","5510","Production","0141","Soya beans","2024","2024","t","155000","X","Value from external organization","Unofficial figure"
"QCL","Crops and livestock products","800","Uganda","5312","Area harvested","01802","Sugar cane","2024","2024","ha","87249","E","Estimated value",""
"QCL","Crops and livestock products","800","Uganda","5510","Production","01802","Sugar cane","2024","2024","t","6104830.28","I","Value imputed by a receiving agency",""
"QCL","Crops and livestock products","800","Uganda","5312","Area harvested","01445","Sunflower seed","2024","2024","ha","280000","X","Value from external organization","Unofficial figure"
"QCL","Crops and livestock products","800","Uganda","5510","Production","01445","Sunflower seed","2024","2024","t","285000","X","Value from external organization","Unofficial figure"
"QCL","Crops and livestock products","800","Uganda","5312","Area harvested","01530","Sweet potatoes","2024","2024","ha","221783","I","Value imputed by a receiving agency",""
"QCL","Crops and livestock products","800","Uganda","5510","Production","01530","Sweet potatoes","2024","2024","t","1026776.85","I","Value imputed by a receiving agency",""
"QCL","Crops and livestock products","800","Uganda","5312","Area harvested","01620","Tea leaves","2024","2024","ha","44765","I","Value imputed by a receiving agency",""
"QCL","Crops and livestock products","800","Uganda","5510","Production","01620","Tea leaves","2024","2024","t","414945.47","I","Value imputed by a receiving agency",""
"QCL","Crops and livestock products","800","Uganda","5312","Area harvested","01234","Tomatoes","2024","2024","ha","6664","E","Estimated value",""
"QCL","Crops and livestock products","800","Uganda","5510","Production","01234","Tomatoes","2024","2024","t","39046.84","E","Estimated value",""
"QCL","Crops and livestock products","800","Uganda","5312","Area harvested","01970","Unmanufactured tobacco","2024","2024","ha","23274","I","Value imputed by a receiving agency",""
"QCL","Crops and livestock products","800","Uganda","5510","Production","01970","Unmanufactured tobacco","2024","2024","t","32091.75","I","Value imputed by a receiving agency",""
"QCL","Crops and livestock products","800","Uganda","5312","Area harvested","01658","Vanilla, raw","2024","2024","ha","364","E","Estimated value",""
"QCL","Crops and livestock products","800","Uganda","5510","Production","01658","Vanilla, raw","2024","2024","t","183.11","E","Estimated value",""
"QCL","Crops and livestock products","800","Uganda","5312","Area harvested","0111","Wheat","2024","2024","ha","15000","X","Value from external organization","Unofficial figure"
"QCL","Crops and livestock products","800","Uganda","5510","Production","0111","Wheat","2024","2024","t","25000","X","Value from external organization","Unofficial figure"
"QCL","Crops and livestock products","834","United Republic of Tanzania","5312","Area harvested","01654","Anise, badian, coriander, cumin, caraway, fennel and juniper berries, raw","2024","2024","ha","1348","E","Estimated value",""
"QCL","Crops and livestock products","834","United Republic of Tanzania","5510","Production","01654","Anise, badian, coriander, cumin, caraway, fennel and juniper berries, raw","2024","2024","t","1359.45","E","Estimated value",""
"QCL","Crops and livestock products","834","United Republic of Tanzania","5312","Area harvested","01312","Bananas","2024","2024","ha","316335","E","Estimated value",""
"QCL","Crops and livestock products","834","United Republic of Tanzania","5510","Production","01312","Bananas","2024","2024","t","3269969.58","E","Estimated value",""
"QCL","Crops and livestock products","834","United Republic of Tanzania","5312","Area harvested","0115","Barley","2024","2024","ha","3864","I","Value imputed by a receiving agency",""
"QCL","Crops and livestock products","834","United Republic of Tanzania","5510","Production","0115","Barley","2024","2024","t","7544.5","I","Value imputed by a receiving agency",""
"QCL","Crops and livestock products","834","United Republic of Tanzania","5312","Area harvested","01701","Beans, dry","2024","2024","ha","1052993","I","Value imputed by a receiving agency",""
"QCL","Crops and livestock products","834","United Republic of Tanzania","5510","Production","01701","Beans, dry","2024","2024","t","1463819.48","I","Value imputed by a receiving agency",""
"QCL","Crops and livestock products","834","United Republic of Tanzania","5510","Production","02960.01","Beeswax","2024","2024","t","1908.48","I","Value imputed by a receiving agency",""
"QCL","Crops and livestock products","834","United Republic of Tanzania","5312","Area harvested","01243","Broad beans and horse beans, green","2024","2024","ha","1721","E","Estimated value",""
"QCL","Crops and livestock products","834","United Republic of Tanzania","5510","Production","01243","Broad beans and horse beans, green","2024","2024","t","6883.84","I","Value imputed by a receiving agency",""
"QCL","Crops and livestock products","834","United Republic of Tanzania","5312","Area harvested","01192","Buckwheat","2024","2024","ha","21322","E","Estimated value",""
"QCL","Crops and livestock products","834","United Republic of Tanzania","5510","Production","01192","Buckwheat","2024","2024","t","22208.09","E","Estimated value",""
"QCL","Crops and livestock products","834","United Republic of Tanzania","5312","Area harvested","01212","Cabbages","2024","2024","ha","7387","I","Value imputed by a receiving agency",""
"QCL","Crops and livestock products","834","United Republic of Tanzania","5510","Production","01212","Cabbages","2024","2024","t","86156.98","E","Estimated value",""
"QCL","Crops and livestock products","834","United Republic of Tanzania","5312","Area harvested","01251","Carrots and turnips","2024","2024","ha","484","I","Value imputed by a receiving agency",""
"QCL","Crops and livestock products","834","United Republic of Tanzania","5510","Production","01251","Carrots and turnips","2024","2024","t","1396.16","I","Value imputed by a receiving agency",""
"QCL","Crops and livestock products","834","United Republic of Tanzania","5312","Area harvested","01372","Cashew nuts, in shell","2024","2024","ha","1325605","E","Estimated value",""
"QCL","Crops and livestock products","834","United Republic of Tanzania","5510","Production","01372","Cashew nuts, in shell","2024","2024","t","528262","A","Official value",""
"QCL","Crops and livestock products","834","United Republic of Tanzania","5312","Area harvested","01520.01","Cassava, fresh","2024","2024","ha","1641363","I","Value imputed by a receiving agency",""
"QCL","Crops and livestock products","834","United Republic of Tanzania","5510","Production","01520.01","Cassava, fresh","2024","2024","t","10532000","E","Estimated value",""
"QCL","Crops and livestock products","834","United Republic of Tanzania","5312","Area harvested","01447","Castor oil seeds","2024","2024","ha","6000","X","Value from external organization","Unofficial figure"
"QCL","Crops and livestock products","834","United Republic of Tanzania","5510","Production","01447","Castor oil seeds","2024","2024","t","3000","X","Value from external organization","Unofficial figure"
"QCL","Crops and livestock products","834","United Republic of Tanzania","5510","Production","21512","Cattle fat, unrendered","2024","2024","t","16655.67","I","Value imputed by a receiving agency",""
"QCL","Crops and livestock products","834","United Republic of Tanzania","5312","Area harvested","01199.90","Cereals n.e.c.","2024","2024","ha","54251","E","Estimated value",""
"QCL","Crops and livestock products","834","United Republic of Tanzania","5510","Production","01199.90","Cereals n.e.c.","2024","2024","t","58217.92","E","Estimated value",""
"QCL","Crops and livestock products","834","United Republic of Tanzania","5312","Area harvested","01703","Chick peas, dry","2024","2024","ha","25756","I","Value imputed by a receiving agency",""
"QCL","Crops and livestock products","834","United Republic of Tanzania","5510","Production","01703","Chick peas, dry","2024","2024","t","23341.82","I","Value imputed by a receiving agency",""
"QCL","Crops and livestock products","834","United Republic of Tanzania","5312","Area harvested","01652","Chillies and peppers, dry (Capsicum spp., Pimenta spp.), raw","2024","2024","ha","3041","E","Estimated value",""
"QCL","Crops and livestock products","834","United Republic of Tanzania","5510","Production","01652","Chillies and peppers, dry (Capsicum spp., Pimenta spp.), raw","2024","2024","t","6777.37","I","Value imputed by a receiving agency",""
"QCL","Crops and livestock products","834","United Republic of Tanzania","5312","Area harvested","01231","Chillies and peppers, green (Capsicum spp. and Pimenta spp.)","2024","2024","ha","603","E","Estimated value",""
"QCL","Crops and livestock products","834","United Republic of Tanzania","5510","Production","01231","Chillies and peppers, green (Capsicum spp. and Pimenta spp.)","2024","2024","t","15855.47","E","Estimated value",""
"QCL","Crops and livestock products","834","United Republic of Tanzania","5312","Area harvested","01656","Cloves (whole stems), raw","2024","2024","ha","7019","E","Estimated value",""
"QCL","Crops and livestock products","834","United Republic of Tanzania","5510","Production","01656","Cloves (whole stems), raw","2024","2024","t","8575.3","E","Estimated value",""
"QCL","Crops and livestock products","834","United Republic of Tanzania","5312","Area harvested","01640","Cocoa beans","2024","2024","ha","20907","I","Value imputed by a receiving agency",""
"QCL","Crops and livestock products","834","United Republic of Tanzania","5510","Production","01640","Cocoa beans","2024","2024","t","15000","X","Value from external organization","Unofficial figure"
"QCL","Crops and livestock products","834","United Republic of Tanzania","5312","Area harvested","01460","Coconuts, in shell","2024","2024","ha","86627","I","Value imputed by a receiving agency",""
"QCL","Crops and livestock products","834","United Republic of Tanzania","5510","Production","01460","Coconuts, in shell","2024","2024","t","513878.9","I","Value imputed by a receiving agency",""
"QCL","Crops and livestock products","834","United Republic of Tanzania","5312","Area harvested","01610","Coffee, green","2024","2024","ha","325635","E","Estimated value",""
"QCL","Crops and livestock products","834","United Republic of Tanzania","5510","Production","01610","Coffee, green","2024","2024","t","77417","A","Official value",""
"QCL","Crops and livestock products","834","United Republic of Tanzania","5312","Area harvested","01706","Cow peas, dry","2024","2024","ha","218150","I","Value imputed by a receiving agency",""
"QCL","Crops and livestock products","834","United Republic of Tanzania","5510","Production","01706","Cow peas, dry","2024","2024","t","221423.48","I","Value imputed by a receiving agency",""
"QCL","Crops and livestock products","834","United Republic of Tanzania","5510","Production","21151","Edible offal of cattle, fresh, chilled or frozen","2024","2024","t","99934.05","I","Value imputed by a receiving agency",""
"QCL","Crops and livestock products","834","United Republic of Tanzania","5510","Production","21156","Edible offal of goat, fresh, chilled or frozen","2024","2024","t","33046","I","Value imputed by a receiving agency",""
"QCL","Crops and livestock products","834","United Republic of Tanzania","5510","Production","21153","Edible offal of pigs, fresh, chilled or frozen","2024","2024","t","5877.5","I","Value imputed by a receiving agency",""
"QCL","Crops and livestock products","834","United Republic of Tanzania","5510","Production","21155","Edible offal of sheep, fresh, chilled or frozen","2024","2024","t","14170","I","Value imputed by a receiving agency",""
"QCL","Crops and livestock products","834","United Republic of Tanzania","5312","Area harvested","01599.10","Edible roots and tubers with high starch or inulin content, n.e.c., fresh","2024","2024","ha","993","E","Estimated value",""
"QCL","Crops and livestock products","834","United Republic of Tanzania","5510","Production","01599.10","Edible roots and tubers with high starch or inulin content, n.e.c., fresh","2024","2024","t","2221.41","E","Estimated value",""
"QCL","Crops and livestock products","834","United Republic of Tanzania","5510","Production","0232","Eggs from other birds in shell, fresh, n.e.c.","2024","2024","t","1850","E","Estimated value",""
"QCL","Crops and livestock products","834","United Republic of Tanzania","5513","Production","0232","Eggs from other birds in shell, fresh, n.e.c.","2024","2024","1000 No","34900","E","Estimated value",""
"QCL","Crops and livestock products","834","United Republic of Tanzania","5510","Production","21511.01","Fat of pigs","2024","2024","t","1507.05","I","Value imputed by a receiving agency",""
"QCL","Crops and livestock products","834","United Republic of Tanzania","5510","Production","21170.02","Game meat, fresh, chilled or frozen","2024","2024","t","24000","E","Estimated value",""
"QCL","Crops and livestock products","834","United Republic of Tanzania","5312","Area harvested","01657","Ginger, raw","2024","2024","ha","1709","I","Value imputed by a receiving agency",""
"QCL","Crops and livestock products","834","United Republic of Tanzania","5510","Production","01657","Ginger, raw","2024","2024","t","4191.22","I","Value imputed by a receiving agency",""
"QCL","Crops and livestock products","834","United Republic of Tanzania","5510","Production","21515","Goat fat, unrendered","2024","2024","t","4321.4","I","Value imputed by a receiving agency",""
"QCL","Crops and livestock products","834","United Republic of Tanzania","5312","Area harvested","01330","Grapes","2024","2024","ha","2632","I","Value imputed by a receiving agency",""
"QCL","Crops and livestock products","834","United Republic of Tanzania","5510","Production","01330","Grapes","2024","2024","t","16640.27","I","Value imputed by a receiving agency",""
"QCL","Crops and livestock products","834","United Republic of Tanzania","5312","Area harvested","01290.01","Green corn (maize)","2024","2024","ha","14328","I","Value imputed by a receiving agency",""
"QCL","Crops and livestock products","834","United Republic of Tanzania","5510","Production","01290.01","Green corn (maize)","2024","2024","t","52419.26","I","Value imputed by a receiving agency",""
"QCL","Crops and livestock products","834","United Republic of Tanzania","5312","Area harvested","01252","Green garlic","2024","2024","ha","1755","E","Estimated value",""
"QCL","Crops and livestock products","834","United Republic of Tanzania","5510","Production","01252","Green garlic","2024","2024","t","6201.37","E","Estimated value",""
"QCL","Crops and livestock products","834","United Republic of Tanzania","5312","Area harvested","0142","Groundnuts, excluding shelled","2024","2024","ha","950000","X","Value from external organization","Unofficial figure"
"QCL","Crops and livestock products","834","United Republic of Tanzania","5510","Production","0142","Groundnuts, excluding shelled","2024","2024","t","760000","X","Value from external organization","Unofficial figure"
"QCL","Crops and livestock products","834","United Republic of Tanzania","5510","Production","0231","Hen eggs in shell, fresh","2024","2024","t","319765.82","E","Estimated value",""
"QCL","Crops and livestock products","834","United Republic of Tanzania","5513","Production","0231","Hen eggs in shell, fresh","2024","2024","1000 No","7105907","A","Official value",""
"QCL","Crops and livestock products","834","United Republic of Tanzania","5312","Area harvested","01322","Lemons and limes","2024","2024","ha","1794","E","Estimated value",""
"QCL","Crops and livestock products","834","United Republic of Tanzania","5510","Production","01322","Lemons and limes","2024","2024","t","10483.99","I","Value imputed by a receiving agency",""
"QCL","Crops and livestock products","834","United Republic of Tanzania","5312","Area harvested","0112","Maize (corn)","2024","2024","ha","5741681","E","Estimated value",""
"QCL","Crops and livestock products","834","United Republic of Tanzania","5510","Production","0112","Maize (corn)","2024","2024","t","10084000","A","Official value",""
"QCL","Crops and livestock products","834","United Republic of Tanzania","5312","Area harvested","01316","Mangoes, guavas and mangosteens","2024","2024","ha","36737","I","Value imputed by a receiving agency",""
"QCL","Crops and livestock products","834","United Republic of Tanzania","5510","Production","01316","Mangoes, guavas and mangosteens","2024","2024","t","493552.28","I","Value imputed by a receiving agency",""
"QCL","Crops and livestock products","834","United Republic of Tanzania","5510","Production","21111.01","Meat of cattle with the bone, fresh or chilled","2024","2024","t","666227","A","Official value",""
"QCL","Crops and livestock products","834","United Republic of Tanzania","5510","Production","21121","Meat of chickens, fresh or chilled","2024","2024","t","147450","A","Official value",""
"QCL","Crops and livestock products","834","United Republic of Tanzania","5510","Production","21122","Meat of ducks, fresh or chilled","2024","2024","t","1315.94","I","Value imputed by a receiving agency",""
"QCL","Crops and livestock products","834","United Republic of Tanzania","5510","Production","21116","Meat of goat, fresh or chilled","2024","2024","t","127100","E","Estimated value",""
"QCL","Crops and livestock products","834","United Republic of Tanzania","5510","Production","21113.01","Meat of pig with the bone, fresh or chilled","2024","2024","t","58775","A","Official value",""
"QCL","Crops and livestock products","834","United Republic of Tanzania","5510","Production","21115","Meat of sheep, fresh or chilled","2024","2024","t","54500","E","Estimated value",""
"QCL","Crops and livestock products","834","United Republic of Tanzania","5312","Area harvested","0118","Millet","2024","2024","ha","300000","X","Value from external organization","Unofficial figure"
"QCL","Crops and livestock products","834","United Republic of Tanzania","5510","Production","0118","Millet","2024","2024","t","325000","X","Value from external organization","Unofficial figure"
"QCL","Crops and livestock products","834","United Republic of Tanzania","5510","Production","02910","Natural honey","2024","2024","t","31902.46","E","Estimated value",""
"QCL","Crops and livestock products","834","United Republic of Tanzania","5312","Area harvested","01653","Nutmeg, mace, cardamoms, raw","2024","2024","ha","1764","I","Value imputed by a receiving agency",""
"QCL","Crops and livestock products","834","United Republic of Tanzania","5510","Production","01653","Nutmeg, mace, cardamoms, raw","2024","2024","t","819.39","E","Estimated value",""
"QCL","Crops and livestock products","834","United Republic of Tanzania","5312","Area harvested","01491.01","Oil palm fruit","2024","2024","ha","5603","E","Estimated value",""
"QCL","Crops and livestock products","834","United Republic of Tanzania","5510","Production","01491.01","Oil palm fruit","2024","2024","t","78692.75","E","Estimated value",""
"QCL","Crops and livestock products","834","United Republic of Tanzania","5312","Area harvested","01239.01","Okra","2024","2024","ha","9690","I","Value imputed by a receiving agency",""
"QCL","Crops and livestock products","834","United Republic of Tanzania","5510","Production","01239.01","Okra","2024","2024","t","43910.11","I","Value imputed by a receiving agency",""
"QCL","Crops and livestock products","834","United Republic of Tanzania","5312","Area harvested","01253.02","Onions and shallots, dry (excluding dehydrated)","2024","2024","ha","21222","I","Value imputed by a receiving agency",""
"QCL","Crops and livestock products","834","United Republic of Tanzania","5510","Production","01253.02","Onions and shallots, dry (excluding dehydrated)","2024","2024","t","218981.93","I","Value imputed by a receiving agency",""
"QCL","Crops and livestock products","834","United Republic of Tanzania","5312","Area harvested","01323","Oranges","2024","2024","ha","28301","I","Value imputed by a receiving agency",""
"QCL","Crops and livestock products","834","United Republic of Tanzania","5510","Production","01323","Oranges","2024","2024","t","393583.58","I","Value imputed by a receiving agency",""
"QCL","Crops and livestock products","834","United Republic of Tanzania","5312","Area harvested","01241.90","Other beans, green","2024","2024","ha","1047","I","Value imputed by a receiving agency",""
"QCL","Crops and livestock products","834","United Republic of Tanzania","5510","Production","01241.90","Other beans, green","2024","2024","t","5457.57","E","Estimated value",""
"QCL","Crops and livestock products","834","United Republic of Tanzania","5312","Area harvested","01329","Other citrus fruit, n.e.c.","2024","2024","ha","14142","E","Estimated value",""
"QCL","Crops and livestock products","834","United Republic of Tanzania","5510","Production","01329","Other citrus fruit, n.e.c.","2024","2024","t","48006.02","E","Estimated value",""
"QCL","Crops and livestock products","834","United Republic of Tanzania","5312","Area harvested","01929.90","Other fibre crops, raw, n.e.c.","2024","2024","ha","1611","I","Value imputed by a receiving agency",""
"QCL","Crops and livestock products","834","United Republic of Tanzania","5510","Production","01929.90","Other fibre crops, raw, n.e.c.","2024","2024","t","8031.61","I","Value imputed by a receiving agency",""
"QCL","Crops and livestock products","834","United Republic of Tanzania","5312","Area harvested","01359.90","Other fruits, n.e.c.","2024","2024","ha","31813","I","Value imputed by a receiving agency",""
"QCL","Crops and livestock products","834","United Republic of Tanzania","5510","Production","01359.90","Other fruits, n.e.c.","2024","2024","t","202246.04","I","Value imputed by a receiving agency",""
"QCL","Crops and livestock products","834","United Republic of Tanzania","5312","Area harvested","01379.90","Other nuts (excluding wild edible nuts and groundnuts), in shell, n.e.c.","2024","2024","ha","6338","E","Estimated value",""
"QCL","Crops and livestock products","834","United Republic of Tanzania","5510","Production","01379.90","Other nuts (excluding wild edible nuts and groundnuts), in shell, n.e.c.","2024","2024","t","29501.97","E","Estimated value",""
"QCL","Crops and livestock products","834","United Republic of Tanzania","5312","Area harvested","01449.90","Other oil seeds, n.e.c.","2024","2024","ha","43006","I","Value imputed by a receiving agency",""
"QCL","Crops and livestock products","834","United Republic of Tanzania","5510","Production","01449.90","Other oil seeds, n.e.c.","2024","2024","t","49564.75","E","Estimated value",""
"QCL","Crops and livestock products","834","United Republic of Tanzania","5312","Area harvested","01709.90","Other pulses n.e.c.","2024","2024","ha","35095","I","Value imputed by a receiving agency",""
"QCL","Crops and livestock products","834","United Republic of Tanzania","5510","Production","01709.90","Other pulses n.e.c.","2024","2024","t","37289.03","I","Value imputed by a receiving agency",""
"QCL","Crops and livestock products","834","United Republic of Tanzania","5312","Area harvested","01319","Other tropical fruits, n.e.c.","2024","2024","ha","19839","I","Value imputed by a receiving agency",""
"QCL","Crops and livestock products","834","United Republic of Tanzania","5510","Production","01319","Other tropical fruits, n.e.c.","2024","2024","t","50648.08","I","Value imputed by a receiving agency",""
"QCL","Crops and livestock products","834","United Republic of Tanzania","5312","Area harvested","01290.90","Other vegetables, fresh n.e.c.","2024","2024","ha","337353","E","Estimated value",""
"QCL","Crops and livestock products","834","United Republic of Tanzania","5510","Production","01290.90","Other vegetables, fresh n.e.c.","2024","2024","t","1952868.45","E","Estimated value",""
"QCL","Crops and livestock products","834","United Republic of Tanzania","5312","Area harvested","01342.01","Pears","2024","2024","ha","692","E","Estimated value",""
"QCL","Crops and livestock products","834","United Republic of Tanzania","5510","Production","01342.01","Pears","2024","2024","t","5191.74","E","Estimated value",""
"QCL","Crops and livestock products","834","United Republic of Tanzania","5312","Area harvested","01705","Peas, dry","2024","2024","ha","29234","I","Value imputed by a receiving agency",""
"QCL","Crops and livestock products","834","United Republic of Tanzania","5510","Production","01705","Peas, dry","2024","2024","t","18229.26","I","Value imputed by a receiving agency",""
"QCL","Crops and livestock products","834","United Republic of Tanzania","5312","Area harvested","01242","Peas, green","2024","2024","ha","5499","E","Estimated value",""
"QCL","Crops and livestock products","834","United Republic of Tanzania","5510","Production","01242","Peas, green","2024","2024","t","9719.8","E","Estimated value",""
"QCL","Crops and livestock products","834","United Republic of Tanzania","5312","Area harvested","01651","Pepper (Piper spp.), raw","2024","2024","ha","983","I","Value imputed by a receiving agency",""
"QCL","Crops and livestock products","834","United Republic of Tanzania","5510","Production","01651","Pepper (Piper spp.), raw","2024","2024","t","436.7","E","Estimated value",""
"QCL","Crops and livestock products","834","United Republic of Tanzania","5312","Area harvested","01707","Pigeon peas, dry","2024","2024","ha","193160","I","Value imputed by a receiving agency",""
"QCL","Crops and livestock products","834","United Republic of Tanzania","5510","Production","01707","Pigeon peas, dry","2024","2024","t","224587.2","I","Value imputed by a receiving agency",""
"QCL","Crops and livestock products","834","United Republic of Tanzania","5312","Area harvested","01318","Pineapples","2024","2024","ha","18923","I","Value imputed by a receiving agency",""
"QCL","Crops and livestock products","834","United Republic of Tanzania","5510","Production","01318","Pineapples","2024","2024","t","469291","I","Value imputed by a receiving agency",""
"QCL","Crops and livestock products","834","United Republic of Tanzania","5312","Area harvested","01313","Plantains and cooking bananas","2024","2024","ha","320143","E","Estimated value",""
"QCL","Crops and livestock products","834","United Republic of Tanzania","5510","Production","01313","Plantains and cooking bananas","2024","2024","t","581005.59","I","Value imputed by a receiving agency",""
"QCL","Crops and livestock products","834","United Republic of Tanzania","5312","Area harvested","01346","Plums and sloes","2024","2024","ha","630","E","Estimated value",""
"QCL","Crops and livestock products","834","United Republic of Tanzania","5510","Production","01346","Plums and sloes","2024","2024","t","4183.23","E","Estimated value",""
"QCL","Crops and livestock products","834","United Republic of Tanzania","5312","Area harvested","01510","Potatoes","2024","2024","ha","64702","I","Value imputed by a receiving agency",""
"QCL","Crops and livestock products","834","United Republic of Tanzania","5510","Production","01510","Potatoes","2024","2024","t","560929.15","I","Value imputed by a receiving agency",""
"QCL","Crops and livestock products","834","United Republic of Tanzania","5312","Area harvested","01930.02","Pyrethrum, dried flowers","2024","2024","ha","7161","I","Value imputed by a receiving agency",""
"QCL","Crops and livestock products","834","United Republic of Tanzania","5510","Production","01930.02","Pyrethrum, dried flowers","2024","2024","t","2866","A","Official value",""
"QCL","Crops and livestock products","834","United Republic of Tanzania","5510","Production","02951.01","Raw hides and skins of cattle","2024","2024","t","128120.58","I","Value imputed by a receiving agency",""
"QCL","Crops and livestock products","834","United Republic of Tanzania","5510","Production","02954","Raw hides and skins of goats or kids","2024","2024","t","25420","I","Value imputed by a receiving agency",""
"QCL","Crops and livestock products","834","United Republic of Tanzania","5510","Production","02953","Raw hides and skins of sheep or lambs","2024","2024","t","13080","I","Value imputed by a receiving agency",""
"QCL","Crops and livestock products","834","United Republic of Tanzania","5510","Production","02211","Raw milk of cattle","2024","2024","t","4130285","A","Official value",""
"QCL","Crops and livestock products","834","United Republic of Tanzania","5510","Production","02292","Raw milk of goats","2024","2024","t","268855.97","I","Value imputed by a receiving agency",""
"QCL","Crops and livestock products","834","United Republic of Tanzania","5312","Area harvested","0113","Rice","2024","2024","ha","1304785","I","Value imputed by a receiving agency",""
"QCL","Crops and livestock products","834","United Republic of Tanzania","5510","Production","0113","Rice","2024","2024","t","4052140.8","I","Value imputed by a receiving agency",""
"QCL","Crops and livestock products","834","United Republic of Tanzania","5312","Area harvested","01446","Safflower seed","2024","2024","ha","25922","E","Estimated value",""
"QCL","Crops and livestock products","834","United Republic of Tanzania","5510","Production","01446","Safflower seed","2024","2024","t","14360.98","E","Estimated value",""
"QCL","Crops and livestock products","834","United Republic of Tanzania","5312","Area harvested","01921.01","Seed cotton, unginned","2024","2024","ha","445817","I","Value imputed by a receiving agency",""
"QCL","Crops and livestock products","834","United Republic of Tanzania","5510","Production","01921.01","Seed cotton, unginned","2024","2024","t","282510","A","Official value",""
"QCL","Crops and livestock products","834","United Republic of Tanzania","5312","Area harvested","01444","Sesame seed","2024","2024","ha","366464","I","Value imputed by a receiving agency",""
"QCL","Crops and livestock products","834","United Republic of Tanzania","5510","Production","01444","Sesame seed","2024","2024","t","272670.13","I","Value imputed by a receiving agency",""
"QCL","Crops and livestock products","834","United Republic of Tanzania","5510","Production","21514","Sheep fat, unrendered","2024","2024","t","3161","I","Value imputed by a receiving agency",""
"QCL","Crops and livestock products","834","United Republic of Tanzania","5510","Production","02941","Shorn wool, greasy, including fleece-washed shorn wool","2024","2024","t","7569.54","I","Value imputed by a receiving agency",""
"QCL","Crops and livestock products","834","United Republic of Tanzania","5312","Area harvested","01929.05","Sisal, raw","2024","2024","ha","81035","I","Value imputed by a receiving agency",""
"QCL","Crops and livestock products","834","United Republic of Tanzania","5510","Production","01929.05","Sisal, raw","2024","2024","t","61216","A","Official value",""
"QCL","Crops and livestock products","834","United Republic of Tanzania","5312","Area harvested","0114","Sorghum","2024","2024","ha","750000","X","Value from external organization","Unofficial figure"
"QCL","Crops and livestock products","834","United Republic of Tanzania","5510","Production","0114","Sorghum","2024","2024","t","800000","X","Value from external organization","Unofficial figure"
"QCL","Crops and livestock products","834","United Republic of Tanzania","5312","Area harvested","0141","Soya beans","2024","2024","ha","35723","I","Value imputed by a receiving agency",""
"QCL","Crops and livestock products","834","United Republic of Tanzania","5510","Production","0141","Soya beans","2024","2024","t","42738.1","I","Value imputed by a receiving agency",""
"QCL","Crops and livestock products","834","United Republic of Tanzania","5312","Area harvested","01802","Sugar cane","2024","2024","ha","48196","I","Value imputed by a receiving agency",""
"QCL","Crops and livestock products","834","United Republic of Tanzania","5510","Production","01802","Sugar cane","2024","2024","t","3343955.26","E","Estimated value",""
"QCL","Crops and livestock products","834","United Republic of Tanzania","5312","Area harvested","01445","Sunflower seed","2024","2024","ha","1100000","X","Value from external organization","Unofficial figure"
"QCL","Crops and livestock products","834","United Republic of Tanzania","5510","Production","01445","Sunflower seed","2024","2024","t","1200000","X","Value from external organization","Unofficial figure"
"QCL","Crops and livestock products","834","United Republic of Tanzania","5312","Area harvested","01530","Sweet potatoes","2024","2024","ha","346027","E","Estimated value",""
"QCL","Crops and livestock products","834","United Republic of Tanzania","5510","Production","01530","Sweet potatoes","2024","2024","t","2227515.07","I","Value imputed by a receiving agency",""
"QCL","Crops and livestock products","834","United Republic of Tanzania","5312","Area harvested","01620","Tea leaves","2024","2024","ha","17185","I","Value imputed by a receiving agency",""
"QCL","Crops and livestock products","834","United Republic of Tanzania","5510","Production","01620","Tea leaves","2024","2024","t","128783.01","I","Value imputed by a receiving agency",""
"QCL","Crops and livestock products","834","United Republic of Tanzania","5312","Area harvested","01234","Tomatoes","2024","2024","ha","42332","I","Value imputed by a receiving agency",""
"QCL","Crops and livestock products","834","United Republic of Tanzania","5510","Production","01234","Tomatoes","2024","2024","t","561092.9","I","Value imputed by a receiving agency",""
"QCL","Crops and livestock products","834","United Republic of Tanzania","5312","Area harvested","01970","Unmanufactured tobacco","2024","2024","ha","157664","E","Estimated value",""
"QCL","Crops and livestock products","834","United Republic of Tanzania","5510","Production","01970","Unmanufactured tobacco","2024","2024","t","117464","A","Official value",""
"QCL","Crops and livestock products","834","United Republic of Tanzania","5312","Area harvested","01221","Watermelons","2024","2024","ha","14041","I","Value imputed by a receiving agency",""
"QCL","Crops and livestock products","834","United Republic of Tanzania","5510","Production","01221","Watermelons","2024","2024","t","102931.37","I","Value imputed by a receiving agency",""
"QCL","Crops and livestock products","834","United Republic of Tanzania","5312","Area harvested","0111","Wheat","2024","2024","ha","86500","I","Value imputed by a receiving agency",""
"QCL","Crops and livestock products","834","United Republic of Tanzania","5510","Production","0111","Wheat","2024","2024","t","119000","A","Official value",""
"QCL","Crops and livestock products","834","United Republic of Tanzania","5312","Area harvested","01540","Yams","2024","2024","ha","1513","E","Estimated value",""
"QCL","Crops and livestock products","834","United Republic of Tanzania","5510","Production","01540","Yams","2024","2024","t","9374.77","E","Estimated value",""
"QCL","Crops and livestock products","716","Zimbabwe","5312","Area harvested","01654","Anise, badian, coriander, cumin, caraway, fennel and juniper berries, raw","2024","2024","ha","114","E","Estimated value",""
"QCL","Crops and livestock products","716","Zimbabwe","5510","Production","01654","Anise, badian, coriander, cumin, caraway, fennel and juniper berries, raw","2024","2024","t","83.89","E","Estimated value",""
"QCL","Crops and livestock products","716","Zimbabwe","5312","Area harvested","01341","Apples","2024","2024","ha","227","A","Official value",""
"QCL","Crops and livestock products","716","Zimbabwe","5510","Production","01341","Apples","2024","2024","t","6583","A","Official value",""
"QCL","Crops and livestock products","716","Zimbabwe","5312","Area harvested","01343","Apricots","2024","2024","ha","23","I","Value imputed by a receiving agency",""
"QCL","Crops and livestock products","716","Zimbabwe","5510","Production","01343","Apricots","2024","2024","t","45.95","I","Value imputed by a receiving agency",""
"QCL","Crops and livestock products","716","Zimbabwe","5312","Area harvested","01216","Artichokes","2024","2024","ha","24","E","Estimated value",""
"QCL","Crops and livestock products","716","Zimbabwe","5510","Production","01216","Artichokes","2024","2024","t","303.9","E","Estimated value",""
"QCL","Crops and livestock products","716","Zimbabwe","5312","Area harvested","01211","Asparagus","2024","2024","ha","72","I","Value imputed by a receiving agency",""
"QCL","Crops and livestock products","716","Zimbabwe","5510","Production","01211","Asparagus","2024","2024","t","302.75","E","Estimated value",""
"QCL","Crops and livestock products","716","Zimbabwe","5312","Area harvested","01311","Avocados","2024","2024","ha","2718","A","Official value",""
"QCL","Crops and livestock products","716","Zimbabwe","5510","Production","01311","Avocados","2024","2024","t","125028","A","Official value",""
"QCL","Crops and livestock products","716","Zimbabwe","5312","Area harvested","01708","Bambara beans, dry","2024","2024","ha","62366","I","Value imputed by a receiving agency",""
"QCL","Crops and livestock products","716","Zimbabwe","5510","Production","01708","Bambara beans, dry","2024","2024","t","19029","A","Official value",""
"QCL","Crops and livestock products","716","Zimbabwe","5312","Area harvested","01312","Bananas","2024","2024","ha","8135","A","Official value",""
"QCL","Crops and livestock products","716","Zimbabwe","5510","Production","01312","Bananas","2024","2024","t","325400","A","Official value",""
"QCL","Crops and livestock products","716","Zimbabwe","5312","Area harvested","0115","Barley","2024","2024","ha","10641","E","Estimated value",""
"QCL","Crops and livestock products","716","Zimbabwe","5510","Production","0115","Barley","2024","2024","t","58150.76","E","Estimated value",""
"QCL","Crops and livestock products","716","Zimbabwe","5312","Area harvested","01701","Beans, dry","2024","2024","ha","34488","A","Official value",""
"QCL","Crops and livestock products","716","Zimbabwe","5510","Production","01701","Beans, dry","2024","2024","t","15042","A","Official value",""
"QCL","Crops and livestock products","716","Zimbabwe","5312","Area harvested","01355.01","Blueberries","2024","2024","ha","644","I","Value imputed by a receiving agency",""
"QCL","Crops and livestock products","716","Zimbabwe","5510","Production","01355.01","Blueberries","2024","2024","t","3631.17","I","Value imputed by a receiving agency",""
"QCL","Crops and livestock products","716","Zimbabwe","5312","Area harvested","01243","Broad beans and horse beans, green","2024","2024","ha","167","E","Estimated value",""
"QCL","Crops and livestock products","716","Zimbabwe","5510","Production","01243","Broad beans and horse beans, green","2024","2024","t","836.82","E","Estimated value",""
"QCL","Crops and livestock products","716","Zimbabwe","5312","Area harvested","01212","Cabbages","2024","2024","ha","12891","A","Official value",""
"QCL","Crops and livestock products","716","Zimbabwe","5510","Production","01212","Cabbages","2024","2024","t","631659","A","Official value",""
"QCL","Crops and livestock products","716","Zimbabwe","5312","Area harvested","01229","Cantaloupes and other melons","2024","2024","ha","29","I","Value imputed by a receiving agency",""
"QCL","Crops and livestock products","716","Zimbabwe","5510","Production","01229","Cantaloupes and other melons","2024","2024","t","463.57","E","Estimated value",""
"QCL","Crops and livestock products","716","Zimbabwe","5312","Area harvested","01251","Carrots and turnips","2024","2024","ha","3921","A","Official value",""
"QCL","Crops and livestock products","716","Zimbabwe","5510","Production","01251","Carrots and turnips","2024","2024","t","98025","A","Official value",""
"QCL","Crops and livestock products","716","Zimbabwe","5312","Area harvested","01520.01","Cassava, fresh","2024","2024","ha","53243","E","Estimated value",""
"QCL","Crops and livestock products","716","Zimbabwe","5510","Production","01520.01","Cassava, fresh","2024","2024","t","255517.27","E","Estimated value",""
"QCL","Crops and livestock products","716","Zimbabwe","5510","Production","21512","Cattle fat, unrendered","2024","2024","t","21577.47","I","Value imputed by a receiving agency",""
"QCL","Crops and livestock products","716","Zimbabwe","5312","Area harvested","01213","Cauliflowers and broccoli","2024","2024","ha","18","E","Estimated value",""
"QCL","Crops and livestock products","716","Zimbabwe","5510","Production","01213","Cauliflowers and broccoli","2024","2024","t","273.48","I","Value imputed by a receiving agency",""
"QCL","Crops and livestock products","716","Zimbabwe","5312","Area harvested","01199.90","Cereals n.e.c.","2024","2024","ha","2304","I","Value imputed by a receiving agency",""
"QCL","Crops and livestock products","716","Zimbabwe","5510","Production","01199.90","Cereals n.e.c.","2024","2024","t","2299.86","I","Value imputed by a receiving agency",""
"QCL","Crops and livestock products","716","Zimbabwe","5312","Area harvested","01373","Chestnuts, in shell","2024","2024","ha","78","I","Value imputed by a receiving agency",""
"QCL","Crops and livestock products","716","Zimbabwe","5510","Production","01373","Chestnuts, in shell","2024","2024","t","90.94","I","Value imputed by a receiving agency",""
"QCL","Crops and livestock products","716","Zimbabwe","5312","Area harvested","01703","Chick peas, dry","2024","2024","ha","258","I","Value imputed by a receiving agency",""
"QCL","Crops and livestock products","716","Zimbabwe","5510","Production","01703","Chick peas, dry","2024","2024","t","492.73","E","Estimated value",""
"QCL","Crops and livestock products","716","Zimbabwe","5312","Area harvested","01652","Chillies and peppers, dry (Capsicum spp., Pimenta spp.), raw","2024","2024","ha","2072","I","Value imputed by a receiving agency",""
"QCL","Crops and livestock products","716","Zimbabwe","5510","Production","01652","Chillies and peppers, dry (Capsicum spp., Pimenta spp.), raw","2024","2024","t","703.41","I","Value imputed by a receiving agency",""
"QCL","Crops and livestock products","716","Zimbabwe","5312","Area harvested","01231","Chillies and peppers, green (Capsicum spp. and Pimenta spp.)","2024","2024","ha","4401","I","Value imputed by a receiving agency",""
"QCL","Crops and livestock products","716","Zimbabwe","5510","Production","01231","Chillies and peppers, green (Capsicum spp. and Pimenta spp.)","2024","2024","t","35157.15","I","Value imputed by a receiving agency",""
"QCL","Crops and livestock products","716","Zimbabwe","5312","Area harvested","01610","Coffee, green","2024","2024","ha","700","A","Official value",""
"QCL","Crops and livestock products","716","Zimbabwe","5510","Production","01610","Coffee, green","2024","2024","t","572","A","Official value",""
"QCL","Crops and livestock products","716","Zimbabwe","5312","Area harvested","01706","Cow peas, dry","2024","2024","ha","65888","A","Official value",""
"QCL","Crops and livestock products","716","Zimbabwe","5510","Production","01706","Cow peas, dry","2024","2024","t","2924","A","Official value",""
"QCL","Crops and livestock products","716","Zimbabwe","5312","Area harvested","01232","Cucumbers and gherkins","2024","2024","ha","2026","A","Official value",""
"QCL","Crops and livestock products","716","Zimbabwe","5510","Production","01232","Cucumbers and gherkins","2024","2024","t","36468","A","Official value",""
"QCL","Crops and livestock products","716","Zimbabwe","5510","Production","21151","Edible offal of cattle, fresh, chilled or frozen","2024","2024","t","107887.35","I","Value imputed by a receiving agency",""
"QCL","Crops and livestock products","716","Zimbabwe","5510","Production","21156","Edible offal of goat, fresh, chilled or frozen","2024","2024","t","5217.72","I","Value imputed by a receiving agency",""
"QCL","Crops and livestock products","716","Zimbabwe","5510","Production","21153","Edible offal of pigs, fresh, chilled or frozen","2024","2024","t","927.43","I","Value imputed by a receiving agency",""
"QCL","Crops and livestock products","716","Zimbabwe","5510","Production","21155","Edible offal of sheep, fresh, chilled or frozen","2024","2024","t","876.51","I","Value imputed by a receiving agency",""
"QCL","Crops and livestock products","716","Zimbabwe","5312","Area harvested","01599.10","Edible roots and tubers with high starch or inulin content, n.e.c., fresh","2024","2024","ha","119","I","Value imputed by a receiving agency",""
"QCL","Crops and livestock products","716","Zimbabwe","5510","Production","01599.10","Edible roots and tubers with high starch or inulin content, n.e.c., fresh","2024","2024","t","1200","I","Value imputed by a receiving agency",""
"QCL","Crops and livestock products","716","Zimbabwe","5510","Production","21511.01","Fat of pigs","2024","2024","t","927.43","I","Value imputed by a receiving agency",""
"QCL","Crops and livestock products","716","Zimbabwe","5510","Production","21170.02","Game meat, fresh, chilled or frozen","2024","2024","t","35714.55","I","Value imputed by a receiving agency",""
"QCL","Crops and livestock products","716","Zimbabwe","5510","Production","21515","Goat fat, unrendered","2024","2024","t","678.3","I","Value imputed by a receiving agency",""
"QCL","Crops and livestock products","716","Zimbabwe","5312","Area harvested","01330","Grapes","2024","2024","ha","434","I","Value imputed by a receiving agency",""
"QCL","Crops and livestock products","716","Zimbabwe","5510","Production","01330","Grapes","2024","2024","t","3543.07","E","Estimated value",""
"QCL","Crops and livestock products","716","Zimbabwe","5312","Area harvested","01290.01","Green corn (maize)","2024","2024","ha","1782","I","Value imputed by a receiving agency",""
"QCL","Crops and livestock products","716","Zimbabwe","5510","Production","01290.01","Green corn (maize)","2024","2024","t","4365.8","I","Value imputed by a receiving agency",""
"QCL","Crops and livestock products","716","Zimbabwe","5312","Area harvested","01252","Green garlic","2024","2024","ha","332","I","Value imputed by a receiving agency",""
"QCL","Crops and livestock products","716","Zimbabwe","5510","Production","01252","Green garlic","2024","2024","t","1912.17","I","Value imputed by a receiving agency",""
"QCL","Crops and livestock products","716","Zimbabwe","5312","Area harvested","0142","Groundnuts, excluding shelled","2024","2024","ha","88892","I","Value imputed by a receiving agency",""
"QCL","Crops and livestock products","716","Zimbabwe","5510","Production","0142","Groundnuts, excluding shelled","2024","2024","t","36977","A","Official value",""
"QCL","Crops and livestock products","716","Zimbabwe","5510","Production","0231","Hen eggs in shell, fresh","2024","2024","t","49881.6","E","Estimated value",""
"QCL","Crops and livestock products","716","Zimbabwe","5513","Production","0231","Hen eggs in shell, fresh","2024","2024","1000 No","1039200","A","Official value",""
"QCL","Crops and livestock products","716","Zimbabwe","5312","Area harvested","01922.01","Jute, raw or retted","2024","2024","ha","4552","E","Estimated value",""
"QCL","Crops and livestock products","716","Zimbabwe","5510","Production","01922.01","Jute, raw or retted","2024","2024","t","2769.9","E","Estimated value",""
"QCL","Crops and livestock products","716","Zimbabwe","5312","Area harvested","01254","Leeks and other alliaceous vegetables","2024","2024","ha","34","E","Estimated value",""
"QCL","Crops and livestock products","716","Zimbabwe","5510","Production","01254","Leeks and other alliaceous vegetables","2024","2024","t","173.39","E","Estimated value",""
"QCL","Crops and livestock products","716","Zimbabwe","5312","Area harvested","01322","Lemons and limes","2024","2024","ha","1738","A","Official value",""
"QCL","Crops and livestock products","716","Zimbabwe","5510","Production","01322","Lemons and limes","2024","2024","t","72996","A","Official value",""
"QCL","Crops and livestock products","716","Zimbabwe","5312","Area harvested","01214","Lettuce and chicory","2024","2024","ha","32","E","Estimated value",""
"QCL","Crops and livestock products","716","Zimbabwe","5510","Production","01214","Lettuce and chicory","2024","2024","t","203.51","I","Value imputed by a receiving agency",""
"QCL","Crops and livestock products","716","Zimbabwe","5312","Area harvested","0112","Maize (corn)","2024","2024","ha","869536","A","Official value",""
"QCL","Crops and livestock products","716","Zimbabwe","5510","Production","0112","Maize (corn)","2024","2024","t","634699","A","Official value",""
"QCL","Crops and livestock products","716","Zimbabwe","5312","Area harvested","01316","Mangoes, guavas and mangosteens","2024","2024","ha","5261","I","Value imputed by a receiving agency",""
"QCL","Crops and livestock products","716","Zimbabwe","5510","Production","01316","Mangoes, guavas and mangosteens","2024","2024","t","153837.74","I","Value imputed by a receiving agency",""
"QCL","Crops and livestock products","716","Zimbabwe","5510","Production","21111.01","Meat of cattle with the bone, fresh or chilled","2024","2024","t","755211.44","I","Value imputed by a receiving agency",""
"QCL","Crops and livestock products","716","Zimbabwe","5510","Production","21121","Meat of chickens, fresh or chilled","2024","2024","t","108739.84","E","Estimated value",""
"QCL","Crops and livestock products","716","Zimbabwe","5510","Production","21122","Meat of ducks, fresh or chilled","2024","2024","t","45.58","I","Value imputed by a receiving agency",""
"QCL","Crops and livestock products","716","Zimbabwe","5510","Production","21116","Meat of goat, fresh or chilled","2024","2024","t","26088.6","I","Value imputed by a receiving agency",""
"QCL","Crops and livestock products","716","Zimbabwe","5510","Production","21113.01","Meat of pig with the bone, fresh or chilled","2024","2024","t","16739","A","Official value",""
"QCL","Crops and livestock products","716","Zimbabwe","5510","Production","21115","Meat of sheep, fresh or chilled","2024","2024","t","4924.2","E","Estimated value",""
"QCL","Crops and livestock products","716","Zimbabwe","5510","Production","21124","Meat of turkeys, fresh or chilled","2024","2024","t","148.61","I","Value imputed by a receiving agency",""
"QCL","Crops and livestock products","716","Zimbabwe","5312","Area harvested","0118","Millet","2024","2024","ha","85415","I","Value imputed by a receiving agency",""
"QCL","Crops and livestock products","716","Zimbabwe","5510","Production","0118","Millet","2024","2024","t","25047","A","Official value",""
"QCL","Crops and livestock products","716","Zimbabwe","5510","Production","01270","Mushrooms and truffles","2024","2024","t","948.13","I","Value imputed by a receiving agency",""
"QCL","Crops and livestock products","716","Zimbabwe","5312","Area harvested","0117","Oats","2024","2024","ha","302","I","Value imputed by a receiving agency",""
"QCL","Crops and livestock products","716","Zimbabwe","5510","Production","0117","Oats","2024","2024","t","625.65","I","Value imputed by a receiving agency",""
"QCL","Crops and livestock products","716","Zimbabwe","5312","Area harvested","01239.01","Okra","2024","2024","ha","3534","I","Value imputed by a receiving agency",""
"QCL","Crops and livestock products","716","Zimbabwe","5510","Production","01239.01","Okra","2024","2024","t","17686.37","I","Value imputed by a receiving agency",""
"QCL","Crops and livestock products","716","Zimbabwe","5312","Area harvested","01253.02","Onions and shallots, dry (excluding dehydrated)","2024","2024","ha","11036","A","Official value",""
"QCL","Crops and livestock products","716","Zimbabwe","5510","Production","01253.02","Onions and shallots, dry (excluding dehydrated)","2024","2024","t","309008","A","Official value",""
"QCL","Crops and livestock products","716","Zimbabwe","5312","Area harvested","01323","Oranges","2024","2024","ha","4631","A","Official value",""
"QCL","Crops and livestock products","716","Zimbabwe","5510","Production","01323","Oranges","2024","2024","t","203764","A","Official value",""
"QCL","Crops and livestock products","716","Zimbabwe","5312","Area harvested","01241.90","Other beans, green","2024","2024","ha","1010","E","Estimated value",""
"QCL","Crops and livestock products","716","Zimbabwe","5510","Production","01241.90","Other beans, green","2024","2024","t","3576.73","E","Estimated value",""
"QCL","Crops and livestock products","716","Zimbabwe","5312","Area harvested","01355.90","Other berries and fruits of the genus vaccinium n.e.c.","2024","2024","ha","9","I","Value imputed by a receiving agency",""
"QCL","Crops and livestock products","716","Zimbabwe","5510","Production","01355.90","Other berries and fruits of the genus vaccinium n.e.c.","2024","2024","t","40.93","I","Value imputed by a receiving agency",""
"QCL","Crops and livestock products","716","Zimbabwe","5312","Area harvested","01329","Other citrus fruit, n.e.c.","2024","2024","ha","108","E","Estimated value",""
"QCL","Crops and livestock products","716","Zimbabwe","5510","Production","01329","Other citrus fruit, n.e.c.","2024","2024","t","484.7","E","Estimated value",""
"QCL","Crops and livestock products","716","Zimbabwe","5312","Area harvested","01359.90","Other fruits, n.e.c.","2024","2024","ha","612","E","Estimated value",""
"QCL","Crops and livestock products","716","Zimbabwe","5510","Production","01359.90","Other fruits, n.e.c.","2024","2024","t","4063.91","E","Estimated value",""
"QCL","Crops and livestock products","716","Zimbabwe","5510","Production","21119.90","Other meat of mammals, fresh or chilled","2024","2024","t","1152.08","E","Estimated value",""
"QCL","Crops and livestock products","716","Zimbabwe","5312","Area harvested","01379.90","Other nuts (excluding wild edible nuts and groundnuts), in shell, n.e.c.","2024","2024","ha","9807","A","Official value",""
"QCL","Crops and livestock products","716","Zimbabwe","5510","Production","01379.90","Other nuts (excluding wild edible nuts and groundnuts), in shell, n.e.c.","2024","2024","t","50016","A","Official value",""
"QCL","Crops and livestock products","716","Zimbabwe","5312","Area harvested","01449.90","Other oil seeds, n.e.c.","2024","2024","ha","22561","E","Estimated value",""
"QCL","Crops and livestock products","716","Zimbabwe","5510","Production","01449.90","Other oil seeds, n.e.c.","2024","2024","t","12050.92","E","Estimated value",""
"QCL","Crops and livestock products","716","Zimbabwe","5312","Area harvested","01709.90","Other pulses n.e.c.","2024","2024","ha","5843","I","Value imputed by a receiving agency",""
"QCL","Crops and livestock products","716","Zimbabwe","5510","Production","01709.90","Other pulses n.e.c.","2024","2024","t","5076.1","E","Estimated value",""
"QCL","Crops and livestock products","716","Zimbabwe","5312","Area harvested","01699","Other stimulant, spice and aromatic crops, n.e.c.","2024","2024","ha","555","E","Estimated value",""
"QCL","Crops and livestock products","716","Zimbabwe","5510","Production","01699","Other stimulant, spice and aromatic crops, n.e.c.","2024","2024","t","558.35","I","Value imputed by a receiving agency",""
"QCL","Crops and livestock products","716","Zimbabwe","5312","Area harvested","01349.20","Other stone fruits","2024","2024","ha","14","I","Value imputed by a receiving agency",""
"QCL","Crops and livestock products","716","Zimbabwe","5510","Production","01349.20","Other stone fruits","2024","2024","t","79.76","I","Value imputed by a receiving agency",""
"QCL","Crops and livestock products","716","Zimbabwe","5312","Area harvested","01319","Other tropical fruits, n.e.c.","2024","2024","ha","191","E","Estimated value",""
"QCL","Crops and livestock products","716","Zimbabwe","5510","Production","01319","Other tropical fruits, n.e.c.","2024","2024","t","1336.23","E","Estimated value",""
"QCL","Crops and livestock products","716","Zimbabwe","5312","Area harvested","01290.90","Other vegetables, fresh n.e.c.","2024","2024","ha","8684","I","Value imputed by a receiving agency",""
"QCL","Crops and livestock products","716","Zimbabwe","5510","Production","01290.90","Other vegetables, fresh n.e.c.","2024","2024","t","351372.22","I","Value imputed by a receiving agency",""
"QCL","Crops and livestock products","716","Zimbabwe","5312","Area harvested","01317","Papayas","2024","2024","ha","13","E","Estimated value",""
"QCL","Crops and livestock products","716","Zimbabwe","5510","Production","01317","Papayas","2024","2024","t","44.26","I","Value imputed by a receiving agency",""
"QCL","Crops and livestock products","716","Zimbabwe","5312","Area harvested","01345","Peaches and nectarines","2024","2024","ha","356","A","Official value",""
"QCL","Crops and livestock products","716","Zimbabwe","5510","Production","01345","Peaches and nectarines","2024","2024","t","9612","A","Official value",""
"QCL","Crops and livestock products","716","Zimbabwe","5312","Area harvested","01342.01","Pears","2024","2024","ha","531","I","Value imputed by a receiving agency",""
"QCL","Crops and livestock products","716","Zimbabwe","5510","Production","01342.01","Pears","2024","2024","t","3507.98","I","Value imputed by a receiving agency",""
"QCL","Crops and livestock products","716","Zimbabwe","5312","Area harvested","01242","Peas, green","2024","2024","ha","431","A","Official value",""
"QCL","Crops and livestock products","716","Zimbabwe","5510","Production","01242","Peas, green","2024","2024","t","2586","A","Official value",""
"QCL","Crops and livestock products","716","Zimbabwe","5312","Area harvested","01651","Pepper (Piper spp.), raw","2024","2024","ha","1748","A","Official value",""
"QCL","Crops and livestock products","716","Zimbabwe","5510","Production","01651","Pepper (Piper spp.), raw","2024","2024","t","17480","A","Official value",""
"QCL","Crops and livestock products","716","Zimbabwe","5312","Area harvested","01318","Pineapples","2024","2024","ha","752","A","Official value",""
"QCL","Crops and livestock products","716","Zimbabwe","5510","Production","01318","Pineapples","2024","2024","t","11280","A","Official value",""
"QCL","Crops and livestock products","716","Zimbabwe","5312","Area harvested","01346","Plums and sloes","2024","2024","ha","86","E","Estimated value",""
"QCL","Crops and livestock products","716","Zimbabwe","5510","Production","01346","Plums and sloes","2024","2024","t","274.87","E","Estimated value",""
"QCL","Crops and livestock products","716","Zimbabwe","5312","Area harvested","01321","Pomelos and grapefruits","2024","2024","ha","982","I","Value imputed by a receiving agency",""
"QCL","Crops and livestock products","716","Zimbabwe","5510","Production","01321","Pomelos and grapefruits","2024","2024","t","9283.72","E","Estimated value",""
"QCL","Crops and livestock products","716","Zimbabwe","5312","Area harvested","01510","Potatoes","2024","2024","ha","24053","A","Official value",""
"QCL","Crops and livestock products","716","Zimbabwe","5510","Production","01510","Potatoes","2024","2024","t","673484","A","Official value",""
"QCL","Crops and livestock products","716","Zimbabwe","5312","Area harvested","01235","Pumpkins, squash and gourds","2024","2024","ha","14749","I","Value imputed by a receiving agency",""
"QCL","Crops and livestock products","716","Zimbabwe","5510","Production","01235","Pumpkins, squash and gourds","2024","2024","t","269968.28","I","Value imputed by a receiving agency",""
"QCL","Crops and livestock products","716","Zimbabwe","5312","Area harvested","01353.01","Raspberries","2024","2024","ha","48","I","Value imputed by a receiving agency",""
"QCL","Crops and livestock products","716","Zimbabwe","5510","Production","01353.01","Raspberries","2024","2024","t","98.61","I","Value imputed by a receiving agency",""
"QCL","Crops and livestock products","716","Zimbabwe","5510","Production","02951.01","Raw hides and skins of cattle","2024","2024","t","86309.88","I","Value imputed by a receiving agency",""
"QCL","Crops and livestock products","716","Zimbabwe","5510","Production","02954","Raw hides and skins of goats or kids","2024","2024","t","4330.71","I","Value imputed by a receiving agency",""
"QCL","Crops and livestock products","716","Zimbabwe","5510","Production","02953","Raw hides and skins of sheep or lambs","2024","2024","t","699.24","I","Value imputed by a receiving agency",""
"QCL","Crops and livestock products","716","Zimbabwe","5510","Production","02211","Raw milk of cattle","2024","2024","t","442747.55","I","Value imputed by a receiving agency",""
"QCL","Crops and livestock products","716","Zimbabwe","5312","Area harvested","0113","Rice","2024","2024","ha","224","A","Official value",""
"QCL","Crops and livestock products","716","Zimbabwe","5510","Production","0113","Rice","2024","2024","t","73.5","A","Official value",""
"QCL","Crops and livestock products","716","Zimbabwe","5312","Area harvested","01921.01","Seed cotton, unginned","2024","2024","ha","154698","A","Official value",""
"QCL","Crops and livestock products","716","Zimbabwe","5510","Production","01921.01","Seed cotton, unginned","2024","2024","t","211573.47","I","Value imputed by a receiving agency",""
"QCL","Crops and livestock products","716","Zimbabwe","5312","Area harvested","01444","Sesame seed","2024","2024","ha","24444","I","Value imputed by a receiving agency",""
"QCL","Crops and livestock products","716","Zimbabwe","5510","Production","01444","Sesame seed","2024","2024","t","11506.64","I","Value imputed by a receiving agency",""
"QCL","Crops and livestock products","716","Zimbabwe","5510","Production","21514","Sheep fat, unrendered","2024","2024","t","137.88","I","Value imputed by a receiving agency",""
"QCL","Crops and livestock products","716","Zimbabwe","5510","Production","02941","Shorn wool, greasy, including fleece-washed shorn wool","2024","2024","t","2695.67","E","Estimated value",""
"QCL","Crops and livestock products","716","Zimbabwe","5312","Area harvested","0114","Sorghum","2024","2024","ha","175839","I","Value imputed by a receiving agency",""
"QCL","Crops and livestock products","716","Zimbabwe","5510","Production","0114","Sorghum","2024","2024","t","82063","A","Official value",""
"QCL","Crops and livestock products","716","Zimbabwe","5312","Area harvested","0141","Soya beans","2024","2024","ha","37658","A","Official value",""
"QCL","Crops and livestock products","716","Zimbabwe","5510","Production","0141","Soya beans","2024","2024","t","69291","A","Official value",""
"QCL","Crops and livestock products","716","Zimbabwe","5312","Area harvested","01354","Strawberries","2024","2024","ha","50","I","Value imputed by a receiving agency",""
"QCL","Crops and livestock products","716","Zimbabwe","5510","Production","01354","Strawberries","2024","2024","t","231.83","I","Value imputed by a receiving agency",""
"QCL","Crops and livestock products","716","Zimbabwe","5312","Area harvested","01802","Sugar cane","2024","2024","ha","79728","A","Official value",""
"QCL","Crops and livestock products","716","Zimbabwe","5510","Production","01802","Sugar cane","2024","2024","t","6617424","A","Official value",""
"QCL","Crops and livestock products","716","Zimbabwe","5312","Area harvested","01445","Sunflower seed","2024","2024","ha","20569","I","Value imputed by a receiving agency",""
"QCL","Crops and livestock products","716","Zimbabwe","5510","Production","01445","Sunflower seed","2024","2024","t","9602","A","Official value",""
"QCL","Crops and livestock products","716","Zimbabwe","5312","Area harvested","01530","Sweet potatoes","2024","2024","ha","28137","A","Official value",""
"QCL","Crops and livestock products","716","Zimbabwe","5510","Production","01530","Sweet potatoes","2024","2024","t","215604","A","Official value",""
"QCL","Crops and livestock products","716","Zimbabwe","5312","Area harvested","01324","Tangerines, mandarins, clementines","2024","2024","ha","1762","E","Estimated value",""
"QCL","Crops and livestock products","716","Zimbabwe","5510","Production","01324","Tangerines, mandarins, clementines","2024","2024","t","13450.94","E","Estimated value",""
"QCL","Crops and livestock products","716","Zimbabwe","5312","Area harvested","01620","Tea leaves","2024","2024","ha","4868","A","Official value",""
"QCL","Crops and livestock products","716","Zimbabwe","5510","Production","01620","Tea leaves","2024","2024","t","54273.67","I","Value imputed by a receiving agency",""
"QCL","Crops and livestock products","716","Zimbabwe","5312","Area harvested","01234","Tomatoes","2024","2024","ha","12763","A","Official value",""
"QCL","Crops and livestock products","716","Zimbabwe","5510","Production","01234","Tomatoes","2024","2024","t","395653","A","Official value",""
"QCL","Crops and livestock products","716","Zimbabwe","5312","Area harvested","01970","Unmanufactured tobacco","2024","2024","ha","136126","A","Official value",""
"QCL","Crops and livestock products","716","Zimbabwe","5510","Production","01970","Unmanufactured tobacco","2024","2024","t","236815","A","Official value",""
"QCL","Crops and livestock products","716","Zimbabwe","5312","Area harvested","01658","Vanilla, raw","2024","2024","ha","23","E","Estimated value",""
"QCL","Crops and livestock products","716","Zimbabwe","5510","Production","01658","Vanilla, raw","2024","2024","t","9.91","E","Estimated value",""
"QCL","Crops and livestock products","716","Zimbabwe","5312","Area harvested","01221","Watermelons","2024","2024","ha","3194","A","Official value",""
"QCL","Crops and livestock products","716","Zimbabwe","5510","Production","01221","Watermelons","2024","2024","t","143730","A","Official value",""
"QCL","Crops and livestock products","716","Zimbabwe","5312","Area harvested","0111","Wheat","2024","2024","ha","111044","I","Value imputed by a receiving agency",""
"QCL","Crops and livestock products","716","Zimbabwe","5510","Production","0111","Wheat","2024","2024","t","540000","X","Value from external organization","Unofficial figure"
